2025-06-14 14:57:31: Not Found: /accounts/filter-users/1464395537/
2025-06-14 14:58:24: [2025-06-14 14:58:24 +0000] [175419] [INFO] Handling signal: int
2025-06-14 14:58:24: [2025-06-14 14:58:24 +0000] [175446] [INFO] Worker exiting (pid: 175446)
2025-06-14 14:58:24: [2025-06-14 14:58:24 +0000] [175453] [INFO] Worker exiting (pid: 175453)
2025-06-14 14:58:24: [2025-06-14 14:58:24 +0000] [175451] [INFO] Worker exiting (pid: 175451)
2025-06-14 14:58:25: [2025-06-14 14:58:25 +0000] [175419] [INFO] Shutting down: Master
2025-06-14 14:58:25: [2025-06-14 14:58:25 +0000] [175647] [INFO] Starting gunicorn 23.0.0
2025-06-14 14:58:25: [2025-06-14 14:58:25 +0000] [175647] [INFO] Listening at: http://0.0.0.0:8000 (175647)
2025-06-14 14:58:25: [2025-06-14 14:58:25 +0000] [175647] [INFO] Using worker: sync
2025-06-14 14:58:25: [2025-06-14 14:58:25 +0000] [175675] [INFO] Booting worker with pid: 175675
2025-06-14 14:58:25: [2025-06-14 14:58:25 +0000] [175676] [INFO] Booting worker with pid: 175676
2025-06-14 14:58:25: [2025-06-14 14:58:25 +0000] [175679] [INFO] Booting worker with pid: 175679
2025-06-14 14:58:43: Not Found: /accounts/filter-users/1464395537/
2025-06-14 15:00:14: [2025-06-14 15:00:14 +0000] [175647] [INFO] Handling signal: int
2025-06-14 15:00:14: [2025-06-14 15:00:14 +0000] [175679] [INFO] Worker exiting (pid: 175679)
2025-06-14 15:00:14: [2025-06-14 15:00:14 +0000] [175676] [INFO] Worker exiting (pid: 175676)
2025-06-14 15:00:14: [2025-06-14 15:00:14 +0000] [175675] [INFO] Worker exiting (pid: 175675)
2025-06-14 15:00:15: [2025-06-14 15:00:15 +0000] [175647] [INFO] Shutting down: Master
2025-06-14 15:00:16: [2025-06-14 15:00:16 +0000] [175875] [INFO] Starting gunicorn 23.0.0
2025-06-14 15:00:16: [2025-06-14 15:00:16 +0000] [175875] [INFO] Listening at: http://0.0.0.0:8000 (175875)
2025-06-14 15:00:16: [2025-06-14 15:00:16 +0000] [175875] [INFO] Using worker: sync
2025-06-14 15:00:16: [2025-06-14 15:00:16 +0000] [175901] [INFO] Booting worker with pid: 175901
2025-06-14 15:00:16: [2025-06-14 15:00:16 +0000] [175905] [INFO] Booting worker with pid: 175905
2025-06-14 15:00:16: [2025-06-14 15:00:16 +0000] [175908] [INFO] Booting worker with pid: 175908
2025-06-14 15:00:32: Internal Server Error: /posts/edit/1/
2025-06-14 15:00:32: Traceback (most recent call last):
2025-06-14 15:00:32:   File "/root/selambingo3/venv/lib/python3.8/site-packages/django/core/handlers/exception.py", line 55, in inner
2025-06-14 15:00:32:     response = get_response(request)
2025-06-14 15:00:32:   File "/root/selambingo3/venv/lib/python3.8/site-packages/django/core/handlers/base.py", line 197, in _get_response
2025-06-14 15:00:32:     response = wrapped_callback(request, *callback_args, **callback_kwargs)
2025-06-14 15:00:32:   File "/root/selambingo3/posts/views.py", line 18, in post_edit
2025-06-14 15:00:32:     return render(request, 'posts/post_edit.html', {'post': post})
2025-06-14 15:00:32:   File "/root/selambingo3/venv/lib/python3.8/site-packages/django/shortcuts.py", line 24, in render
2025-06-14 15:00:32:     content = loader.render_to_string(template_name, context, request, using=using)
2025-06-14 15:00:32:   File "/root/selambingo3/venv/lib/python3.8/site-packages/django/template/loader.py", line 61, in render_to_string
2025-06-14 15:00:32:     template = get_template(template_name, using=using)
2025-06-14 15:00:32:   File "/root/selambingo3/venv/lib/python3.8/site-packages/django/template/loader.py", line 19, in get_template
2025-06-14 15:00:32:     raise TemplateDoesNotExist(template_name, chain=chain)
2025-06-14 15:00:32: django.template.exceptions.TemplateDoesNotExist: posts/post_edit.html
2025-06-14 15:00:50: Not Found: /accounts/filter-users/7088770429/
2025-06-14 15:00:50: Not Found: /accounts/filter-users/6844033886/
2025-06-14 15:00:55: Bad Request: /accounts/register/
2025-06-14 15:01:01: Bad Request: /payments/balance/
2025-06-14 15:01:13: Bad Request: /accounts/register/
2025-06-14 15:01:33: Internal Server Error: /payments/wallet/add-balance/
2025-06-14 15:01:33: Traceback (most recent call last):
2025-06-14 15:01:33:   File "/root/selambingo3/venv/lib/python3.8/site-packages/django/db/models/fields/__init__.py", line 2055, in get_prep_value
2025-06-14 15:01:33:     return int(value)
2025-06-14 15:01:33: ValueError: invalid literal for int() with base 10: 'add-balance'
2025-06-14 15:01:33: 
2025-06-14 15:01:33: The above exception was the direct cause of the following exception:
2025-06-14 15:01:33: 
2025-06-14 15:01:33: Traceback (most recent call last):
2025-06-14 15:01:33:   File "/root/selambingo3/venv/lib/python3.8/site-packages/django/core/handlers/exception.py", line 55, in inner
2025-06-14 15:01:33:     response = get_response(request)
2025-06-14 15:01:33:   File "/root/selambingo3/venv/lib/python3.8/site-packages/django/core/handlers/base.py", line 197, in _get_response
2025-06-14 15:01:33:     response = wrapped_callback(request, *callback_args, **callback_kwargs)
2025-06-14 15:01:33:   File "/root/selambingo3/venv/lib/python3.8/site-packages/django/views/decorators/csrf.py", line 56, in wrapper_view
2025-06-14 15:01:33:     return view_func(*args, **kwargs)
2025-06-14 15:01:33:   File "/root/selambingo3/payments/views.py", line 37, in get_wallet
2025-06-14 15:01:33:     telegram_user = TelegramUser.objects.filter(telegram_id=user_id).first()
2025-06-14 15:01:33:   File "/root/selambingo3/venv/lib/python3.8/site-packages/django/db/models/manager.py", line 87, in manager_method
2025-06-14 15:01:33:     return getattr(self.get_queryset(), name)(*args, **kwargs)
2025-06-14 15:01:33:   File "/root/selambingo3/venv/lib/python3.8/site-packages/django/db/models/query.py", line 1436, in filter
2025-06-14 15:01:33:     return self._filter_or_exclude(False, args, kwargs)
2025-06-14 15:01:33:   File "/root/selambingo3/venv/lib/python3.8/site-packages/django/db/models/query.py", line 1454, in _filter_or_exclude
2025-06-14 15:01:33:     clone._filter_or_exclude_inplace(negate, args, kwargs)
2025-06-14 15:01:33:   File "/root/selambingo3/venv/lib/python3.8/site-packages/django/db/models/query.py", line 1461, in _filter_or_exclude_inplace
2025-06-14 15:01:33:     self._query.add_q(Q(*args, **kwargs))
2025-06-14 15:01:33:   File "/root/selambingo3/venv/lib/python3.8/site-packages/django/db/models/sql/query.py", line 1498, in add_q
2025-06-14 15:01:33:     clause, _ = self._add_q(q_object, self.used_aliases)
2025-06-14 15:01:33:   File "/root/selambingo3/venv/lib/python3.8/site-packages/django/db/models/sql/query.py", line 1529, in _add_q
2025-06-14 15:01:33:     child_clause, needed_inner = self.build_filter(
2025-06-14 15:01:33:   File "/root/selambingo3/venv/lib/python3.8/site-packages/django/db/models/sql/query.py", line 1444, in build_filter
2025-06-14 15:01:33:     condition = self.build_lookup(lookups, col, value)
2025-06-14 15:01:33:   File "/root/selambingo3/venv/lib/python3.8/site-packages/django/db/models/sql/query.py", line 1271, in build_lookup
2025-06-14 15:01:33:     lookup = lookup_class(lhs, rhs)
2025-06-14 15:01:33:   File "/root/selambingo3/venv/lib/python3.8/site-packages/django/db/models/lookups.py", line 27, in __init__
2025-06-14 15:01:33:     self.rhs = self.get_prep_lookup()
2025-06-14 15:01:33:   File "/root/selambingo3/venv/lib/python3.8/site-packages/django/db/models/lookups.py", line 341, in get_prep_lookup
2025-06-14 15:01:33:     return super().get_prep_lookup()
2025-06-14 15:01:33:   File "/root/selambingo3/venv/lib/python3.8/site-packages/django/db/models/lookups.py", line 85, in get_prep_lookup
2025-06-14 15:01:33:     return self.lhs.output_field.get_prep_value(self.rhs)
2025-06-14 15:01:33:   File "/root/selambingo3/venv/lib/python3.8/site-packages/django/db/models/fields/__init__.py", line 2057, in get_prep_value
2025-06-14 15:01:33:     raise e.__class__(
2025-06-14 15:01:33: ValueError: Field 'telegram_id' expected a number but got 'add-balance'.
2025-06-14 15:01:40: [2025-06-14 15:01:40 +0000] [175875] [INFO] Handling signal: int
2025-06-14 15:01:40: [2025-06-14 15:01:40 +0000] [175905] [INFO] Worker exiting (pid: 175905)
2025-06-14 15:01:40: [2025-06-14 15:01:40 +0000] [175901] [INFO] Worker exiting (pid: 175901)
2025-06-14 15:01:40: [2025-06-14 15:01:40 +0000] [175908] [INFO] Worker exiting (pid: 175908)
2025-06-14 15:01:41: [2025-06-14 15:01:41 +0000] [175875] [INFO] Shutting down: Master
2025-06-14 15:01:41: [2025-06-14 15:01:41 +0000] [176118] [INFO] Starting gunicorn 23.0.0
2025-06-14 15:01:41: [2025-06-14 15:01:41 +0000] [176118] [INFO] Listening at: http://0.0.0.0:8000 (176118)
2025-06-14 15:01:41: [2025-06-14 15:01:41 +0000] [176118] [INFO] Using worker: sync
2025-06-14 15:01:41: [2025-06-14 15:01:41 +0000] [176148] [INFO] Booting worker with pid: 176148
2025-06-14 15:01:42: [2025-06-14 15:01:41 +0000] [176149] [INFO] Booting worker with pid: 176149
2025-06-14 15:01:42: [2025-06-14 15:01:42 +0000] [176150] [INFO] Booting worker with pid: 176150
2025-06-14 15:02:21: Not Found: /accounts/filter-users/7069233271/
2025-06-14 15:02:31: Internal Server Error: /payments/wallet/add-balance/
2025-06-14 15:02:31: Traceback (most recent call last):
2025-06-14 15:02:31:   File "/root/selambingo3/venv/lib/python3.8/site-packages/django/db/models/fields/__init__.py", line 2055, in get_prep_value
2025-06-14 15:02:31:     return int(value)
2025-06-14 15:02:31: ValueError: invalid literal for int() with base 10: 'add-balance'
2025-06-14 15:02:31: 
2025-06-14 15:02:31: The above exception was the direct cause of the following exception:
2025-06-14 15:02:31: 
2025-06-14 15:02:31: Traceback (most recent call last):
2025-06-14 15:02:31:   File "/root/selambingo3/venv/lib/python3.8/site-packages/django/core/handlers/exception.py", line 55, in inner
2025-06-14 15:02:31:     response = get_response(request)
2025-06-14 15:02:31:   File "/root/selambingo3/venv/lib/python3.8/site-packages/django/core/handlers/base.py", line 197, in _get_response
2025-06-14 15:02:31:     response = wrapped_callback(request, *callback_args, **callback_kwargs)
2025-06-14 15:02:31:   File "/root/selambingo3/venv/lib/python3.8/site-packages/django/views/decorators/csrf.py", line 56, in wrapper_view
2025-06-14 15:02:31:     return view_func(*args, **kwargs)
2025-06-14 15:02:31:   File "/root/selambingo3/payments/views.py", line 37, in get_wallet
2025-06-14 15:02:31:     telegram_user = TelegramUser.objects.filter(telegram_id=user_id).first()
2025-06-14 15:02:31:   File "/root/selambingo3/venv/lib/python3.8/site-packages/django/db/models/manager.py", line 87, in manager_method
2025-06-14 15:02:31:     return getattr(self.get_queryset(), name)(*args, **kwargs)
2025-06-14 15:02:31:   File "/root/selambingo3/venv/lib/python3.8/site-packages/django/db/models/query.py", line 1436, in filter
2025-06-14 15:02:31:     return self._filter_or_exclude(False, args, kwargs)
2025-06-14 15:02:31:   File "/root/selambingo3/venv/lib/python3.8/site-packages/django/db/models/query.py", line 1454, in _filter_or_exclude
2025-06-14 15:02:31:     clone._filter_or_exclude_inplace(negate, args, kwargs)
2025-06-14 15:02:31:   File "/root/selambingo3/venv/lib/python3.8/site-packages/django/db/models/query.py", line 1461, in _filter_or_exclude_inplace
2025-06-14 15:02:31:     self._query.add_q(Q(*args, **kwargs))
2025-06-14 15:02:31:   File "/root/selambingo3/venv/lib/python3.8/site-packages/django/db/models/sql/query.py", line 1498, in add_q
2025-06-14 15:02:31:     clause, _ = self._add_q(q_object, self.used_aliases)
2025-06-14 15:02:31:   File "/root/selambingo3/venv/lib/python3.8/site-packages/django/db/models/sql/query.py", line 1529, in _add_q
2025-06-14 15:02:31:     child_clause, needed_inner = self.build_filter(
2025-06-14 15:02:31:   File "/root/selambingo3/venv/lib/python3.8/site-packages/django/db/models/sql/query.py", line 1444, in build_filter
2025-06-14 15:02:31:     condition = self.build_lookup(lookups, col, value)
2025-06-14 15:02:31:   File "/root/selambingo3/venv/lib/python3.8/site-packages/django/db/models/sql/query.py", line 1271, in build_lookup
2025-06-14 15:02:31:     lookup = lookup_class(lhs, rhs)
2025-06-14 15:02:31:   File "/root/selambingo3/venv/lib/python3.8/site-packages/django/db/models/lookups.py", line 27, in __init__
2025-06-14 15:02:31:     self.rhs = self.get_prep_lookup()
2025-06-14 15:02:31:   File "/root/selambingo3/venv/lib/python3.8/site-packages/django/db/models/lookups.py", line 341, in get_prep_lookup
2025-06-14 15:02:31:     return super().get_prep_lookup()
2025-06-14 15:02:31:   File "/root/selambingo3/venv/lib/python3.8/site-packages/django/db/models/lookups.py", line 85, in get_prep_lookup
2025-06-14 15:02:31:     return self.lhs.output_field.get_prep_value(self.rhs)
2025-06-14 15:02:31:   File "/root/selambingo3/venv/lib/python3.8/site-packages/django/db/models/fields/__init__.py", line 2057, in get_prep_value
2025-06-14 15:02:31:     raise e.__class__(
2025-06-14 15:02:31: ValueError: Field 'telegram_id' expected a number but got 'add-balance'.
2025-06-14 15:02:44: Invalid HTTP_HOST header: '188.245.75.205:8000'. You may need to add '188.245.75.205' to ALLOWED_HOSTS.
2025-06-14 15:02:44: Traceback (most recent call last):
2025-06-14 15:02:44:   File "/root/selambingo3/venv/lib/python3.8/site-packages/django/core/handlers/exception.py", line 55, in inner
2025-06-14 15:02:44:     response = get_response(request)
2025-06-14 15:02:44:   File "/root/selambingo3/venv/lib/python3.8/site-packages/django/utils/deprecation.py", line 133, in __call__
2025-06-14 15:02:44:     response = self.process_request(request)
2025-06-14 15:02:44:   File "/root/selambingo3/venv/lib/python3.8/site-packages/django/middleware/common.py", line 48, in process_request
2025-06-14 15:02:44:     host = request.get_host()
2025-06-14 15:02:44:   File "/root/selambingo3/venv/lib/python3.8/site-packages/django/http/request.py", line 167, in get_host
2025-06-14 15:02:44:     raise DisallowedHost(msg)
2025-06-14 15:02:44: django.core.exceptions.DisallowedHost: Invalid HTTP_HOST header: '188.245.75.205:8000'. You may need to add '188.245.75.205' to ALLOWED_HOSTS.
2025-06-14 15:02:44: Bad Request: /
2025-06-14 15:02:54: Not Found: /accounts/filter-users/6844033886/
2025-06-14 15:02:57: Bad Request: /accounts/register/
2025-06-14 15:04:07: Not Found: /accounts/filter-users/5172615088/
2025-06-14 15:04:21: Not Found: /accounts/filter-users/7689314790/
2025-06-14 15:08:15: Not Found: /accounts/filter-users/7223644775/
2025-06-14 15:10:25: Not Found: /accounts/filter-users/5172615088/
2025-06-14 15:11:15: Bad Request: /payments/balance/
2025-06-14 15:11:18: Not Found: /accounts/filter-users/5172615088/
2025-06-14 15:12:00: Bad Request: /payments/balance/
2025-06-14 15:12:03: Not Found: /accounts/filter-users/5172615088/
2025-06-14 15:12:51: Bad Request: /payments/balance/
2025-06-14 15:12:52: Not Found: /accounts/filter-users/5172615088/
2025-06-14 15:25:42: Bad Request: /payments/balance/
2025-06-14 15:25:45: Not Found: /accounts/filter-users/5172615088/
2025-06-14 15:25:47: Not Found: /accounts/filter-users/5172615088/
2025-06-14 15:32:06: Bad Request: /accounts/register/
2025-06-14 15:38:04: Not Found: /accounts/filter-users/7595924845/
2025-06-14 15:39:21: Internal Server Error: /payments/wallet/add-balance/
2025-06-14 15:39:21: Traceback (most recent call last):
2025-06-14 15:39:21:   File "/root/selambingo3/venv/lib/python3.8/site-packages/django/db/models/fields/__init__.py", line 2055, in get_prep_value
2025-06-14 15:39:21:     return int(value)
2025-06-14 15:39:21: ValueError: invalid literal for int() with base 10: 'add-balance'
2025-06-14 15:39:21: 
2025-06-14 15:39:21: The above exception was the direct cause of the following exception:
2025-06-14 15:39:21: 
2025-06-14 15:39:21: Traceback (most recent call last):
2025-06-14 15:39:21:   File "/root/selambingo3/venv/lib/python3.8/site-packages/django/core/handlers/exception.py", line 55, in inner
2025-06-14 15:39:21:     response = get_response(request)
2025-06-14 15:39:21:   File "/root/selambingo3/venv/lib/python3.8/site-packages/django/core/handlers/base.py", line 197, in _get_response
2025-06-14 15:39:21:     response = wrapped_callback(request, *callback_args, **callback_kwargs)
2025-06-14 15:39:21:   File "/root/selambingo3/venv/lib/python3.8/site-packages/django/views/decorators/csrf.py", line 56, in wrapper_view
2025-06-14 15:39:21:     return view_func(*args, **kwargs)
2025-06-14 15:39:21:   File "/root/selambingo3/payments/views.py", line 37, in get_wallet
2025-06-14 15:39:21:     telegram_user = TelegramUser.objects.filter(telegram_id=user_id).first()
2025-06-14 15:39:21:   File "/root/selambingo3/venv/lib/python3.8/site-packages/django/db/models/manager.py", line 87, in manager_method
2025-06-14 15:39:21:     return getattr(self.get_queryset(), name)(*args, **kwargs)
2025-06-14 15:39:21:   File "/root/selambingo3/venv/lib/python3.8/site-packages/django/db/models/query.py", line 1436, in filter
2025-06-14 15:39:21:     return self._filter_or_exclude(False, args, kwargs)
2025-06-14 15:39:21:   File "/root/selambingo3/venv/lib/python3.8/site-packages/django/db/models/query.py", line 1454, in _filter_or_exclude
2025-06-14 15:39:21:     clone._filter_or_exclude_inplace(negate, args, kwargs)
2025-06-14 15:39:21:   File "/root/selambingo3/venv/lib/python3.8/site-packages/django/db/models/query.py", line 1461, in _filter_or_exclude_inplace
2025-06-14 15:39:21:     self._query.add_q(Q(*args, **kwargs))
2025-06-14 15:39:21:   File "/root/selambingo3/venv/lib/python3.8/site-packages/django/db/models/sql/query.py", line 1498, in add_q
2025-06-14 15:39:21:     clause, _ = self._add_q(q_object, self.used_aliases)
2025-06-14 15:39:21:   File "/root/selambingo3/venv/lib/python3.8/site-packages/django/db/models/sql/query.py", line 1529, in _add_q
2025-06-14 15:39:21:     child_clause, needed_inner = self.build_filter(
2025-06-14 15:39:21:   File "/root/selambingo3/venv/lib/python3.8/site-packages/django/db/models/sql/query.py", line 1444, in build_filter
2025-06-14 15:39:21:     condition = self.build_lookup(lookups, col, value)
2025-06-14 15:39:21:   File "/root/selambingo3/venv/lib/python3.8/site-packages/django/db/models/sql/query.py", line 1271, in build_lookup
2025-06-14 15:39:21:     lookup = lookup_class(lhs, rhs)
2025-06-14 15:39:21:   File "/root/selambingo3/venv/lib/python3.8/site-packages/django/db/models/lookups.py", line 27, in __init__
2025-06-14 15:39:21:     self.rhs = self.get_prep_lookup()
2025-06-14 15:39:21:   File "/root/selambingo3/venv/lib/python3.8/site-packages/django/db/models/lookups.py", line 341, in get_prep_lookup
2025-06-14 15:39:21:     return super().get_prep_lookup()
2025-06-14 15:39:21:   File "/root/selambingo3/venv/lib/python3.8/site-packages/django/db/models/lookups.py", line 85, in get_prep_lookup
2025-06-14 15:39:21:     return self.lhs.output_field.get_prep_value(self.rhs)
2025-06-14 15:39:21:   File "/root/selambingo3/venv/lib/python3.8/site-packages/django/db/models/fields/__init__.py", line 2057, in get_prep_value
2025-06-14 15:39:21:     raise e.__class__(
2025-06-14 15:39:21: ValueError: Field 'telegram_id' expected a number but got 'add-balance'.
2025-06-14 15:39:45: Bad Request: /accounts/register/
2025-06-14 15:39:48: Bad Request: /payments/balance/
2025-06-14 15:39:49: Not Found: /accounts/filter-users/6844033886/
2025-06-14 15:39:55: Bad Request: /payments/balance/
2025-06-14 15:40:22: Bad Request: /payments/balance/
2025-06-14 15:40:26: [2025-06-14 15:40:26 +0000] [176118] [INFO] Handling signal: int
2025-06-14 15:40:26: [2025-06-14 15:40:26 +0000] [176148] [INFO] Worker exiting (pid: 176148)
2025-06-14 15:40:26: [2025-06-14 15:40:26 +0000] [176149] [INFO] Worker exiting (pid: 176149)
2025-06-14 15:40:26: [2025-06-14 15:40:26 +0000] [176150] [INFO] Worker exiting (pid: 176150)
2025-06-14 15:40:28: [2025-06-14 15:40:28 +0000] [176118] [INFO] Shutting down: Master
2025-06-14 15:40:28: [2025-06-14 15:40:28 +0000] [178039] [INFO] Starting gunicorn 23.0.0
2025-06-14 15:40:28: [2025-06-14 15:40:28 +0000] [178039] [INFO] Listening at: http://0.0.0.0:8000 (178039)
2025-06-14 15:40:28: [2025-06-14 15:40:28 +0000] [178039] [INFO] Using worker: sync
2025-06-14 15:40:28: [2025-06-14 15:40:28 +0000] [178073] [INFO] Booting worker with pid: 178073
2025-06-14 15:40:28: [2025-06-14 15:40:28 +0000] [178074] [INFO] Booting worker with pid: 178074
2025-06-14 15:40:28: [2025-06-14 15:40:28 +0000] [178075] [INFO] Booting worker with pid: 178075
2025-06-14 15:40:40: Bad Request: /payments/balance/
2025-06-14 15:40:58: Internal Server Error: /support/admin-dashboard/
2025-06-14 15:40:58: Traceback (most recent call last):
2025-06-14 15:40:58:   File "/root/selambingo3/venv/lib/python3.8/site-packages/django/core/handlers/exception.py", line 55, in inner
2025-06-14 15:40:58:     response = get_response(request)
2025-06-14 15:40:58:   File "/root/selambingo3/venv/lib/python3.8/site-packages/django/core/handlers/base.py", line 197, in _get_response
2025-06-14 15:40:58:     response = wrapped_callback(request, *callback_args, **callback_kwargs)
2025-06-14 15:40:58:   File "/root/selambingo3/venv/lib/python3.8/site-packages/django/contrib/auth/decorators.py", line 23, in _wrapper_view
2025-06-14 15:40:58:     return view_func(request, *args, **kwargs)
2025-06-14 15:40:58:   File "/root/selambingo3/support/views.py", line 203, in admin_dashboard
2025-06-14 15:40:58:     return render(request, 'support/admin_dashboard.html', context)
2025-06-14 15:40:58:   File "/root/selambingo3/venv/lib/python3.8/site-packages/django/shortcuts.py", line 24, in render
2025-06-14 15:40:58:     content = loader.render_to_string(template_name, context, request, using=using)
2025-06-14 15:40:58:   File "/root/selambingo3/venv/lib/python3.8/site-packages/django/template/loader.py", line 62, in render_to_string
2025-06-14 15:40:58:     return template.render(context, request)
2025-06-14 15:40:58:   File "/root/selambingo3/venv/lib/python3.8/site-packages/django/template/backends/django.py", line 61, in render
2025-06-14 15:40:58:     return self.template.render(context)
2025-06-14 15:40:58:   File "/root/selambingo3/venv/lib/python3.8/site-packages/django/template/base.py", line 175, in render
2025-06-14 15:40:58:     return self._render(context)
2025-06-14 15:40:58:   File "/root/selambingo3/venv/lib/python3.8/site-packages/django/template/base.py", line 167, in _render
2025-06-14 15:40:58:     return self.nodelist.render(context)
2025-06-14 15:40:58:   File "/root/selambingo3/venv/lib/python3.8/site-packages/django/template/base.py", line 1005, in render
2025-06-14 15:40:58:     return SafeString("".join([node.render_annotated(context) for node in self]))
2025-06-14 15:40:58:   File "/root/selambingo3/venv/lib/python3.8/site-packages/django/template/base.py", line 1005, in <listcomp>
2025-06-14 15:40:58:     return SafeString("".join([node.render_annotated(context) for node in self]))
2025-06-14 15:40:58:   File "/root/selambingo3/venv/lib/python3.8/site-packages/django/template/base.py", line 966, in render_annotated
2025-06-14 15:40:58:     return self.render(context)
2025-06-14 15:40:58:   File "/root/selambingo3/venv/lib/python3.8/site-packages/django/template/loader_tags.py", line 157, in render
2025-06-14 15:40:58:     return compiled_parent._render(context)
2025-06-14 15:40:58:   File "/root/selambingo3/venv/lib/python3.8/site-packages/django/template/base.py", line 167, in _render
2025-06-14 15:40:58:     return self.nodelist.render(context)
2025-06-14 15:40:58:   File "/root/selambingo3/venv/lib/python3.8/site-packages/django/template/base.py", line 1005, in render
2025-06-14 15:40:58:     return SafeString("".join([node.render_annotated(context) for node in self]))
2025-06-14 15:40:58:   File "/root/selambingo3/venv/lib/python3.8/site-packages/django/template/base.py", line 1005, in <listcomp>
2025-06-14 15:40:58:     return SafeString("".join([node.render_annotated(context) for node in self]))
2025-06-14 15:40:58:   File "/root/selambingo3/venv/lib/python3.8/site-packages/django/template/base.py", line 966, in render_annotated
2025-06-14 15:40:58:     return self.render(context)
2025-06-14 15:40:58:   File "/root/selambingo3/venv/lib/python3.8/site-packages/django/template/loader_tags.py", line 63, in render
2025-06-14 15:40:58:     result = block.nodelist.render(context)
2025-06-14 15:40:58:   File "/root/selambingo3/venv/lib/python3.8/site-packages/django/template/base.py", line 1005, in render
2025-06-14 15:40:58:     return SafeString("".join([node.render_annotated(context) for node in self]))
2025-06-14 15:40:58:   File "/root/selambingo3/venv/lib/python3.8/site-packages/django/template/base.py", line 1005, in <listcomp>
2025-06-14 15:40:58:     return SafeString("".join([node.render_annotated(context) for node in self]))
2025-06-14 15:40:58:   File "/root/selambingo3/venv/lib/python3.8/site-packages/django/template/base.py", line 966, in render_annotated
2025-06-14 15:40:58:     return self.render(context)
2025-06-14 15:40:58:   File "/root/selambingo3/venv/lib/python3.8/site-packages/django/template/defaulttags.py", line 471, in render
2025-06-14 15:40:58:     url = reverse(view_name, args=args, kwargs=kwargs, current_app=current_app)
2025-06-14 15:40:58:   File "/root/selambingo3/venv/lib/python3.8/site-packages/django/urls/base.py", line 88, in reverse
2025-06-14 15:40:58:     return resolver._reverse_with_prefix(view, prefix, *args, **kwargs)
2025-06-14 15:40:58:   File "/root/selambingo3/venv/lib/python3.8/site-packages/django/urls/resolvers.py", line 828, in _reverse_with_prefix
2025-06-14 15:40:58:     raise NoReverseMatch(msg)
2025-06-14 15:40:58: django.urls.exceptions.NoReverseMatch: Reverse for '/posts/' not found. '/posts/' is not a valid view function or pattern name.
2025-06-14 15:41:25: [2025-06-14 15:41:25 +0000] [178039] [INFO] Handling signal: int
2025-06-14 15:41:25: [2025-06-14 15:41:25 +0000] [178073] [INFO] Worker exiting (pid: 178073)
2025-06-14 15:41:25: [2025-06-14 15:41:25 +0000] [178075] [INFO] Worker exiting (pid: 178075)
2025-06-14 15:41:25: [2025-06-14 15:41:25 +0000] [178074] [INFO] Worker exiting (pid: 178074)
2025-06-14 15:41:27: [2025-06-14 15:41:27 +0000] [178039] [INFO] Shutting down: Master
2025-06-14 15:41:27: [2025-06-14 15:41:27 +0000] [178208] [INFO] Starting gunicorn 23.0.0
2025-06-14 15:41:27: [2025-06-14 15:41:27 +0000] [178208] [INFO] Listening at: http://0.0.0.0:8000 (178208)
2025-06-14 15:41:27: [2025-06-14 15:41:27 +0000] [178208] [INFO] Using worker: sync
2025-06-14 15:41:27: [2025-06-14 15:41:27 +0000] [178231] [INFO] Booting worker with pid: 178231
2025-06-14 15:41:27: [2025-06-14 15:41:27 +0000] [178236] [INFO] Booting worker with pid: 178236
2025-06-14 15:41:27: [2025-06-14 15:41:27 +0000] [178238] [INFO] Booting worker with pid: 178238
2025-06-14 15:41:37: Internal Server Error: /posts/publish/1/
2025-06-14 15:41:37: Traceback (most recent call last):
2025-06-14 15:41:37:   File "/root/selambingo3/venv/lib/python3.8/site-packages/django/core/handlers/exception.py", line 55, in inner
2025-06-14 15:41:37:     response = get_response(request)
2025-06-14 15:41:37:   File "/root/selambingo3/venv/lib/python3.8/site-packages/django/core/handlers/base.py", line 197, in _get_response
2025-06-14 15:41:37:     response = wrapped_callback(request, *callback_args, **callback_kwargs)
2025-06-14 15:41:37:   File "/root/selambingo3/posts/views.py", line 32, in post_publish
2025-06-14 15:41:37:     asyncio.run(send_message())
2025-06-14 15:41:37:   File "/usr/lib/python3.8/asyncio/runners.py", line 44, in run
2025-06-14 15:41:37:     return loop.run_until_complete(main)
2025-06-14 15:41:37:   File "/usr/lib/python3.8/asyncio/base_events.py", line 616, in run_until_complete
2025-06-14 15:41:37:     return future.result()
2025-06-14 15:41:37:   File "/root/selambingo3/posts/views.py", line 25, in send_message
2025-06-14 15:41:37:     await bot.send_message(
2025-06-14 15:41:37:   File "/root/selambingo3/venv/lib/python3.8/site-packages/telegram/_bot.py", line 1029, in send_message
2025-06-14 15:41:37:     return await self._send_message(
2025-06-14 15:41:37:   File "/root/selambingo3/venv/lib/python3.8/site-packages/telegram/_bot.py", line 745, in _send_message
2025-06-14 15:41:37:     result = await self._post(
2025-06-14 15:41:37:   File "/root/selambingo3/venv/lib/python3.8/site-packages/telegram/_bot.py", line 623, in _post
2025-06-14 15:41:37:     return await self._do_post(
2025-06-14 15:41:37:   File "/root/selambingo3/venv/lib/python3.8/site-packages/telegram/_bot.py", line 652, in _do_post
2025-06-14 15:41:37:     result = await request.post(
2025-06-14 15:41:37:   File "/root/selambingo3/venv/lib/python3.8/site-packages/telegram/request/_baserequest.py", line 201, in post
2025-06-14 15:41:37:     result = await self._request_wrapper(
2025-06-14 15:41:37:   File "/root/selambingo3/venv/lib/python3.8/site-packages/telegram/request/_baserequest.py", line 382, in _request_wrapper
2025-06-14 15:41:37:     raise BadRequest(message)
2025-06-14 15:41:37: telegram.error.BadRequest: Chat not found
2025-06-14 15:45:47: [2025-06-14 15:45:47 +0000] [178208] [INFO] Handling signal: int
2025-06-14 15:45:47: [2025-06-14 15:45:47 +0000] [178236] [INFO] Worker exiting (pid: 178236)
2025-06-14 15:45:47: [2025-06-14 15:45:47 +0000] [178238] [INFO] Worker exiting (pid: 178238)
2025-06-14 15:45:47: [2025-06-14 15:45:47 +0000] [178231] [INFO] Worker exiting (pid: 178231)
2025-06-14 15:45:49: [2025-06-14 15:45:49 +0000] [178208] [INFO] Shutting down: Master
2025-06-14 15:45:49: [2025-06-14 15:45:49 +0000] [178469] [INFO] Starting gunicorn 23.0.0
2025-06-14 15:45:49: [2025-06-14 15:45:49 +0000] [178469] [INFO] Listening at: http://0.0.0.0:8000 (178469)
2025-06-14 15:45:49: [2025-06-14 15:45:49 +0000] [178469] [INFO] Using worker: sync
2025-06-14 15:45:49: [2025-06-14 15:45:49 +0000] [178499] [INFO] Booting worker with pid: 178499
2025-06-14 15:45:50: [2025-06-14 15:45:50 +0000] [178500] [INFO] Booting worker with pid: 178500
2025-06-14 15:45:50: [2025-06-14 15:45:50 +0000] [178501] [INFO] Booting worker with pid: 178501
2025-06-14 15:45:59: Internal Server Error: /posts/publish/1/
2025-06-14 15:45:59: Traceback (most recent call last):
2025-06-14 15:45:59:   File "/root/selambingo3/venv/lib/python3.8/site-packages/django/core/handlers/exception.py", line 55, in inner
2025-06-14 15:45:59:     response = get_response(request)
2025-06-14 15:45:59:   File "/root/selambingo3/venv/lib/python3.8/site-packages/django/core/handlers/base.py", line 197, in _get_response
2025-06-14 15:45:59:     response = wrapped_callback(request, *callback_args, **callback_kwargs)
2025-06-14 15:45:59:   File "/root/selambingo3/posts/views.py", line 43, in post_publish
2025-06-14 15:45:59:     return redirect('post_detail', pk=pk)
2025-06-14 15:45:59: NameError: name 'redirect' is not defined
2025-06-14 15:46:12: [2025-06-14 15:46:12 +0000] [178469] [INFO] Handling signal: int
2025-06-14 15:46:12: [2025-06-14 15:46:12 +0000] [178500] [INFO] Worker exiting (pid: 178500)
2025-06-14 15:46:12: [2025-06-14 15:46:12 +0000] [178499] [INFO] Worker exiting (pid: 178499)
2025-06-14 15:46:12: [2025-06-14 15:46:12 +0000] [178501] [INFO] Worker exiting (pid: 178501)
2025-06-14 15:46:13: [2025-06-14 15:46:13 +0000] [178469] [INFO] Shutting down: Master
2025-06-14 15:46:13: [2025-06-14 15:46:13 +0000] [178575] [INFO] Starting gunicorn 23.0.0
2025-06-14 15:46:13: [2025-06-14 15:46:13 +0000] [178575] [INFO] Listening at: http://0.0.0.0:8000 (178575)
2025-06-14 15:46:13: [2025-06-14 15:46:13 +0000] [178575] [INFO] Using worker: sync
2025-06-14 15:46:13: [2025-06-14 15:46:13 +0000] [178602] [INFO] Booting worker with pid: 178602
2025-06-14 15:46:13: [2025-06-14 15:46:13 +0000] [178611] [INFO] Booting worker with pid: 178611
2025-06-14 15:46:14: [2025-06-14 15:46:14 +0000] [178612] [INFO] Booting worker with pid: 178612
2025-06-14 15:47:51: Not Found: /accounts/filter-users/7223644775/
2025-06-14 15:48:42: Not Found: /accounts/filter-users/2059599283/
2025-06-14 15:49:15: [2025-06-14 15:49:15 +0000] [178575] [INFO] Handling signal: int
2025-06-14 15:49:15: [2025-06-14 15:49:15 +0000] [178602] [INFO] Worker exiting (pid: 178602)
2025-06-14 15:49:15: [2025-06-14 15:49:15 +0000] [178611] [INFO] Worker exiting (pid: 178611)
2025-06-14 15:49:15: [2025-06-14 15:49:15 +0000] [178612] [INFO] Worker exiting (pid: 178612)
2025-06-14 15:49:16: [2025-06-14 15:49:16 +0000] [178575] [INFO] Shutting down: Master
2025-06-14 15:49:16: [2025-06-14 15:49:16 +0000] [178940] [INFO] Starting gunicorn 23.0.0
2025-06-14 15:49:16: [2025-06-14 15:49:16 +0000] [178940] [INFO] Listening at: http://0.0.0.0:8000 (178940)
2025-06-14 15:49:16: [2025-06-14 15:49:16 +0000] [178940] [INFO] Using worker: sync
2025-06-14 15:49:16: [2025-06-14 15:49:16 +0000] [178964] [INFO] Booting worker with pid: 178964
2025-06-14 15:49:16: [2025-06-14 15:49:16 +0000] [178965] [INFO] Booting worker with pid: 178965
2025-06-14 15:49:17: [2025-06-14 15:49:16 +0000] [178966] [INFO] Booting worker with pid: 178966
2025-06-14 15:50:18: Not Found: /accounts/filter-users/414975814/
2025-06-14 15:51:30: Not Found: /accounts/filter-users/943886392/
2025-06-14 15:51:55: Not Found: /accounts/filter-users/8005273259/
2025-06-14 15:52:18: Not Found: /accounts/filter-users/7652545008/
2025-06-14 15:52:44: Bad Request: /payments/balance/
2025-06-14 15:52:48: Not Found: /accounts/filter-users/5383000787/
2025-06-14 15:52:49: Not Found: /accounts/filter-users/943886392/
2025-06-14 15:52:52: [2025-06-14 15:52:52 +0000] [178940] [INFO] Handling signal: int
2025-06-14 15:52:52: [2025-06-14 15:52:52 +0000] [178965] [INFO] Worker exiting (pid: 178965)
2025-06-14 15:52:52: [2025-06-14 15:52:52 +0000] [178964] [INFO] Worker exiting (pid: 178964)
2025-06-14 15:52:52: [2025-06-14 15:52:52 +0000] [178966] [INFO] Worker exiting (pid: 178966)
2025-06-14 15:52:53: [2025-06-14 15:52:53 +0000] [178940] [INFO] Shutting down: Master
2025-06-14 15:52:53: [2025-06-14 15:52:53 +0000] [179318] [INFO] Starting gunicorn 23.0.0
2025-06-14 15:52:53: [2025-06-14 15:52:53 +0000] [179318] [INFO] Listening at: http://0.0.0.0:8000 (179318)
2025-06-14 15:52:53: [2025-06-14 15:52:53 +0000] [179318] [INFO] Using worker: sync
2025-06-14 15:52:53: [2025-06-14 15:52:53 +0000] [179343] [INFO] Booting worker with pid: 179343
2025-06-14 15:52:54: [2025-06-14 15:52:54 +0000] [179349] [INFO] Booting worker with pid: 179349
2025-06-14 15:52:54: [2025-06-14 15:52:54 +0000] [179350] [INFO] Booting worker with pid: 179350
2025-06-14 15:53:03: Bad Request: /posts/publish/1/
2025-06-14 15:53:13: Bad Request: /payments/balance/
2025-06-14 15:53:16: Not Found: /accounts/filter-users/7357315663/
2025-06-14 15:53:35: [2025-06-14 15:53:35 +0000] [179318] [INFO] Handling signal: int
2025-06-14 15:53:35: [2025-06-14 15:53:35 +0000] [179349] [INFO] Worker exiting (pid: 179349)
2025-06-14 15:53:35: [2025-06-14 15:53:35 +0000] [179343] [INFO] Worker exiting (pid: 179343)
2025-06-14 15:53:35: [2025-06-14 15:53:35 +0000] [179350] [INFO] Worker exiting (pid: 179350)
2025-06-14 15:53:35: [2025-06-14 15:53:35 +0000] [179318] [INFO] Shutting down: Master
2025-06-14 15:53:36: [2025-06-14 15:53:36 +0000] [179423] [INFO] Starting gunicorn 23.0.0
2025-06-14 15:53:36: [2025-06-14 15:53:36 +0000] [179423] [INFO] Listening at: http://0.0.0.0:8000 (179423)
2025-06-14 15:53:36: [2025-06-14 15:53:36 +0000] [179423] [INFO] Using worker: sync
2025-06-14 15:53:36: [2025-06-14 15:53:36 +0000] [179428] [INFO] Booting worker with pid: 179428
2025-06-14 15:53:36: [2025-06-14 15:53:36 +0000] [179447] [INFO] Booting worker with pid: 179447
2025-06-14 15:53:36: [2025-06-14 15:53:36 +0000] [179449] [INFO] Booting worker with pid: 179449
2025-06-14 15:53:38: Not Found: /accounts/filter-users/7357315663/
2025-06-14 15:53:48: Bad Request: /posts/publish/1/
2025-06-14 15:54:02: Not Found: /accounts/filter-users/8027842637/
2025-06-14 15:54:30: Not Found: /support/payment-requests/
2025-06-14 15:54:32: Not Found: /accounts/filter-users/6693473750/
2025-06-14 15:54:46: Not Found: /accounts/filter-users/6844033886/
2025-06-14 15:54:49: Bad Request: /accounts/register/
2025-06-14 15:54:52: Not Found: /accounts/filter-users/7612325836/
2025-06-14 15:55:02: Internal Server Error: /payments/wallet/add-balance/
2025-06-14 15:55:02: Traceback (most recent call last):
2025-06-14 15:55:02:   File "/root/selambingo3/venv/lib/python3.8/site-packages/django/db/models/fields/__init__.py", line 2055, in get_prep_value
2025-06-14 15:55:02:     return int(value)
2025-06-14 15:55:02: ValueError: invalid literal for int() with base 10: 'add-balance'
2025-06-14 15:55:02: 
2025-06-14 15:55:02: The above exception was the direct cause of the following exception:
2025-06-14 15:55:02: 
2025-06-14 15:55:02: Traceback (most recent call last):
2025-06-14 15:55:02:   File "/root/selambingo3/venv/lib/python3.8/site-packages/django/core/handlers/exception.py", line 55, in inner
2025-06-14 15:55:02:     response = get_response(request)
2025-06-14 15:55:02:   File "/root/selambingo3/venv/lib/python3.8/site-packages/django/core/handlers/base.py", line 197, in _get_response
2025-06-14 15:55:02:     response = wrapped_callback(request, *callback_args, **callback_kwargs)
2025-06-14 15:55:02:   File "/root/selambingo3/venv/lib/python3.8/site-packages/django/views/decorators/csrf.py", line 56, in wrapper_view
2025-06-14 15:55:02:     return view_func(*args, **kwargs)
2025-06-14 15:55:02:   File "/root/selambingo3/payments/views.py", line 37, in get_wallet
2025-06-14 15:55:02:     telegram_user = TelegramUser.objects.filter(telegram_id=user_id).first()
2025-06-14 15:55:02:   File "/root/selambingo3/venv/lib/python3.8/site-packages/django/db/models/manager.py", line 87, in manager_method
2025-06-14 15:55:02:     return getattr(self.get_queryset(), name)(*args, **kwargs)
2025-06-14 15:55:02:   File "/root/selambingo3/venv/lib/python3.8/site-packages/django/db/models/query.py", line 1436, in filter
2025-06-14 15:55:02:     return self._filter_or_exclude(False, args, kwargs)
2025-06-14 15:55:02:   File "/root/selambingo3/venv/lib/python3.8/site-packages/django/db/models/query.py", line 1454, in _filter_or_exclude
2025-06-14 15:55:02:     clone._filter_or_exclude_inplace(negate, args, kwargs)
2025-06-14 15:55:02:   File "/root/selambingo3/venv/lib/python3.8/site-packages/django/db/models/query.py", line 1461, in _filter_or_exclude_inplace
2025-06-14 15:55:02:     self._query.add_q(Q(*args, **kwargs))
2025-06-14 15:55:02:   File "/root/selambingo3/venv/lib/python3.8/site-packages/django/db/models/sql/query.py", line 1498, in add_q
2025-06-14 15:55:02:     clause, _ = self._add_q(q_object, self.used_aliases)
2025-06-14 15:55:02:   File "/root/selambingo3/venv/lib/python3.8/site-packages/django/db/models/sql/query.py", line 1529, in _add_q
2025-06-14 15:55:02:     child_clause, needed_inner = self.build_filter(
2025-06-14 15:55:02:   File "/root/selambingo3/venv/lib/python3.8/site-packages/django/db/models/sql/query.py", line 1444, in build_filter
2025-06-14 15:55:02:     condition = self.build_lookup(lookups, col, value)
2025-06-14 15:55:02:   File "/root/selambingo3/venv/lib/python3.8/site-packages/django/db/models/sql/query.py", line 1271, in build_lookup
2025-06-14 15:55:02:     lookup = lookup_class(lhs, rhs)
2025-06-14 15:55:02:   File "/root/selambingo3/venv/lib/python3.8/site-packages/django/db/models/lookups.py", line 27, in __init__
2025-06-14 15:55:02:     self.rhs = self.get_prep_lookup()
2025-06-14 15:55:02:   File "/root/selambingo3/venv/lib/python3.8/site-packages/django/db/models/lookups.py", line 341, in get_prep_lookup
2025-06-14 15:55:02:     return super().get_prep_lookup()
2025-06-14 15:55:02:   File "/root/selambingo3/venv/lib/python3.8/site-packages/django/db/models/lookups.py", line 85, in get_prep_lookup
2025-06-14 15:55:02:     return self.lhs.output_field.get_prep_value(self.rhs)
2025-06-14 15:55:02:   File "/root/selambingo3/venv/lib/python3.8/site-packages/django/db/models/fields/__init__.py", line 2057, in get_prep_value
2025-06-14 15:55:02:     raise e.__class__(
2025-06-14 15:55:02: ValueError: Field 'telegram_id' expected a number but got 'add-balance'.
2025-06-14 15:55:14: Internal Server Error: /payments/wallet/add-balance/
2025-06-14 15:55:14: Traceback (most recent call last):
2025-06-14 15:55:14:   File "/root/selambingo3/venv/lib/python3.8/site-packages/django/db/models/fields/__init__.py", line 2055, in get_prep_value
2025-06-14 15:55:14:     return int(value)
2025-06-14 15:55:14: ValueError: invalid literal for int() with base 10: 'add-balance'
2025-06-14 15:55:14: 
2025-06-14 15:55:14: The above exception was the direct cause of the following exception:
2025-06-14 15:55:14: 
2025-06-14 15:55:14: Traceback (most recent call last):
2025-06-14 15:55:14:   File "/root/selambingo3/venv/lib/python3.8/site-packages/django/core/handlers/exception.py", line 55, in inner
2025-06-14 15:55:14:     response = get_response(request)
2025-06-14 15:55:14:   File "/root/selambingo3/venv/lib/python3.8/site-packages/django/core/handlers/base.py", line 197, in _get_response
2025-06-14 15:55:14:     response = wrapped_callback(request, *callback_args, **callback_kwargs)
2025-06-14 15:55:14:   File "/root/selambingo3/venv/lib/python3.8/site-packages/django/views/decorators/csrf.py", line 56, in wrapper_view
2025-06-14 15:55:14:     return view_func(*args, **kwargs)
2025-06-14 15:55:14:   File "/root/selambingo3/payments/views.py", line 37, in get_wallet
2025-06-14 15:55:14:     telegram_user = TelegramUser.objects.filter(telegram_id=user_id).first()
2025-06-14 15:55:14:   File "/root/selambingo3/venv/lib/python3.8/site-packages/django/db/models/manager.py", line 87, in manager_method
2025-06-14 15:55:14:     return getattr(self.get_queryset(), name)(*args, **kwargs)
2025-06-14 15:55:14:   File "/root/selambingo3/venv/lib/python3.8/site-packages/django/db/models/query.py", line 1436, in filter
2025-06-14 15:55:14:     return self._filter_or_exclude(False, args, kwargs)
2025-06-14 15:55:14:   File "/root/selambingo3/venv/lib/python3.8/site-packages/django/db/models/query.py", line 1454, in _filter_or_exclude
2025-06-14 15:55:14:     clone._filter_or_exclude_inplace(negate, args, kwargs)
2025-06-14 15:55:14:   File "/root/selambingo3/venv/lib/python3.8/site-packages/django/db/models/query.py", line 1461, in _filter_or_exclude_inplace
2025-06-14 15:55:14:     self._query.add_q(Q(*args, **kwargs))
2025-06-14 15:55:14:   File "/root/selambingo3/venv/lib/python3.8/site-packages/django/db/models/sql/query.py", line 1498, in add_q
2025-06-14 15:55:14:     clause, _ = self._add_q(q_object, self.used_aliases)
2025-06-14 15:55:14:   File "/root/selambingo3/venv/lib/python3.8/site-packages/django/db/models/sql/query.py", line 1529, in _add_q
2025-06-14 15:55:14:     child_clause, needed_inner = self.build_filter(
2025-06-14 15:55:14:   File "/root/selambingo3/venv/lib/python3.8/site-packages/django/db/models/sql/query.py", line 1444, in build_filter
2025-06-14 15:55:14:     condition = self.build_lookup(lookups, col, value)
2025-06-14 15:55:14:   File "/root/selambingo3/venv/lib/python3.8/site-packages/django/db/models/sql/query.py", line 1271, in build_lookup
2025-06-14 15:55:14:     lookup = lookup_class(lhs, rhs)
2025-06-14 15:55:14:   File "/root/selambingo3/venv/lib/python3.8/site-packages/django/db/models/lookups.py", line 27, in __init__
2025-06-14 15:55:14:     self.rhs = self.get_prep_lookup()
2025-06-14 15:55:14:   File "/root/selambingo3/venv/lib/python3.8/site-packages/django/db/models/lookups.py", line 341, in get_prep_lookup
2025-06-14 15:55:14:     return super().get_prep_lookup()
2025-06-14 15:55:14:   File "/root/selambingo3/venv/lib/python3.8/site-packages/django/db/models/lookups.py", line 85, in get_prep_lookup
2025-06-14 15:55:14:     return self.lhs.output_field.get_prep_value(self.rhs)
2025-06-14 15:55:14:   File "/root/selambingo3/venv/lib/python3.8/site-packages/django/db/models/fields/__init__.py", line 2057, in get_prep_value
2025-06-14 15:55:14:     raise e.__class__(
2025-06-14 15:55:14: ValueError: Field 'telegram_id' expected a number but got 'add-balance'.
2025-06-14 15:55:14: Not Found: /accounts/filter-users/7225619670/
2025-06-14 15:55:33: Bad Request: /accounts/register/
2025-06-14 15:55:36: Not Found: /accounts/filter-users/8159058076/
2025-06-14 15:56:01: Not Found: /accounts/filter-users/6977064016/
2025-06-14 15:56:05: Not Found: /support/payment-requests/
2025-06-14 15:56:23: Not Found: /accounts/filter-users/7568878238/
2025-06-14 15:56:52: Not Found: /accounts/filter-users/7955609500/
2025-06-14 15:57:23: Not Found: /accounts/filter-users/7745165330/
2025-06-14 15:57:39: Not Found: /support/payment-requests/
2025-06-14 15:58:05: Not Found: /accounts/filter-users/7636013044/
2025-06-14 16:00:18: Not Found: /accounts/filter-users/7779441409/
2025-06-14 16:00:25: Bad Request: /payments/balance/
2025-06-14 16:01:06: Bad Request: /payments/balance/
2025-06-14 16:01:16: Bad Request: /payments/balance/
2025-06-14 16:01:17: Bad Request: /payments/balance/
2025-06-14 16:01:25: Bad Request: /payments/balance/
2025-06-14 16:01:33: Bad Request: /payments/balance/
2025-06-14 16:01:38: Bad Request: /payments/balance/
2025-06-14 16:01:41: Bad Request: /payments/balance/
2025-06-14 16:01:41: Bad Request: /payments/balance/
2025-06-14 16:01:43: Bad Request: /payments/balance/
2025-06-14 16:01:43: Bad Request: /payments/balance/
2025-06-14 16:01:44: Bad Request: /payments/balance/
2025-06-14 16:02:25: Bad Request: /payments/balance/
2025-06-14 16:02:39: Bad Request: /payments/balance/
2025-06-14 16:02:43: Bad Request: /payments/balance/
2025-06-14 16:02:45: Bad Request: /payments/balance/
2025-06-14 16:02:46: Bad Request: /payments/balance/
2025-06-14 16:02:46: Bad Request: /payments/balance/
2025-06-14 16:02:46: Bad Request: /payments/balance/
2025-06-14 16:02:47: Bad Request: /payments/balance/
2025-06-14 16:02:47: Bad Request: /payments/balance/
2025-06-14 16:02:48: Not Found: /accounts/filter-users/7679111465/
2025-06-14 16:02:50: Bad Request: /payments/balance/
2025-06-14 16:02:50: Bad Request: /payments/balance/
2025-06-14 16:02:50: Bad Request: /payments/balance/
2025-06-14 16:03:18: Not Found: /accounts/filter-users/7457627048/
2025-06-14 16:06:05: Bad Request: /payments/balance/
2025-06-14 16:07:21: Not Found: /support/payment-requests/
2025-06-14 16:07:43: Not Found: /accounts/filter-users/7406731626/
2025-06-14 16:07:54: Bad Request: /payments/balance/
2025-06-14 16:08:32: Internal Server Error: /payments/wallet/add-balance/
2025-06-14 16:08:32: Traceback (most recent call last):
2025-06-14 16:08:32:   File "/root/selambingo3/venv/lib/python3.8/site-packages/django/db/models/fields/__init__.py", line 2055, in get_prep_value
2025-06-14 16:08:32:     return int(value)
2025-06-14 16:08:32: ValueError: invalid literal for int() with base 10: 'add-balance'
2025-06-14 16:08:32: 
2025-06-14 16:08:32: The above exception was the direct cause of the following exception:
2025-06-14 16:08:32: 
2025-06-14 16:08:32: Traceback (most recent call last):
2025-06-14 16:08:32:   File "/root/selambingo3/venv/lib/python3.8/site-packages/django/core/handlers/exception.py", line 55, in inner
2025-06-14 16:08:32:     response = get_response(request)
2025-06-14 16:08:32:   File "/root/selambingo3/venv/lib/python3.8/site-packages/django/core/handlers/base.py", line 197, in _get_response
2025-06-14 16:08:32:     response = wrapped_callback(request, *callback_args, **callback_kwargs)
2025-06-14 16:08:32:   File "/root/selambingo3/venv/lib/python3.8/site-packages/django/views/decorators/csrf.py", line 56, in wrapper_view
2025-06-14 16:08:32:     return view_func(*args, **kwargs)
2025-06-14 16:08:32:   File "/root/selambingo3/payments/views.py", line 37, in get_wallet
2025-06-14 16:08:32:     telegram_user = TelegramUser.objects.filter(telegram_id=user_id).first()
2025-06-14 16:08:32:   File "/root/selambingo3/venv/lib/python3.8/site-packages/django/db/models/manager.py", line 87, in manager_method
2025-06-14 16:08:32:     return getattr(self.get_queryset(), name)(*args, **kwargs)
2025-06-14 16:08:32:   File "/root/selambingo3/venv/lib/python3.8/site-packages/django/db/models/query.py", line 1436, in filter
2025-06-14 16:08:32:     return self._filter_or_exclude(False, args, kwargs)
2025-06-14 16:08:32:   File "/root/selambingo3/venv/lib/python3.8/site-packages/django/db/models/query.py", line 1454, in _filter_or_exclude
2025-06-14 16:08:32:     clone._filter_or_exclude_inplace(negate, args, kwargs)
2025-06-14 16:08:32:   File "/root/selambingo3/venv/lib/python3.8/site-packages/django/db/models/query.py", line 1461, in _filter_or_exclude_inplace
2025-06-14 16:08:32:     self._query.add_q(Q(*args, **kwargs))
2025-06-14 16:08:32:   File "/root/selambingo3/venv/lib/python3.8/site-packages/django/db/models/sql/query.py", line 1498, in add_q
2025-06-14 16:08:32:     clause, _ = self._add_q(q_object, self.used_aliases)
2025-06-14 16:08:32:   File "/root/selambingo3/venv/lib/python3.8/site-packages/django/db/models/sql/query.py", line 1529, in _add_q
2025-06-14 16:08:32:     child_clause, needed_inner = self.build_filter(
2025-06-14 16:08:32:   File "/root/selambingo3/venv/lib/python3.8/site-packages/django/db/models/sql/query.py", line 1444, in build_filter
2025-06-14 16:08:32:     condition = self.build_lookup(lookups, col, value)
2025-06-14 16:08:32:   File "/root/selambingo3/venv/lib/python3.8/site-packages/django/db/models/sql/query.py", line 1271, in build_lookup
2025-06-14 16:08:32:     lookup = lookup_class(lhs, rhs)
2025-06-14 16:08:32:   File "/root/selambingo3/venv/lib/python3.8/site-packages/django/db/models/lookups.py", line 27, in __init__
2025-06-14 16:08:32:     self.rhs = self.get_prep_lookup()
2025-06-14 16:08:32:   File "/root/selambingo3/venv/lib/python3.8/site-packages/django/db/models/lookups.py", line 341, in get_prep_lookup
2025-06-14 16:08:32:     return super().get_prep_lookup()
2025-06-14 16:08:32:   File "/root/selambingo3/venv/lib/python3.8/site-packages/django/db/models/lookups.py", line 85, in get_prep_lookup
2025-06-14 16:08:32:     return self.lhs.output_field.get_prep_value(self.rhs)
2025-06-14 16:08:32:   File "/root/selambingo3/venv/lib/python3.8/site-packages/django/db/models/fields/__init__.py", line 2057, in get_prep_value
2025-06-14 16:08:32:     raise e.__class__(
2025-06-14 16:08:32: ValueError: Field 'telegram_id' expected a number but got 'add-balance'.
2025-06-14 16:08:36: Not Found: /accounts/filter-users/5293154633/
2025-06-14 16:10:05: Invalid HTTP_HOST header: '188.245.75.205:8000'. You may need to add '188.245.75.205' to ALLOWED_HOSTS.
2025-06-14 16:10:05: Traceback (most recent call last):
2025-06-14 16:10:05:   File "/root/selambingo3/venv/lib/python3.8/site-packages/django/core/handlers/exception.py", line 55, in inner
2025-06-14 16:10:05:     response = get_response(request)
2025-06-14 16:10:05:   File "/root/selambingo3/venv/lib/python3.8/site-packages/django/utils/deprecation.py", line 133, in __call__
2025-06-14 16:10:05:     response = self.process_request(request)
2025-06-14 16:10:05:   File "/root/selambingo3/venv/lib/python3.8/site-packages/django/middleware/common.py", line 48, in process_request
2025-06-14 16:10:05:     host = request.get_host()
2025-06-14 16:10:05:   File "/root/selambingo3/venv/lib/python3.8/site-packages/django/http/request.py", line 167, in get_host
2025-06-14 16:10:05:     raise DisallowedHost(msg)
2025-06-14 16:10:05: django.core.exceptions.DisallowedHost: Invalid HTTP_HOST header: '188.245.75.205:8000'. You may need to add '188.245.75.205' to ALLOWED_HOSTS.
2025-06-14 16:10:05: Bad Request: /
2025-06-14 16:10:08: Invalid HTTP_HOST header: '188.245.75.205:8000'. You may need to add '188.245.75.205' to ALLOWED_HOSTS.
2025-06-14 16:10:08: Traceback (most recent call last):
2025-06-14 16:10:08:   File "/root/selambingo3/venv/lib/python3.8/site-packages/django/core/handlers/exception.py", line 55, in inner
2025-06-14 16:10:08:     response = get_response(request)
2025-06-14 16:10:08:   File "/root/selambingo3/venv/lib/python3.8/site-packages/django/utils/deprecation.py", line 133, in __call__
2025-06-14 16:10:08:     response = self.process_request(request)
2025-06-14 16:10:08:   File "/root/selambingo3/venv/lib/python3.8/site-packages/django/middleware/common.py", line 48, in process_request
2025-06-14 16:10:08:     host = request.get_host()
2025-06-14 16:10:08:   File "/root/selambingo3/venv/lib/python3.8/site-packages/django/http/request.py", line 167, in get_host
2025-06-14 16:10:08:     raise DisallowedHost(msg)
2025-06-14 16:10:08: django.core.exceptions.DisallowedHost: Invalid HTTP_HOST header: '188.245.75.205:8000'. You may need to add '188.245.75.205' to ALLOWED_HOSTS.
2025-06-14 16:10:08: Bad Request: /
2025-06-14 16:10:13: Invalid HTTP_HOST header: '188.245.75.205:8000'. You may need to add '188.245.75.205' to ALLOWED_HOSTS.
2025-06-14 16:10:13: Traceback (most recent call last):
2025-06-14 16:10:13:   File "/root/selambingo3/venv/lib/python3.8/site-packages/django/core/handlers/exception.py", line 55, in inner
2025-06-14 16:10:13:     response = get_response(request)
2025-06-14 16:10:13:   File "/root/selambingo3/venv/lib/python3.8/site-packages/django/utils/deprecation.py", line 133, in __call__
2025-06-14 16:10:13:     response = self.process_request(request)
2025-06-14 16:10:13:   File "/root/selambingo3/venv/lib/python3.8/site-packages/django/middleware/common.py", line 48, in process_request
2025-06-14 16:10:13:     host = request.get_host()
2025-06-14 16:10:13:   File "/root/selambingo3/venv/lib/python3.8/site-packages/django/http/request.py", line 167, in get_host
2025-06-14 16:10:13:     raise DisallowedHost(msg)
2025-06-14 16:10:13: django.core.exceptions.DisallowedHost: Invalid HTTP_HOST header: '188.245.75.205:8000'. You may need to add '188.245.75.205' to ALLOWED_HOSTS.
2025-06-14 16:10:13: Bad Request: /
2025-06-14 16:10:14: [2025-06-14 16:10:14 +0000] [179428] [WARNING] Invalid request from ip=162.142.125.204: Invalid HTTP Version: (2, 0)
2025-06-14 16:10:20: Invalid HTTP_HOST header: '188.245.75.205:8000'. You may need to add '188.245.75.205' to ALLOWED_HOSTS.
2025-06-14 16:10:20: Traceback (most recent call last):
2025-06-14 16:10:20:   File "/root/selambingo3/venv/lib/python3.8/site-packages/django/core/handlers/exception.py", line 55, in inner
2025-06-14 16:10:20:     response = get_response(request)
2025-06-14 16:10:20:   File "/root/selambingo3/venv/lib/python3.8/site-packages/django/utils/deprecation.py", line 133, in __call__
2025-06-14 16:10:20:     response = self.process_request(request)
2025-06-14 16:10:20:   File "/root/selambingo3/venv/lib/python3.8/site-packages/django/middleware/common.py", line 48, in process_request
2025-06-14 16:10:20:     host = request.get_host()
2025-06-14 16:10:20:   File "/root/selambingo3/venv/lib/python3.8/site-packages/django/http/request.py", line 167, in get_host
2025-06-14 16:10:20:     raise DisallowedHost(msg)
2025-06-14 16:10:20: django.core.exceptions.DisallowedHost: Invalid HTTP_HOST header: '188.245.75.205:8000'. You may need to add '188.245.75.205' to ALLOWED_HOSTS.
2025-06-14 16:10:20: Bad Request: /favicon.ico
2025-06-14 16:10:45: Invalid HTTP_HOST header: '188.245.75.205:8000'. You may need to add '188.245.75.205' to ALLOWED_HOSTS.
2025-06-14 16:10:45: Traceback (most recent call last):
2025-06-14 16:10:45:   File "/root/selambingo3/venv/lib/python3.8/site-packages/django/core/handlers/exception.py", line 55, in inner
2025-06-14 16:10:45:     response = get_response(request)
2025-06-14 16:10:45:   File "/root/selambingo3/venv/lib/python3.8/site-packages/django/utils/deprecation.py", line 133, in __call__
2025-06-14 16:10:45:     response = self.process_request(request)
2025-06-14 16:10:45:   File "/root/selambingo3/venv/lib/python3.8/site-packages/django/middleware/common.py", line 48, in process_request
2025-06-14 16:10:45:     host = request.get_host()
2025-06-14 16:10:45:   File "/root/selambingo3/venv/lib/python3.8/site-packages/django/http/request.py", line 167, in get_host
2025-06-14 16:10:45:     raise DisallowedHost(msg)
2025-06-14 16:10:45: django.core.exceptions.DisallowedHost: Invalid HTTP_HOST header: '188.245.75.205:8000'. You may need to add '188.245.75.205' to ALLOWED_HOSTS.
2025-06-14 16:10:45: Bad Request: /security.txt
2025-06-14 16:10:48: Invalid HTTP_HOST header: '188.245.75.205:8000'. You may need to add '188.245.75.205' to ALLOWED_HOSTS.
2025-06-14 16:10:48: Traceback (most recent call last):
2025-06-14 16:10:48:   File "/root/selambingo3/venv/lib/python3.8/site-packages/django/core/handlers/exception.py", line 55, in inner
2025-06-14 16:10:48:     response = get_response(request)
2025-06-14 16:10:48:   File "/root/selambingo3/venv/lib/python3.8/site-packages/django/utils/deprecation.py", line 133, in __call__
2025-06-14 16:10:48:     response = self.process_request(request)
2025-06-14 16:10:48:   File "/root/selambingo3/venv/lib/python3.8/site-packages/django/middleware/common.py", line 48, in process_request
2025-06-14 16:10:48:     host = request.get_host()
2025-06-14 16:10:48:   File "/root/selambingo3/venv/lib/python3.8/site-packages/django/http/request.py", line 167, in get_host
2025-06-14 16:10:48:     raise DisallowedHost(msg)
2025-06-14 16:10:48: django.core.exceptions.DisallowedHost: Invalid HTTP_HOST header: '188.245.75.205:8000'. You may need to add '188.245.75.205' to ALLOWED_HOSTS.
2025-06-14 16:10:48: Bad Request: /favicon.ico
2025-06-14 16:10:58: [2025-06-14 16:10:58 +0000] [179423] [INFO] Handling signal: int
2025-06-14 16:10:58: [2025-06-14 16:10:58 +0000] [179447] [INFO] Worker exiting (pid: 179447)
2025-06-14 16:10:58: [2025-06-14 16:10:58 +0000] [179449] [INFO] Worker exiting (pid: 179449)
2025-06-14 16:10:58: [2025-06-14 16:10:58 +0000] [179428] [INFO] Worker exiting (pid: 179428)
2025-06-14 16:10:59: [2025-06-14 16:10:59 +0000] [179423] [INFO] Shutting down: Master
2025-06-14 16:11:00: [2025-06-14 16:11:00 +0000] [179949] [INFO] Starting gunicorn 23.0.0
2025-06-14 16:11:00: [2025-06-14 16:11:00 +0000] [179949] [INFO] Listening at: http://0.0.0.0:8000 (179949)
2025-06-14 16:11:00: [2025-06-14 16:11:00 +0000] [179949] [INFO] Using worker: sync
2025-06-14 16:11:00: [2025-06-14 16:11:00 +0000] [179974] [INFO] Booting worker with pid: 179974
2025-06-14 16:11:00: [2025-06-14 16:11:00 +0000] [179975] [INFO] Booting worker with pid: 179975
2025-06-14 16:11:00: [2025-06-14 16:11:00 +0000] [179976] [INFO] Booting worker with pid: 179976
2025-06-14 16:11:20: Internal Server Error: /payments/wallet/add-balance/
2025-06-14 16:11:20: Traceback (most recent call last):
2025-06-14 16:11:20:   File "/root/selambingo3/venv/lib/python3.8/site-packages/django/db/models/fields/__init__.py", line 2055, in get_prep_value
2025-06-14 16:11:20:     return int(value)
2025-06-14 16:11:20: ValueError: invalid literal for int() with base 10: 'add-balance'
2025-06-14 16:11:20: 
2025-06-14 16:11:20: The above exception was the direct cause of the following exception:
2025-06-14 16:11:20: 
2025-06-14 16:11:20: Traceback (most recent call last):
2025-06-14 16:11:20:   File "/root/selambingo3/venv/lib/python3.8/site-packages/django/core/handlers/exception.py", line 55, in inner
2025-06-14 16:11:20:     response = get_response(request)
2025-06-14 16:11:20:   File "/root/selambingo3/venv/lib/python3.8/site-packages/django/core/handlers/base.py", line 197, in _get_response
2025-06-14 16:11:20:     response = wrapped_callback(request, *callback_args, **callback_kwargs)
2025-06-14 16:11:20:   File "/root/selambingo3/venv/lib/python3.8/site-packages/django/views/decorators/csrf.py", line 56, in wrapper_view
2025-06-14 16:11:20:     return view_func(*args, **kwargs)
2025-06-14 16:11:20:   File "/root/selambingo3/payments/views.py", line 37, in get_wallet
2025-06-14 16:11:20:     telegram_user = TelegramUser.objects.filter(telegram_id=user_id).first()
2025-06-14 16:11:20:   File "/root/selambingo3/venv/lib/python3.8/site-packages/django/db/models/manager.py", line 87, in manager_method
2025-06-14 16:11:20:     return getattr(self.get_queryset(), name)(*args, **kwargs)
2025-06-14 16:11:20:   File "/root/selambingo3/venv/lib/python3.8/site-packages/django/db/models/query.py", line 1436, in filter
2025-06-14 16:11:20:     return self._filter_or_exclude(False, args, kwargs)
2025-06-14 16:11:20:   File "/root/selambingo3/venv/lib/python3.8/site-packages/django/db/models/query.py", line 1454, in _filter_or_exclude
2025-06-14 16:11:20:     clone._filter_or_exclude_inplace(negate, args, kwargs)
2025-06-14 16:11:20:   File "/root/selambingo3/venv/lib/python3.8/site-packages/django/db/models/query.py", line 1461, in _filter_or_exclude_inplace
2025-06-14 16:11:20:     self._query.add_q(Q(*args, **kwargs))
2025-06-14 16:11:20:   File "/root/selambingo3/venv/lib/python3.8/site-packages/django/db/models/sql/query.py", line 1498, in add_q
2025-06-14 16:11:20:     clause, _ = self._add_q(q_object, self.used_aliases)
2025-06-14 16:11:20:   File "/root/selambingo3/venv/lib/python3.8/site-packages/django/db/models/sql/query.py", line 1529, in _add_q
2025-06-14 16:11:20:     child_clause, needed_inner = self.build_filter(
2025-06-14 16:11:20:   File "/root/selambingo3/venv/lib/python3.8/site-packages/django/db/models/sql/query.py", line 1444, in build_filter
2025-06-14 16:11:20:     condition = self.build_lookup(lookups, col, value)
2025-06-14 16:11:20:   File "/root/selambingo3/venv/lib/python3.8/site-packages/django/db/models/sql/query.py", line 1271, in build_lookup
2025-06-14 16:11:20:     lookup = lookup_class(lhs, rhs)
2025-06-14 16:11:20:   File "/root/selambingo3/venv/lib/python3.8/site-packages/django/db/models/lookups.py", line 27, in __init__
2025-06-14 16:11:20:     self.rhs = self.get_prep_lookup()
2025-06-14 16:11:20:   File "/root/selambingo3/venv/lib/python3.8/site-packages/django/db/models/lookups.py", line 341, in get_prep_lookup
2025-06-14 16:11:20:     return super().get_prep_lookup()
2025-06-14 16:11:20:   File "/root/selambingo3/venv/lib/python3.8/site-packages/django/db/models/lookups.py", line 85, in get_prep_lookup
2025-06-14 16:11:20:     return self.lhs.output_field.get_prep_value(self.rhs)
2025-06-14 16:11:20:   File "/root/selambingo3/venv/lib/python3.8/site-packages/django/db/models/fields/__init__.py", line 2057, in get_prep_value
2025-06-14 16:11:20:     raise e.__class__(
2025-06-14 16:11:20: ValueError: Field 'telegram_id' expected a number but got 'add-balance'.
2025-06-14 16:11:22: Bad Request: /payments/balance/
2025-06-14 16:11:24: Not Found: /accounts/filter-users/6844033886/
2025-06-14 16:11:48: Bad Request: /payments/balance/
2025-06-14 16:11:49: Not Found: /accounts/filter-users/6844033886/
2025-06-14 16:13:14: Not Found: /accounts/filter-users/642683955/
2025-06-14 16:13:35: Not Found: /accounts/filter-users/5383000787/
2025-06-14 16:13:43: [2025-06-14 16:13:43 +0000] [179949] [INFO] Handling signal: int
2025-06-14 16:13:44: [2025-06-14 16:13:44 +0000] [179975] [INFO] Worker exiting (pid: 179975)
2025-06-14 16:13:44: [2025-06-14 16:13:44 +0000] [179976] [INFO] Worker exiting (pid: 179976)
2025-06-14 16:13:44: [2025-06-14 16:13:44 +0000] [179974] [INFO] Worker exiting (pid: 179974)
2025-06-14 16:13:44: [2025-06-14 16:13:44 +0000] [179949] [INFO] Shutting down: Master
2025-06-14 16:13:45: [2025-06-14 16:13:45 +0000] [180113] [INFO] Starting gunicorn 23.0.0
2025-06-14 16:13:45: [2025-06-14 16:13:45 +0000] [180113] [INFO] Listening at: http://0.0.0.0:8000 (180113)
2025-06-14 16:13:45: [2025-06-14 16:13:45 +0000] [180113] [INFO] Using worker: sync
2025-06-14 16:13:45: [2025-06-14 16:13:45 +0000] [180118] [INFO] Booting worker with pid: 180118
2025-06-14 16:13:45: [2025-06-14 16:13:45 +0000] [180119] [INFO] Booting worker with pid: 180119
2025-06-14 16:13:45: [2025-06-14 16:13:45 +0000] [180127] [INFO] Booting worker with pid: 180127
2025-06-14 16:14:36: Bad Request: /payments/balance/
2025-06-14 16:14:43: Bad Request: /payments/balance/
2025-06-14 16:14:45: Not Found: /accounts/filter-users/7383335072/
2025-06-14 16:14:55: Not Found: /accounts/filter-users/7383335072/
2025-06-14 16:15:07: Not Found: /accounts/filter-users/7383335072/
2025-06-14 16:15:52: Not Found: /accounts/filter-users/7383335072/
2025-06-14 16:16:09: Not Found: /accounts/filter-users/7383335072/
2025-06-14 16:17:36: Not Found: /accounts/filter-users/7261647983/
2025-06-14 16:18:50: Not Found: /accounts/filter-users/7240609882/
2025-06-14 16:20:09: Bad Request: /payments/balance/
2025-06-14 16:20:11: Not Found: /accounts/filter-users/6844033886/
2025-06-14 16:20:12: Not Found: /accounts/filter-users/6844033886/
2025-06-14 16:20:14: Bad Request: /accounts/register/
2025-06-14 16:20:32: Not Found: /accounts/filter-users/6707302340/
2025-06-14 16:20:51: Not Found: /accounts/filter-users/5246939289/
2025-06-14 16:21:27: Bad Request: /payments/balance/
2025-06-14 16:21:51: Bad Request: /payments/balance/
2025-06-14 16:21:55: Not Found: /accounts/filter-users/1866775536/
2025-06-14 16:22:06: Not Found: /accounts/filter-users/6392919104/
2025-06-14 16:22:08: Bad Request: /accounts/register/
2025-06-14 16:22:37: Bad Request: /accounts/register/
2025-06-14 16:25:26: Bad Request: /payments/balance/
2025-06-14 16:25:28: Not Found: /accounts/filter-users/6163171353/
2025-06-14 16:25:35: Not Found: /accounts/filter-users/6163171353/
2025-06-14 16:25:38: Bad Request: /accounts/register/
2025-06-14 16:25:39: Not Found: /accounts/filter-users/7220479057/
2025-06-14 16:26:20: Internal Server Error: /payments/wallet/add-balance/
2025-06-14 16:26:20: Traceback (most recent call last):
2025-06-14 16:26:20:   File "/root/selambingo3/venv/lib/python3.8/site-packages/django/db/models/fields/__init__.py", line 2055, in get_prep_value
2025-06-14 16:26:20:     return int(value)
2025-06-14 16:26:20: ValueError: invalid literal for int() with base 10: 'add-balance'
2025-06-14 16:26:20: 
2025-06-14 16:26:20: The above exception was the direct cause of the following exception:
2025-06-14 16:26:20: 
2025-06-14 16:26:20: Traceback (most recent call last):
2025-06-14 16:26:20:   File "/root/selambingo3/venv/lib/python3.8/site-packages/django/core/handlers/exception.py", line 55, in inner
2025-06-14 16:26:20:     response = get_response(request)
2025-06-14 16:26:20:   File "/root/selambingo3/venv/lib/python3.8/site-packages/django/core/handlers/base.py", line 197, in _get_response
2025-06-14 16:26:20:     response = wrapped_callback(request, *callback_args, **callback_kwargs)
2025-06-14 16:26:20:   File "/root/selambingo3/venv/lib/python3.8/site-packages/django/views/decorators/csrf.py", line 56, in wrapper_view
2025-06-14 16:26:20:     return view_func(*args, **kwargs)
2025-06-14 16:26:20:   File "/root/selambingo3/payments/views.py", line 37, in get_wallet
2025-06-14 16:26:20:     telegram_user = TelegramUser.objects.filter(telegram_id=user_id).first()
2025-06-14 16:26:20:   File "/root/selambingo3/venv/lib/python3.8/site-packages/django/db/models/manager.py", line 87, in manager_method
2025-06-14 16:26:20:     return getattr(self.get_queryset(), name)(*args, **kwargs)
2025-06-14 16:26:20:   File "/root/selambingo3/venv/lib/python3.8/site-packages/django/db/models/query.py", line 1436, in filter
2025-06-14 16:26:20:     return self._filter_or_exclude(False, args, kwargs)
2025-06-14 16:26:20:   File "/root/selambingo3/venv/lib/python3.8/site-packages/django/db/models/query.py", line 1454, in _filter_or_exclude
2025-06-14 16:26:20:     clone._filter_or_exclude_inplace(negate, args, kwargs)
2025-06-14 16:26:20:   File "/root/selambingo3/venv/lib/python3.8/site-packages/django/db/models/query.py", line 1461, in _filter_or_exclude_inplace
2025-06-14 16:26:20:     self._query.add_q(Q(*args, **kwargs))
2025-06-14 16:26:20:   File "/root/selambingo3/venv/lib/python3.8/site-packages/django/db/models/sql/query.py", line 1498, in add_q
2025-06-14 16:26:20:     clause, _ = self._add_q(q_object, self.used_aliases)
2025-06-14 16:26:20:   File "/root/selambingo3/venv/lib/python3.8/site-packages/django/db/models/sql/query.py", line 1529, in _add_q
2025-06-14 16:26:20:     child_clause, needed_inner = self.build_filter(
2025-06-14 16:26:20:   File "/root/selambingo3/venv/lib/python3.8/site-packages/django/db/models/sql/query.py", line 1444, in build_filter
2025-06-14 16:26:20:     condition = self.build_lookup(lookups, col, value)
2025-06-14 16:26:20:   File "/root/selambingo3/venv/lib/python3.8/site-packages/django/db/models/sql/query.py", line 1271, in build_lookup
2025-06-14 16:26:20:     lookup = lookup_class(lhs, rhs)
2025-06-14 16:26:20:   File "/root/selambingo3/venv/lib/python3.8/site-packages/django/db/models/lookups.py", line 27, in __init__
2025-06-14 16:26:20:     self.rhs = self.get_prep_lookup()
2025-06-14 16:26:20:   File "/root/selambingo3/venv/lib/python3.8/site-packages/django/db/models/lookups.py", line 341, in get_prep_lookup
2025-06-14 16:26:20:     return super().get_prep_lookup()
2025-06-14 16:26:20:   File "/root/selambingo3/venv/lib/python3.8/site-packages/django/db/models/lookups.py", line 85, in get_prep_lookup
2025-06-14 16:26:20:     return self.lhs.output_field.get_prep_value(self.rhs)
2025-06-14 16:26:20:   File "/root/selambingo3/venv/lib/python3.8/site-packages/django/db/models/fields/__init__.py", line 2057, in get_prep_value
2025-06-14 16:26:20:     raise e.__class__(
2025-06-14 16:26:20: ValueError: Field 'telegram_id' expected a number but got 'add-balance'.
2025-06-14 16:26:27: Bad Request: /payments/balance/
2025-06-14 16:27:02: Internal Server Error: /payments/wallet/add-balance/
2025-06-14 16:27:02: Traceback (most recent call last):
2025-06-14 16:27:02:   File "/root/selambingo3/venv/lib/python3.8/site-packages/django/db/models/fields/__init__.py", line 2055, in get_prep_value
2025-06-14 16:27:02:     return int(value)
2025-06-14 16:27:02: ValueError: invalid literal for int() with base 10: 'add-balance'
2025-06-14 16:27:02: 
2025-06-14 16:27:02: The above exception was the direct cause of the following exception:
2025-06-14 16:27:02: 
2025-06-14 16:27:02: Traceback (most recent call last):
2025-06-14 16:27:02:   File "/root/selambingo3/venv/lib/python3.8/site-packages/django/core/handlers/exception.py", line 55, in inner
2025-06-14 16:27:02:     response = get_response(request)
2025-06-14 16:27:02:   File "/root/selambingo3/venv/lib/python3.8/site-packages/django/core/handlers/base.py", line 197, in _get_response
2025-06-14 16:27:02:     response = wrapped_callback(request, *callback_args, **callback_kwargs)
2025-06-14 16:27:02:   File "/root/selambingo3/venv/lib/python3.8/site-packages/django/views/decorators/csrf.py", line 56, in wrapper_view
2025-06-14 16:27:02:     return view_func(*args, **kwargs)
2025-06-14 16:27:02:   File "/root/selambingo3/payments/views.py", line 37, in get_wallet
2025-06-14 16:27:02:     telegram_user = TelegramUser.objects.filter(telegram_id=user_id).first()
2025-06-14 16:27:02:   File "/root/selambingo3/venv/lib/python3.8/site-packages/django/db/models/manager.py", line 87, in manager_method
2025-06-14 16:27:02:     return getattr(self.get_queryset(), name)(*args, **kwargs)
2025-06-14 16:27:02:   File "/root/selambingo3/venv/lib/python3.8/site-packages/django/db/models/query.py", line 1436, in filter
2025-06-14 16:27:02:     return self._filter_or_exclude(False, args, kwargs)
2025-06-14 16:27:02:   File "/root/selambingo3/venv/lib/python3.8/site-packages/django/db/models/query.py", line 1454, in _filter_or_exclude
2025-06-14 16:27:02:     clone._filter_or_exclude_inplace(negate, args, kwargs)
2025-06-14 16:27:02:   File "/root/selambingo3/venv/lib/python3.8/site-packages/django/db/models/query.py", line 1461, in _filter_or_exclude_inplace
2025-06-14 16:27:02:     self._query.add_q(Q(*args, **kwargs))
2025-06-14 16:27:02:   File "/root/selambingo3/venv/lib/python3.8/site-packages/django/db/models/sql/query.py", line 1498, in add_q
2025-06-14 16:27:02:     clause, _ = self._add_q(q_object, self.used_aliases)
2025-06-14 16:27:02:   File "/root/selambingo3/venv/lib/python3.8/site-packages/django/db/models/sql/query.py", line 1529, in _add_q
2025-06-14 16:27:02:     child_clause, needed_inner = self.build_filter(
2025-06-14 16:27:02:   File "/root/selambingo3/venv/lib/python3.8/site-packages/django/db/models/sql/query.py", line 1444, in build_filter
2025-06-14 16:27:02:     condition = self.build_lookup(lookups, col, value)
2025-06-14 16:27:02:   File "/root/selambingo3/venv/lib/python3.8/site-packages/django/db/models/sql/query.py", line 1271, in build_lookup
2025-06-14 16:27:02:     lookup = lookup_class(lhs, rhs)
2025-06-14 16:27:02:   File "/root/selambingo3/venv/lib/python3.8/site-packages/django/db/models/lookups.py", line 27, in __init__
2025-06-14 16:27:02:     self.rhs = self.get_prep_lookup()
2025-06-14 16:27:02:   File "/root/selambingo3/venv/lib/python3.8/site-packages/django/db/models/lookups.py", line 341, in get_prep_lookup
2025-06-14 16:27:02:     return super().get_prep_lookup()
2025-06-14 16:27:02:   File "/root/selambingo3/venv/lib/python3.8/site-packages/django/db/models/lookups.py", line 85, in get_prep_lookup
2025-06-14 16:27:02:     return self.lhs.output_field.get_prep_value(self.rhs)
2025-06-14 16:27:02:   File "/root/selambingo3/venv/lib/python3.8/site-packages/django/db/models/fields/__init__.py", line 2057, in get_prep_value
2025-06-14 16:27:02:     raise e.__class__(
2025-06-14 16:27:02: ValueError: Field 'telegram_id' expected a number but got 'add-balance'.
2025-06-14 16:28:21: Not Found: /accounts/filter-users/7427380545/
2025-06-14 16:28:48: Bad Request: /payments/balance/
2025-06-14 16:28:50: Not Found: /accounts/filter-users/6163171353/
2025-06-14 16:29:21: Bad Request: /payments/balance/
2025-06-14 16:29:36: Bad Request: /payments/balance/
2025-06-14 16:29:39: Not Found: /accounts/filter-users/6163171353/
2025-06-14 16:31:32: Bad Request: /payments/balance/
2025-06-14 16:31:37: Bad Request: /payments/balance/
2025-06-14 16:31:39: Bad Request: /payments/balance/
2025-06-14 16:31:59: Bad Request: /payments/balance/
2025-06-14 16:32:14: Bad Request: /payments/balance/
2025-06-14 16:32:58: Not Found: /accounts/filter-users/7318886335/
2025-06-14 16:33:04: Not Found: /accounts/filter-users/6434957169/
2025-06-14 16:34:44: Not Found: /accounts/filter-users/7570485612/
2025-06-14 16:36:52: Bad Request: /payments/balance/
2025-06-14 16:37:23: Bad Request: /payments/balance/
2025-06-14 16:37:27: Invalid HTTP_HOST header: '188.245.75.205:8000'. You may need to add '188.245.75.205' to ALLOWED_HOSTS.
2025-06-14 16:37:27: Traceback (most recent call last):
2025-06-14 16:37:27:   File "/root/selambingo3/venv/lib/python3.8/site-packages/django/core/handlers/exception.py", line 55, in inner
2025-06-14 16:37:27:     response = get_response(request)
2025-06-14 16:37:27:   File "/root/selambingo3/venv/lib/python3.8/site-packages/django/utils/deprecation.py", line 133, in __call__
2025-06-14 16:37:27:     response = self.process_request(request)
2025-06-14 16:37:27:   File "/root/selambingo3/venv/lib/python3.8/site-packages/django/middleware/common.py", line 48, in process_request
2025-06-14 16:37:27:     host = request.get_host()
2025-06-14 16:37:27:   File "/root/selambingo3/venv/lib/python3.8/site-packages/django/http/request.py", line 167, in get_host
2025-06-14 16:37:27:     raise DisallowedHost(msg)
2025-06-14 16:37:27: django.core.exceptions.DisallowedHost: Invalid HTTP_HOST header: '188.245.75.205:8000'. You may need to add '188.245.75.205' to ALLOWED_HOSTS.
2025-06-14 16:37:28: Bad Request: /
2025-06-14 16:37:28: Bad Request: /payments/balance/
2025-06-14 16:37:37: Bad Request: /payments/balance/
2025-06-14 16:37:38: Bad Request: /payments/balance/
2025-06-14 16:37:40: Bad Request: /payments/balance/
2025-06-14 16:37:46: Bad Request: /payments/balance/
2025-06-14 16:37:49: Bad Request: /payments/balance/
2025-06-14 16:37:51: Bad Request: /payments/balance/
2025-06-14 16:37:53: Bad Request: /payments/balance/
2025-06-14 16:37:53: Bad Request: /payments/balance/
2025-06-14 16:38:39: Not Found: /accounts/filter-users/7207009040/
2025-06-14 16:38:41: Not Found: /accounts/filter-users/7292586961/
2025-06-14 16:38:50: Not Found: /accounts/filter-users/7292586961/
2025-06-14 16:38:55: Bad Request: /payments/balance/
2025-06-14 16:38:59: Not Found: /accounts/filter-users/7292586961/
2025-06-14 16:39:20: Bad Request: /payments/balance/
2025-06-14 16:39:26: Not Found: /accounts/filter-users/7292586961/
2025-06-14 16:39:40: Not Found: /accounts/filter-users/7292586961/
2025-06-14 16:39:47: Bad Request: /payments/balance/
2025-06-14 16:39:58: Not Found: /accounts/filter-users/7292586961/
2025-06-14 16:40:16: Not Found: /accounts/filter-users/7292586961/
2025-06-14 16:40:21: Bad Request: /payments/balance/
2025-06-14 16:40:31: Bad Request: /payments/balance/
2025-06-14 16:40:40: Bad Request: /payments/balance/
2025-06-14 16:40:43: Bad Request: /payments/balance/
2025-06-14 16:40:45: Bad Request: /payments/balance/
2025-06-14 16:40:45: Bad Request: /payments/balance/
2025-06-14 16:40:47: Bad Request: /payments/balance/
2025-06-14 16:40:48: Bad Request: /payments/balance/
2025-06-14 16:41:10: Not Found: /accounts/filter-users/705605287/
2025-06-14 16:41:13: Not Found: /accounts/filter-users/705605287/
2025-06-14 16:41:43: Internal Server Error: /payments/wallet/add-balance/
2025-06-14 16:41:43: Traceback (most recent call last):
2025-06-14 16:41:43:   File "/root/selambingo3/venv/lib/python3.8/site-packages/django/db/models/fields/__init__.py", line 2055, in get_prep_value
2025-06-14 16:41:43:     return int(value)
2025-06-14 16:41:43: ValueError: invalid literal for int() with base 10: 'add-balance'
2025-06-14 16:41:43: 
2025-06-14 16:41:43: The above exception was the direct cause of the following exception:
2025-06-14 16:41:43: 
2025-06-14 16:41:43: Traceback (most recent call last):
2025-06-14 16:41:43:   File "/root/selambingo3/venv/lib/python3.8/site-packages/django/core/handlers/exception.py", line 55, in inner
2025-06-14 16:41:43:     response = get_response(request)
2025-06-14 16:41:43:   File "/root/selambingo3/venv/lib/python3.8/site-packages/django/core/handlers/base.py", line 197, in _get_response
2025-06-14 16:41:43:     response = wrapped_callback(request, *callback_args, **callback_kwargs)
2025-06-14 16:41:43:   File "/root/selambingo3/venv/lib/python3.8/site-packages/django/views/decorators/csrf.py", line 56, in wrapper_view
2025-06-14 16:41:43:     return view_func(*args, **kwargs)
2025-06-14 16:41:43:   File "/root/selambingo3/payments/views.py", line 37, in get_wallet
2025-06-14 16:41:43:     telegram_user = TelegramUser.objects.filter(telegram_id=user_id).first()
2025-06-14 16:41:43:   File "/root/selambingo3/venv/lib/python3.8/site-packages/django/db/models/manager.py", line 87, in manager_method
2025-06-14 16:41:43:     return getattr(self.get_queryset(), name)(*args, **kwargs)
2025-06-14 16:41:43:   File "/root/selambingo3/venv/lib/python3.8/site-packages/django/db/models/query.py", line 1436, in filter
2025-06-14 16:41:43:     return self._filter_or_exclude(False, args, kwargs)
2025-06-14 16:41:43:   File "/root/selambingo3/venv/lib/python3.8/site-packages/django/db/models/query.py", line 1454, in _filter_or_exclude
2025-06-14 16:41:43:     clone._filter_or_exclude_inplace(negate, args, kwargs)
2025-06-14 16:41:43:   File "/root/selambingo3/venv/lib/python3.8/site-packages/django/db/models/query.py", line 1461, in _filter_or_exclude_inplace
2025-06-14 16:41:43:     self._query.add_q(Q(*args, **kwargs))
2025-06-14 16:41:43:   File "/root/selambingo3/venv/lib/python3.8/site-packages/django/db/models/sql/query.py", line 1498, in add_q
2025-06-14 16:41:43:     clause, _ = self._add_q(q_object, self.used_aliases)
2025-06-14 16:41:43:   File "/root/selambingo3/venv/lib/python3.8/site-packages/django/db/models/sql/query.py", line 1529, in _add_q
2025-06-14 16:41:43:     child_clause, needed_inner = self.build_filter(
2025-06-14 16:41:43:   File "/root/selambingo3/venv/lib/python3.8/site-packages/django/db/models/sql/query.py", line 1444, in build_filter
2025-06-14 16:41:43:     condition = self.build_lookup(lookups, col, value)
2025-06-14 16:41:43:   File "/root/selambingo3/venv/lib/python3.8/site-packages/django/db/models/sql/query.py", line 1271, in build_lookup
2025-06-14 16:41:43:     lookup = lookup_class(lhs, rhs)
2025-06-14 16:41:43:   File "/root/selambingo3/venv/lib/python3.8/site-packages/django/db/models/lookups.py", line 27, in __init__
2025-06-14 16:41:43:     self.rhs = self.get_prep_lookup()
2025-06-14 16:41:43:   File "/root/selambingo3/venv/lib/python3.8/site-packages/django/db/models/lookups.py", line 341, in get_prep_lookup
2025-06-14 16:41:43:     return super().get_prep_lookup()
2025-06-14 16:41:43:   File "/root/selambingo3/venv/lib/python3.8/site-packages/django/db/models/lookups.py", line 85, in get_prep_lookup
2025-06-14 16:41:43:     return self.lhs.output_field.get_prep_value(self.rhs)
2025-06-14 16:41:43:   File "/root/selambingo3/venv/lib/python3.8/site-packages/django/db/models/fields/__init__.py", line 2057, in get_prep_value
2025-06-14 16:41:43:     raise e.__class__(
2025-06-14 16:41:43: ValueError: Field 'telegram_id' expected a number but got 'add-balance'.
2025-06-14 16:41:48: Not Found: /accounts/filter-users/7723579307/
2025-06-14 16:41:59: Bad Request: /payments/balance/
2025-06-14 16:42:57: Bad Request: /payments/balance/
2025-06-14 16:43:03: Not Found: /accounts/filter-users/8088306069/
2025-06-14 16:44:45: Not Found: /
2025-06-14 16:44:55: Not Found: /accounts/filter-users/1686850771/
2025-06-14 16:44:58: Not Found: /accounts/filter-users/1686850771/
2025-06-14 16:45:06: Bad Request: /payments/balance/
2025-06-14 16:45:09: Bad Request: /payments/balance/
2025-06-14 16:45:10: Bad Request: /payments/balance/
2025-06-14 16:45:11: Bad Request: /payments/balance/
2025-06-14 16:45:11: [2025-06-14 16:45:11 +0000] [180113] [INFO] Handling signal: int
2025-06-14 16:45:12: [2025-06-14 16:45:12 +0000] [180119] [INFO] Worker exiting (pid: 180119)
2025-06-14 16:45:12: [2025-06-14 16:45:12 +0000] [180118] [INFO] Worker exiting (pid: 180118)
2025-06-14 16:45:12: [2025-06-14 16:45:12 +0000] [180127] [INFO] Worker exiting (pid: 180127)
2025-06-14 16:45:12: [2025-06-14 16:45:12 +0000] [180113] [INFO] Shutting down: Master
2025-06-14 16:45:13: [2025-06-14 16:45:13 +0000] [183610] [INFO] Starting gunicorn 23.0.0
2025-06-14 16:45:13: [2025-06-14 16:45:13 +0000] [183610] [INFO] Listening at: http://0.0.0.0:8000 (183610)
2025-06-14 16:45:13: [2025-06-14 16:45:13 +0000] [183610] [INFO] Using worker: sync
2025-06-14 16:45:13: [2025-06-14 16:45:13 +0000] [183613] [INFO] Booting worker with pid: 183613
2025-06-14 16:45:13: [2025-06-14 16:45:13 +0000] [183614] [INFO] Booting worker with pid: 183614
2025-06-14 16:45:13: [2025-06-14 16:45:13 +0000] [183618] [INFO] Booting worker with pid: 183618
2025-06-14 16:45:14: Bad Request: /payments/balance/
2025-06-14 16:45:15: Bad Request: /payments/balance/
2025-06-14 16:45:16: Bad Request: /payments/balance/
2025-06-14 16:45:17: Bad Request: /payments/balance/
2025-06-14 16:45:18: Bad Request: /payments/balance/
2025-06-14 16:45:18: Bad Request: /payments/balance/
2025-06-14 16:45:44: Not Found: /accounts/filter-users/7003353059/
2025-06-14 16:46:47: Bad Request: /payments/balance/
2025-06-14 16:46:49: Not Found: /accounts/filter-users/6844033886/
2025-06-14 16:46:52: Not Found: /accounts/filter-users/6844033886/
2025-06-14 16:46:54: Bad Request: /accounts/register/
2025-06-14 16:46:56: Internal Server Error: /payments/wallet/add-balance/
2025-06-14 16:46:56: Traceback (most recent call last):
2025-06-14 16:46:56:   File "/root/selambingo3/venv/lib/python3.8/site-packages/django/db/models/fields/__init__.py", line 2055, in get_prep_value
2025-06-14 16:46:56:     return int(value)
2025-06-14 16:46:56: ValueError: invalid literal for int() with base 10: 'add-balance'
2025-06-14 16:46:56: 
2025-06-14 16:46:56: The above exception was the direct cause of the following exception:
2025-06-14 16:46:56: 
2025-06-14 16:46:56: Traceback (most recent call last):
2025-06-14 16:46:56:   File "/root/selambingo3/venv/lib/python3.8/site-packages/django/core/handlers/exception.py", line 55, in inner
2025-06-14 16:46:56:     response = get_response(request)
2025-06-14 16:46:56:   File "/root/selambingo3/venv/lib/python3.8/site-packages/django/core/handlers/base.py", line 197, in _get_response
2025-06-14 16:46:56:     response = wrapped_callback(request, *callback_args, **callback_kwargs)
2025-06-14 16:46:56:   File "/root/selambingo3/venv/lib/python3.8/site-packages/django/views/decorators/csrf.py", line 56, in wrapper_view
2025-06-14 16:46:56:     return view_func(*args, **kwargs)
2025-06-14 16:46:56:   File "/root/selambingo3/payments/views.py", line 37, in get_wallet
2025-06-14 16:46:56:     telegram_user = TelegramUser.objects.filter(telegram_id=user_id).first()
2025-06-14 16:46:56:   File "/root/selambingo3/venv/lib/python3.8/site-packages/django/db/models/manager.py", line 87, in manager_method
2025-06-14 16:46:56:     return getattr(self.get_queryset(), name)(*args, **kwargs)
2025-06-14 16:46:56:   File "/root/selambingo3/venv/lib/python3.8/site-packages/django/db/models/query.py", line 1436, in filter
2025-06-14 16:46:56:     return self._filter_or_exclude(False, args, kwargs)
2025-06-14 16:46:56:   File "/root/selambingo3/venv/lib/python3.8/site-packages/django/db/models/query.py", line 1454, in _filter_or_exclude
2025-06-14 16:46:56:     clone._filter_or_exclude_inplace(negate, args, kwargs)
2025-06-14 16:46:56:   File "/root/selambingo3/venv/lib/python3.8/site-packages/django/db/models/query.py", line 1461, in _filter_or_exclude_inplace
2025-06-14 16:46:56:     self._query.add_q(Q(*args, **kwargs))
2025-06-14 16:46:56:   File "/root/selambingo3/venv/lib/python3.8/site-packages/django/db/models/sql/query.py", line 1498, in add_q
2025-06-14 16:46:56:     clause, _ = self._add_q(q_object, self.used_aliases)
2025-06-14 16:46:56:   File "/root/selambingo3/venv/lib/python3.8/site-packages/django/db/models/sql/query.py", line 1529, in _add_q
2025-06-14 16:46:56:     child_clause, needed_inner = self.build_filter(
2025-06-14 16:46:56:   File "/root/selambingo3/venv/lib/python3.8/site-packages/django/db/models/sql/query.py", line 1444, in build_filter
2025-06-14 16:46:56:     condition = self.build_lookup(lookups, col, value)
2025-06-14 16:46:56:   File "/root/selambingo3/venv/lib/python3.8/site-packages/django/db/models/sql/query.py", line 1271, in build_lookup
2025-06-14 16:46:56:     lookup = lookup_class(lhs, rhs)
2025-06-14 16:46:56:   File "/root/selambingo3/venv/lib/python3.8/site-packages/django/db/models/lookups.py", line 27, in __init__
2025-06-14 16:46:56:     self.rhs = self.get_prep_lookup()
2025-06-14 16:46:56:   File "/root/selambingo3/venv/lib/python3.8/site-packages/django/db/models/lookups.py", line 341, in get_prep_lookup
2025-06-14 16:46:56:     return super().get_prep_lookup()
2025-06-14 16:46:56:   File "/root/selambingo3/venv/lib/python3.8/site-packages/django/db/models/lookups.py", line 85, in get_prep_lookup
2025-06-14 16:46:56:     return self.lhs.output_field.get_prep_value(self.rhs)
2025-06-14 16:46:56:   File "/root/selambingo3/venv/lib/python3.8/site-packages/django/db/models/fields/__init__.py", line 2057, in get_prep_value
2025-06-14 16:46:56:     raise e.__class__(
2025-06-14 16:46:56: ValueError: Field 'telegram_id' expected a number but got 'add-balance'.
2025-06-14 16:47:24: Bad Request: /payments/balance/
2025-06-14 16:48:28: Bad Request: /payments/balance/
2025-06-14 16:48:53: Internal Server Error: /payments/wallet/add-balance/
2025-06-14 16:48:53: Traceback (most recent call last):
2025-06-14 16:48:53:   File "/root/selambingo3/venv/lib/python3.8/site-packages/django/db/models/fields/__init__.py", line 2055, in get_prep_value
2025-06-14 16:48:53:     return int(value)
2025-06-14 16:48:53: ValueError: invalid literal for int() with base 10: 'add-balance'
2025-06-14 16:48:53: 
2025-06-14 16:48:53: The above exception was the direct cause of the following exception:
2025-06-14 16:48:53: 
2025-06-14 16:48:53: Traceback (most recent call last):
2025-06-14 16:48:53:   File "/root/selambingo3/venv/lib/python3.8/site-packages/django/core/handlers/exception.py", line 55, in inner
2025-06-14 16:48:53:     response = get_response(request)
2025-06-14 16:48:53:   File "/root/selambingo3/venv/lib/python3.8/site-packages/django/core/handlers/base.py", line 197, in _get_response
2025-06-14 16:48:53:     response = wrapped_callback(request, *callback_args, **callback_kwargs)
2025-06-14 16:48:53:   File "/root/selambingo3/venv/lib/python3.8/site-packages/django/views/decorators/csrf.py", line 56, in wrapper_view
2025-06-14 16:48:53:     return view_func(*args, **kwargs)
2025-06-14 16:48:53:   File "/root/selambingo3/payments/views.py", line 37, in get_wallet
2025-06-14 16:48:53:     telegram_user = TelegramUser.objects.filter(telegram_id=user_id).first()
2025-06-14 16:48:53:   File "/root/selambingo3/venv/lib/python3.8/site-packages/django/db/models/manager.py", line 87, in manager_method
2025-06-14 16:48:53:     return getattr(self.get_queryset(), name)(*args, **kwargs)
2025-06-14 16:48:53:   File "/root/selambingo3/venv/lib/python3.8/site-packages/django/db/models/query.py", line 1436, in filter
2025-06-14 16:48:53:     return self._filter_or_exclude(False, args, kwargs)
2025-06-14 16:48:53:   File "/root/selambingo3/venv/lib/python3.8/site-packages/django/db/models/query.py", line 1454, in _filter_or_exclude
2025-06-14 16:48:53:     clone._filter_or_exclude_inplace(negate, args, kwargs)
2025-06-14 16:48:53:   File "/root/selambingo3/venv/lib/python3.8/site-packages/django/db/models/query.py", line 1461, in _filter_or_exclude_inplace
2025-06-14 16:48:53:     self._query.add_q(Q(*args, **kwargs))
2025-06-14 16:48:53:   File "/root/selambingo3/venv/lib/python3.8/site-packages/django/db/models/sql/query.py", line 1498, in add_q
2025-06-14 16:48:53:     clause, _ = self._add_q(q_object, self.used_aliases)
2025-06-14 16:48:53:   File "/root/selambingo3/venv/lib/python3.8/site-packages/django/db/models/sql/query.py", line 1529, in _add_q
2025-06-14 16:48:53:     child_clause, needed_inner = self.build_filter(
2025-06-14 16:48:53:   File "/root/selambingo3/venv/lib/python3.8/site-packages/django/db/models/sql/query.py", line 1444, in build_filter
2025-06-14 16:48:53:     condition = self.build_lookup(lookups, col, value)
2025-06-14 16:48:53:   File "/root/selambingo3/venv/lib/python3.8/site-packages/django/db/models/sql/query.py", line 1271, in build_lookup
2025-06-14 16:48:53:     lookup = lookup_class(lhs, rhs)
2025-06-14 16:48:53:   File "/root/selambingo3/venv/lib/python3.8/site-packages/django/db/models/lookups.py", line 27, in __init__
2025-06-14 16:48:53:     self.rhs = self.get_prep_lookup()
2025-06-14 16:48:53:   File "/root/selambingo3/venv/lib/python3.8/site-packages/django/db/models/lookups.py", line 341, in get_prep_lookup
2025-06-14 16:48:53:     return super().get_prep_lookup()
2025-06-14 16:48:53:   File "/root/selambingo3/venv/lib/python3.8/site-packages/django/db/models/lookups.py", line 85, in get_prep_lookup
2025-06-14 16:48:53:     return self.lhs.output_field.get_prep_value(self.rhs)
2025-06-14 16:48:53:   File "/root/selambingo3/venv/lib/python3.8/site-packages/django/db/models/fields/__init__.py", line 2057, in get_prep_value
2025-06-14 16:48:53:     raise e.__class__(
2025-06-14 16:48:53: ValueError: Field 'telegram_id' expected a number but got 'add-balance'.
2025-06-14 16:49:01: Not Found: /accounts/filter-users/7723579307/
2025-06-14 16:49:16: Bad Request: /payments/balance/
2025-06-14 16:49:16: Not Found: /accounts/filter-users/8184565033/
2025-06-14 16:49:17: Not Found: /accounts/filter-users/7723579307/
2025-06-14 16:49:35: Bad Request: /payments/balance/
2025-06-14 16:49:36: Not Found: /accounts/filter-users/7723579307/
2025-06-14 16:49:56: Not Found: /accounts/filter-users/6493907374/
2025-06-14 16:49:58: Not Found: /accounts/filter-users/6493907374/
2025-06-14 16:50:04: Bad Request: /payments/balance/
2025-06-14 16:50:06: Not Found: /accounts/filter-users/7723579307/
2025-06-14 16:50:08: Bad Request: /payments/balance/
2025-06-14 16:50:35: Bad Request: /payments/balance/
2025-06-14 16:50:36: Not Found: /accounts/filter-users/8131033570/
2025-06-14 16:50:37: Not Found: /accounts/filter-users/7723579307/
2025-06-14 16:50:41: Not Found: /accounts/filter-users/7723579307/
2025-06-14 16:51:01: Not Found: /accounts/filter-users/1464395537/
2025-06-14 16:51:06: Not Found: /accounts/filter-users/1464395537/
2025-06-14 16:51:19: Not Found: /accounts/filter-users/7901157926/
2025-06-14 16:51:22: Not Found: /accounts/filter-users/6864938217/
2025-06-14 16:51:25: Bad Request: /accounts/register/
2025-06-14 16:51:33: Bad Request: /payments/balance/
2025-06-14 16:51:35: Not Found: /accounts/filter-users/6864938217/
2025-06-14 16:51:57: Bad Request: /payments/balance/
2025-06-14 16:51:59: Not Found: /accounts/filter-users/6864938217/
2025-06-14 16:52:08: Not Found: /accounts/filter-users/6864938217/
2025-06-14 16:52:26: Bad Request: /payments/balance/
2025-06-14 16:52:28: Not Found: /accounts/filter-users/6864938217/
2025-06-14 16:52:45: Not Found: /accounts/filter-users/7586147572/
2025-06-14 16:54:06: Internal Server Error: /payments/wallet/add-balance/
2025-06-14 16:54:06: Traceback (most recent call last):
2025-06-14 16:54:06:   File "/root/selambingo3/venv/lib/python3.8/site-packages/django/db/models/fields/__init__.py", line 2055, in get_prep_value
2025-06-14 16:54:06:     return int(value)
2025-06-14 16:54:06: ValueError: invalid literal for int() with base 10: 'add-balance'
2025-06-14 16:54:06: 
2025-06-14 16:54:06: The above exception was the direct cause of the following exception:
2025-06-14 16:54:06: 
2025-06-14 16:54:06: Traceback (most recent call last):
2025-06-14 16:54:06:   File "/root/selambingo3/venv/lib/python3.8/site-packages/django/core/handlers/exception.py", line 55, in inner
2025-06-14 16:54:06:     response = get_response(request)
2025-06-14 16:54:06:   File "/root/selambingo3/venv/lib/python3.8/site-packages/django/core/handlers/base.py", line 197, in _get_response
2025-06-14 16:54:06:     response = wrapped_callback(request, *callback_args, **callback_kwargs)
2025-06-14 16:54:06:   File "/root/selambingo3/venv/lib/python3.8/site-packages/django/views/decorators/csrf.py", line 56, in wrapper_view
2025-06-14 16:54:06:     return view_func(*args, **kwargs)
2025-06-14 16:54:06:   File "/root/selambingo3/payments/views.py", line 37, in get_wallet
2025-06-14 16:54:06:     telegram_user = TelegramUser.objects.filter(telegram_id=user_id).first()
2025-06-14 16:54:06:   File "/root/selambingo3/venv/lib/python3.8/site-packages/django/db/models/manager.py", line 87, in manager_method
2025-06-14 16:54:06:     return getattr(self.get_queryset(), name)(*args, **kwargs)
2025-06-14 16:54:06:   File "/root/selambingo3/venv/lib/python3.8/site-packages/django/db/models/query.py", line 1436, in filter
2025-06-14 16:54:06:     return self._filter_or_exclude(False, args, kwargs)
2025-06-14 16:54:06:   File "/root/selambingo3/venv/lib/python3.8/site-packages/django/db/models/query.py", line 1454, in _filter_or_exclude
2025-06-14 16:54:06:     clone._filter_or_exclude_inplace(negate, args, kwargs)
2025-06-14 16:54:06:   File "/root/selambingo3/venv/lib/python3.8/site-packages/django/db/models/query.py", line 1461, in _filter_or_exclude_inplace
2025-06-14 16:54:06:     self._query.add_q(Q(*args, **kwargs))
2025-06-14 16:54:06:   File "/root/selambingo3/venv/lib/python3.8/site-packages/django/db/models/sql/query.py", line 1498, in add_q
2025-06-14 16:54:06:     clause, _ = self._add_q(q_object, self.used_aliases)
2025-06-14 16:54:06:   File "/root/selambingo3/venv/lib/python3.8/site-packages/django/db/models/sql/query.py", line 1529, in _add_q
2025-06-14 16:54:06:     child_clause, needed_inner = self.build_filter(
2025-06-14 16:54:06:   File "/root/selambingo3/venv/lib/python3.8/site-packages/django/db/models/sql/query.py", line 1444, in build_filter
2025-06-14 16:54:06:     condition = self.build_lookup(lookups, col, value)
2025-06-14 16:54:06:   File "/root/selambingo3/venv/lib/python3.8/site-packages/django/db/models/sql/query.py", line 1271, in build_lookup
2025-06-14 16:54:06:     lookup = lookup_class(lhs, rhs)
2025-06-14 16:54:06:   File "/root/selambingo3/venv/lib/python3.8/site-packages/django/db/models/lookups.py", line 27, in __init__
2025-06-14 16:54:06:     self.rhs = self.get_prep_lookup()
2025-06-14 16:54:06:   File "/root/selambingo3/venv/lib/python3.8/site-packages/django/db/models/lookups.py", line 341, in get_prep_lookup
2025-06-14 16:54:06:     return super().get_prep_lookup()
2025-06-14 16:54:06:   File "/root/selambingo3/venv/lib/python3.8/site-packages/django/db/models/lookups.py", line 85, in get_prep_lookup
2025-06-14 16:54:06:     return self.lhs.output_field.get_prep_value(self.rhs)
2025-06-14 16:54:06:   File "/root/selambingo3/venv/lib/python3.8/site-packages/django/db/models/fields/__init__.py", line 2057, in get_prep_value
2025-06-14 16:54:06:     raise e.__class__(
2025-06-14 16:54:06: ValueError: Field 'telegram_id' expected a number but got 'add-balance'.
2025-06-14 16:54:29: [2025-06-14 16:54:29 +0000] [183610] [INFO] Handling signal: int
2025-06-14 16:54:29: [2025-06-14 16:54:29 +0000] [183618] [INFO] Worker exiting (pid: 183618)
2025-06-14 16:54:29: [2025-06-14 16:54:29 +0000] [183614] [INFO] Worker exiting (pid: 183614)
2025-06-14 16:54:29: [2025-06-14 16:54:29 +0000] [183613] [INFO] Worker exiting (pid: 183613)
2025-06-14 16:54:30: [2025-06-14 16:54:30 +0000] [183610] [INFO] Shutting down: Master
2025-06-14 16:54:31: [2025-06-14 16:54:31 +0000] [185678] [INFO] Starting gunicorn 23.0.0
2025-06-14 16:54:31: [2025-06-14 16:54:31 +0000] [185678] [INFO] Listening at: http://0.0.0.0:8000 (185678)
2025-06-14 16:54:31: [2025-06-14 16:54:31 +0000] [185678] [INFO] Using worker: sync
2025-06-14 16:54:31: [2025-06-14 16:54:31 +0000] [185709] [INFO] Booting worker with pid: 185709
2025-06-14 16:54:31: [2025-06-14 16:54:31 +0000] [185710] [INFO] Booting worker with pid: 185710
2025-06-14 16:54:31: [2025-06-14 16:54:31 +0000] [185711] [INFO] Booting worker with pid: 185711
2025-06-14 16:54:33: Not Found: /accounts/filter-users/5340108602/
2025-06-14 16:54:53: [2025-06-14 16:54:53 +0000] [185678] [INFO] Handling signal: int
2025-06-14 16:54:53: [2025-06-14 16:54:53 +0000] [185709] [INFO] Worker exiting (pid: 185709)
2025-06-14 16:54:53: [2025-06-14 16:54:53 +0000] [185710] [INFO] Worker exiting (pid: 185710)
2025-06-14 16:54:53: [2025-06-14 16:54:53 +0000] [185711] [INFO] Worker exiting (pid: 185711)
2025-06-14 16:54:54: [2025-06-14 16:54:54 +0000] [185678] [INFO] Shutting down: Master
2025-06-14 16:54:54: [2025-06-14 16:54:54 +0000] [185783] [INFO] Starting gunicorn 23.0.0
2025-06-14 16:54:54: [2025-06-14 16:54:54 +0000] [185783] [INFO] Listening at: http://0.0.0.0:8000 (185783)
2025-06-14 16:54:54: [2025-06-14 16:54:54 +0000] [185783] [INFO] Using worker: sync
2025-06-14 16:54:54: [2025-06-14 16:54:54 +0000] [185816] [INFO] Booting worker with pid: 185816
2025-06-14 16:54:54: [2025-06-14 16:54:54 +0000] [185819] [INFO] Booting worker with pid: 185819
2025-06-14 16:54:54: [2025-06-14 16:54:54 +0000] [185827] [INFO] Booting worker with pid: 185827
2025-06-14 16:56:02: Not Found: /accounts/filter-users/5685335989/
2025-06-14 16:56:35: Not Found: /accounts/filter-users/7393518839/
2025-06-14 16:57:00: Not Found: /accounts/filter-users/2025298509/
2025-06-14 16:57:26: Internal Server Error: /payments/wallet/add-balance/
2025-06-14 16:57:26: Traceback (most recent call last):
2025-06-14 16:57:26:   File "/root/selambingo3/venv/lib/python3.8/site-packages/django/db/models/fields/__init__.py", line 2055, in get_prep_value
2025-06-14 16:57:26:     return int(value)
2025-06-14 16:57:26: ValueError: invalid literal for int() with base 10: 'add-balance'
2025-06-14 16:57:26: 
2025-06-14 16:57:26: The above exception was the direct cause of the following exception:
2025-06-14 16:57:26: 
2025-06-14 16:57:26: Traceback (most recent call last):
2025-06-14 16:57:26:   File "/root/selambingo3/venv/lib/python3.8/site-packages/django/core/handlers/exception.py", line 55, in inner
2025-06-14 16:57:26:     response = get_response(request)
2025-06-14 16:57:26:   File "/root/selambingo3/venv/lib/python3.8/site-packages/django/core/handlers/base.py", line 197, in _get_response
2025-06-14 16:57:26:     response = wrapped_callback(request, *callback_args, **callback_kwargs)
2025-06-14 16:57:26:   File "/root/selambingo3/venv/lib/python3.8/site-packages/django/views/decorators/csrf.py", line 56, in wrapper_view
2025-06-14 16:57:26:     return view_func(*args, **kwargs)
2025-06-14 16:57:26:   File "/root/selambingo3/payments/views.py", line 37, in get_wallet
2025-06-14 16:57:26:     telegram_user = TelegramUser.objects.filter(telegram_id=user_id).first()
2025-06-14 16:57:26:   File "/root/selambingo3/venv/lib/python3.8/site-packages/django/db/models/manager.py", line 87, in manager_method
2025-06-14 16:57:26:     return getattr(self.get_queryset(), name)(*args, **kwargs)
2025-06-14 16:57:26:   File "/root/selambingo3/venv/lib/python3.8/site-packages/django/db/models/query.py", line 1436, in filter
2025-06-14 16:57:26:     return self._filter_or_exclude(False, args, kwargs)
2025-06-14 16:57:26:   File "/root/selambingo3/venv/lib/python3.8/site-packages/django/db/models/query.py", line 1454, in _filter_or_exclude
2025-06-14 16:57:26:     clone._filter_or_exclude_inplace(negate, args, kwargs)
2025-06-14 16:57:26:   File "/root/selambingo3/venv/lib/python3.8/site-packages/django/db/models/query.py", line 1461, in _filter_or_exclude_inplace
2025-06-14 16:57:26:     self._query.add_q(Q(*args, **kwargs))
2025-06-14 16:57:26:   File "/root/selambingo3/venv/lib/python3.8/site-packages/django/db/models/sql/query.py", line 1498, in add_q
2025-06-14 16:57:26:     clause, _ = self._add_q(q_object, self.used_aliases)
2025-06-14 16:57:26:   File "/root/selambingo3/venv/lib/python3.8/site-packages/django/db/models/sql/query.py", line 1529, in _add_q
2025-06-14 16:57:26:     child_clause, needed_inner = self.build_filter(
2025-06-14 16:57:26:   File "/root/selambingo3/venv/lib/python3.8/site-packages/django/db/models/sql/query.py", line 1444, in build_filter
2025-06-14 16:57:26:     condition = self.build_lookup(lookups, col, value)
2025-06-14 16:57:26:   File "/root/selambingo3/venv/lib/python3.8/site-packages/django/db/models/sql/query.py", line 1271, in build_lookup
2025-06-14 16:57:26:     lookup = lookup_class(lhs, rhs)
2025-06-14 16:57:26:   File "/root/selambingo3/venv/lib/python3.8/site-packages/django/db/models/lookups.py", line 27, in __init__
2025-06-14 16:57:26:     self.rhs = self.get_prep_lookup()
2025-06-14 16:57:26:   File "/root/selambingo3/venv/lib/python3.8/site-packages/django/db/models/lookups.py", line 341, in get_prep_lookup
2025-06-14 16:57:26:     return super().get_prep_lookup()
2025-06-14 16:57:26:   File "/root/selambingo3/venv/lib/python3.8/site-packages/django/db/models/lookups.py", line 85, in get_prep_lookup
2025-06-14 16:57:26:     return self.lhs.output_field.get_prep_value(self.rhs)
2025-06-14 16:57:26:   File "/root/selambingo3/venv/lib/python3.8/site-packages/django/db/models/fields/__init__.py", line 2057, in get_prep_value
2025-06-14 16:57:26:     raise e.__class__(
2025-06-14 16:57:26: ValueError: Field 'telegram_id' expected a number but got 'add-balance'.
2025-06-14 16:57:47: Not Found: /accounts/filter-users/5953007775/
2025-06-14 16:59:26: Not Found: /accounts/filter-users/7805555162/
2025-06-14 16:59:29: Not Found: /accounts/filter-users/7805555162/
2025-06-14 16:59:42: Internal Server Error: /payments/wallet/add-balance/
2025-06-14 16:59:42: Traceback (most recent call last):
2025-06-14 16:59:42:   File "/root/selambingo3/venv/lib/python3.8/site-packages/django/db/models/fields/__init__.py", line 2055, in get_prep_value
2025-06-14 16:59:42:     return int(value)
2025-06-14 16:59:42: ValueError: invalid literal for int() with base 10: 'add-balance'
2025-06-14 16:59:42: 
2025-06-14 16:59:42: The above exception was the direct cause of the following exception:
2025-06-14 16:59:42: 
2025-06-14 16:59:42: Traceback (most recent call last):
2025-06-14 16:59:42:   File "/root/selambingo3/venv/lib/python3.8/site-packages/django/core/handlers/exception.py", line 55, in inner
2025-06-14 16:59:42:     response = get_response(request)
2025-06-14 16:59:42:   File "/root/selambingo3/venv/lib/python3.8/site-packages/django/core/handlers/base.py", line 197, in _get_response
2025-06-14 16:59:42:     response = wrapped_callback(request, *callback_args, **callback_kwargs)
2025-06-14 16:59:42:   File "/root/selambingo3/venv/lib/python3.8/site-packages/django/views/decorators/csrf.py", line 56, in wrapper_view
2025-06-14 16:59:42:     return view_func(*args, **kwargs)
2025-06-14 16:59:42:   File "/root/selambingo3/payments/views.py", line 37, in get_wallet
2025-06-14 16:59:42:     telegram_user = TelegramUser.objects.filter(telegram_id=user_id).first()
2025-06-14 16:59:42:   File "/root/selambingo3/venv/lib/python3.8/site-packages/django/db/models/manager.py", line 87, in manager_method
2025-06-14 16:59:42:     return getattr(self.get_queryset(), name)(*args, **kwargs)
2025-06-14 16:59:42:   File "/root/selambingo3/venv/lib/python3.8/site-packages/django/db/models/query.py", line 1436, in filter
2025-06-14 16:59:42:     return self._filter_or_exclude(False, args, kwargs)
2025-06-14 16:59:42:   File "/root/selambingo3/venv/lib/python3.8/site-packages/django/db/models/query.py", line 1454, in _filter_or_exclude
2025-06-14 16:59:42:     clone._filter_or_exclude_inplace(negate, args, kwargs)
2025-06-14 16:59:42:   File "/root/selambingo3/venv/lib/python3.8/site-packages/django/db/models/query.py", line 1461, in _filter_or_exclude_inplace
2025-06-14 16:59:42:     self._query.add_q(Q(*args, **kwargs))
2025-06-14 16:59:42:   File "/root/selambingo3/venv/lib/python3.8/site-packages/django/db/models/sql/query.py", line 1498, in add_q
2025-06-14 16:59:42:     clause, _ = self._add_q(q_object, self.used_aliases)
2025-06-14 16:59:42:   File "/root/selambingo3/venv/lib/python3.8/site-packages/django/db/models/sql/query.py", line 1529, in _add_q
2025-06-14 16:59:42:     child_clause, needed_inner = self.build_filter(
2025-06-14 16:59:42:   File "/root/selambingo3/venv/lib/python3.8/site-packages/django/db/models/sql/query.py", line 1444, in build_filter
2025-06-14 16:59:42:     condition = self.build_lookup(lookups, col, value)
2025-06-14 16:59:42:   File "/root/selambingo3/venv/lib/python3.8/site-packages/django/db/models/sql/query.py", line 1271, in build_lookup
2025-06-14 16:59:42:     lookup = lookup_class(lhs, rhs)
2025-06-14 16:59:42:   File "/root/selambingo3/venv/lib/python3.8/site-packages/django/db/models/lookups.py", line 27, in __init__
2025-06-14 16:59:42:     self.rhs = self.get_prep_lookup()
2025-06-14 16:59:42:   File "/root/selambingo3/venv/lib/python3.8/site-packages/django/db/models/lookups.py", line 341, in get_prep_lookup
2025-06-14 16:59:42:     return super().get_prep_lookup()
2025-06-14 16:59:42:   File "/root/selambingo3/venv/lib/python3.8/site-packages/django/db/models/lookups.py", line 85, in get_prep_lookup
2025-06-14 16:59:42:     return self.lhs.output_field.get_prep_value(self.rhs)
2025-06-14 16:59:42:   File "/root/selambingo3/venv/lib/python3.8/site-packages/django/db/models/fields/__init__.py", line 2057, in get_prep_value
2025-06-14 16:59:42:     raise e.__class__(
2025-06-14 16:59:42: ValueError: Field 'telegram_id' expected a number but got 'add-balance'.
2025-06-14 16:59:56: Not Found: /accounts/filter-users/5592606492/
2025-06-14 17:00:25: Internal Server Error: /payments/wallet/add-balance/
2025-06-14 17:00:25: Traceback (most recent call last):
2025-06-14 17:00:25:   File "/root/selambingo3/venv/lib/python3.8/site-packages/django/db/models/fields/__init__.py", line 2055, in get_prep_value
2025-06-14 17:00:25:     return int(value)
2025-06-14 17:00:25: ValueError: invalid literal for int() with base 10: 'add-balance'
2025-06-14 17:00:25: 
2025-06-14 17:00:25: The above exception was the direct cause of the following exception:
2025-06-14 17:00:25: 
2025-06-14 17:00:25: Traceback (most recent call last):
2025-06-14 17:00:25:   File "/root/selambingo3/venv/lib/python3.8/site-packages/django/core/handlers/exception.py", line 55, in inner
2025-06-14 17:00:25:     response = get_response(request)
2025-06-14 17:00:25:   File "/root/selambingo3/venv/lib/python3.8/site-packages/django/core/handlers/base.py", line 197, in _get_response
2025-06-14 17:00:25:     response = wrapped_callback(request, *callback_args, **callback_kwargs)
2025-06-14 17:00:25:   File "/root/selambingo3/venv/lib/python3.8/site-packages/django/views/decorators/csrf.py", line 56, in wrapper_view
2025-06-14 17:00:25:     return view_func(*args, **kwargs)
2025-06-14 17:00:25:   File "/root/selambingo3/payments/views.py", line 37, in get_wallet
2025-06-14 17:00:25:     telegram_user = TelegramUser.objects.filter(telegram_id=user_id).first()
2025-06-14 17:00:25:   File "/root/selambingo3/venv/lib/python3.8/site-packages/django/db/models/manager.py", line 87, in manager_method
2025-06-14 17:00:25:     return getattr(self.get_queryset(), name)(*args, **kwargs)
2025-06-14 17:00:25:   File "/root/selambingo3/venv/lib/python3.8/site-packages/django/db/models/query.py", line 1436, in filter
2025-06-14 17:00:25:     return self._filter_or_exclude(False, args, kwargs)
2025-06-14 17:00:25:   File "/root/selambingo3/venv/lib/python3.8/site-packages/django/db/models/query.py", line 1454, in _filter_or_exclude
2025-06-14 17:00:25:     clone._filter_or_exclude_inplace(negate, args, kwargs)
2025-06-14 17:00:25:   File "/root/selambingo3/venv/lib/python3.8/site-packages/django/db/models/query.py", line 1461, in _filter_or_exclude_inplace
2025-06-14 17:00:25:     self._query.add_q(Q(*args, **kwargs))
2025-06-14 17:00:25:   File "/root/selambingo3/venv/lib/python3.8/site-packages/django/db/models/sql/query.py", line 1498, in add_q
2025-06-14 17:00:25:     clause, _ = self._add_q(q_object, self.used_aliases)
2025-06-14 17:00:25:   File "/root/selambingo3/venv/lib/python3.8/site-packages/django/db/models/sql/query.py", line 1529, in _add_q
2025-06-14 17:00:25:     child_clause, needed_inner = self.build_filter(
2025-06-14 17:00:25:   File "/root/selambingo3/venv/lib/python3.8/site-packages/django/db/models/sql/query.py", line 1444, in build_filter
2025-06-14 17:00:25:     condition = self.build_lookup(lookups, col, value)
2025-06-14 17:00:25:   File "/root/selambingo3/venv/lib/python3.8/site-packages/django/db/models/sql/query.py", line 1271, in build_lookup
2025-06-14 17:00:25:     lookup = lookup_class(lhs, rhs)
2025-06-14 17:00:25:   File "/root/selambingo3/venv/lib/python3.8/site-packages/django/db/models/lookups.py", line 27, in __init__
2025-06-14 17:00:25:     self.rhs = self.get_prep_lookup()
2025-06-14 17:00:25:   File "/root/selambingo3/venv/lib/python3.8/site-packages/django/db/models/lookups.py", line 341, in get_prep_lookup
2025-06-14 17:00:25:     return super().get_prep_lookup()
2025-06-14 17:00:25:   File "/root/selambingo3/venv/lib/python3.8/site-packages/django/db/models/lookups.py", line 85, in get_prep_lookup
2025-06-14 17:00:25:     return self.lhs.output_field.get_prep_value(self.rhs)
2025-06-14 17:00:25:   File "/root/selambingo3/venv/lib/python3.8/site-packages/django/db/models/fields/__init__.py", line 2057, in get_prep_value
2025-06-14 17:00:25:     raise e.__class__(
2025-06-14 17:00:25: ValueError: Field 'telegram_id' expected a number but got 'add-balance'.
2025-06-14 17:01:13: Not Found: /accounts/filter-users/785499790/
2025-06-14 17:01:22: Internal Server Error: /payments/wallet/add-balance/
2025-06-14 17:01:22: Traceback (most recent call last):
2025-06-14 17:01:22:   File "/root/selambingo3/venv/lib/python3.8/site-packages/django/db/models/fields/__init__.py", line 2055, in get_prep_value
2025-06-14 17:01:22:     return int(value)
2025-06-14 17:01:22: ValueError: invalid literal for int() with base 10: 'add-balance'
2025-06-14 17:01:22: 
2025-06-14 17:01:22: The above exception was the direct cause of the following exception:
2025-06-14 17:01:22: 
2025-06-14 17:01:22: Traceback (most recent call last):
2025-06-14 17:01:22:   File "/root/selambingo3/venv/lib/python3.8/site-packages/django/core/handlers/exception.py", line 55, in inner
2025-06-14 17:01:22:     response = get_response(request)
2025-06-14 17:01:22:   File "/root/selambingo3/venv/lib/python3.8/site-packages/django/core/handlers/base.py", line 197, in _get_response
2025-06-14 17:01:22:     response = wrapped_callback(request, *callback_args, **callback_kwargs)
2025-06-14 17:01:22:   File "/root/selambingo3/venv/lib/python3.8/site-packages/django/views/decorators/csrf.py", line 56, in wrapper_view
2025-06-14 17:01:22:     return view_func(*args, **kwargs)
2025-06-14 17:01:22:   File "/root/selambingo3/payments/views.py", line 37, in get_wallet
2025-06-14 17:01:22:     telegram_user = TelegramUser.objects.filter(telegram_id=user_id).first()
2025-06-14 17:01:22:   File "/root/selambingo3/venv/lib/python3.8/site-packages/django/db/models/manager.py", line 87, in manager_method
2025-06-14 17:01:22:     return getattr(self.get_queryset(), name)(*args, **kwargs)
2025-06-14 17:01:22:   File "/root/selambingo3/venv/lib/python3.8/site-packages/django/db/models/query.py", line 1436, in filter
2025-06-14 17:01:22:     return self._filter_or_exclude(False, args, kwargs)
2025-06-14 17:01:22:   File "/root/selambingo3/venv/lib/python3.8/site-packages/django/db/models/query.py", line 1454, in _filter_or_exclude
2025-06-14 17:01:22:     clone._filter_or_exclude_inplace(negate, args, kwargs)
2025-06-14 17:01:22:   File "/root/selambingo3/venv/lib/python3.8/site-packages/django/db/models/query.py", line 1461, in _filter_or_exclude_inplace
2025-06-14 17:01:22:     self._query.add_q(Q(*args, **kwargs))
2025-06-14 17:01:22:   File "/root/selambingo3/venv/lib/python3.8/site-packages/django/db/models/sql/query.py", line 1498, in add_q
2025-06-14 17:01:22:     clause, _ = self._add_q(q_object, self.used_aliases)
2025-06-14 17:01:22:   File "/root/selambingo3/venv/lib/python3.8/site-packages/django/db/models/sql/query.py", line 1529, in _add_q
2025-06-14 17:01:22:     child_clause, needed_inner = self.build_filter(
2025-06-14 17:01:22:   File "/root/selambingo3/venv/lib/python3.8/site-packages/django/db/models/sql/query.py", line 1444, in build_filter
2025-06-14 17:01:22:     condition = self.build_lookup(lookups, col, value)
2025-06-14 17:01:22:   File "/root/selambingo3/venv/lib/python3.8/site-packages/django/db/models/sql/query.py", line 1271, in build_lookup
2025-06-14 17:01:22:     lookup = lookup_class(lhs, rhs)
2025-06-14 17:01:22:   File "/root/selambingo3/venv/lib/python3.8/site-packages/django/db/models/lookups.py", line 27, in __init__
2025-06-14 17:01:22:     self.rhs = self.get_prep_lookup()
2025-06-14 17:01:22:   File "/root/selambingo3/venv/lib/python3.8/site-packages/django/db/models/lookups.py", line 341, in get_prep_lookup
2025-06-14 17:01:22:     return super().get_prep_lookup()
2025-06-14 17:01:22:   File "/root/selambingo3/venv/lib/python3.8/site-packages/django/db/models/lookups.py", line 85, in get_prep_lookup
2025-06-14 17:01:22:     return self.lhs.output_field.get_prep_value(self.rhs)
2025-06-14 17:01:22:   File "/root/selambingo3/venv/lib/python3.8/site-packages/django/db/models/fields/__init__.py", line 2057, in get_prep_value
2025-06-14 17:01:22:     raise e.__class__(
2025-06-14 17:01:22: ValueError: Field 'telegram_id' expected a number but got 'add-balance'.
2025-06-14 17:02:33: Not Found: /accounts/filter-users/7473258665/
2025-06-14 17:03:17: Bad Request: /payments/balance/
2025-06-14 17:03:32: Not Found: /accounts/filter-users/7818152785/
2025-06-14 17:03:51: Not Found: /accounts/filter-users/6190479922/
2025-06-14 17:04:07: Not Found: /accounts/filter-users/8014888613/
2025-06-14 17:04:21: Bad Request: /payments/balance/
2025-06-14 17:04:50: Internal Server Error: /payments/wallet/add-balance/
2025-06-14 17:04:50: Traceback (most recent call last):
2025-06-14 17:04:50:   File "/root/selambingo3/venv/lib/python3.8/site-packages/django/db/models/fields/__init__.py", line 2055, in get_prep_value
2025-06-14 17:04:50:     return int(value)
2025-06-14 17:04:50: ValueError: invalid literal for int() with base 10: 'add-balance'
2025-06-14 17:04:50: 
2025-06-14 17:04:50: The above exception was the direct cause of the following exception:
2025-06-14 17:04:50: 
2025-06-14 17:04:50: Traceback (most recent call last):
2025-06-14 17:04:50:   File "/root/selambingo3/venv/lib/python3.8/site-packages/django/core/handlers/exception.py", line 55, in inner
2025-06-14 17:04:50:     response = get_response(request)
2025-06-14 17:04:50:   File "/root/selambingo3/venv/lib/python3.8/site-packages/django/core/handlers/base.py", line 197, in _get_response
2025-06-14 17:04:50:     response = wrapped_callback(request, *callback_args, **callback_kwargs)
2025-06-14 17:04:50:   File "/root/selambingo3/venv/lib/python3.8/site-packages/django/views/decorators/csrf.py", line 56, in wrapper_view
2025-06-14 17:04:50:     return view_func(*args, **kwargs)
2025-06-14 17:04:50:   File "/root/selambingo3/payments/views.py", line 37, in get_wallet
2025-06-14 17:04:50:     telegram_user = TelegramUser.objects.filter(telegram_id=user_id).first()
2025-06-14 17:04:50:   File "/root/selambingo3/venv/lib/python3.8/site-packages/django/db/models/manager.py", line 87, in manager_method
2025-06-14 17:04:50:     return getattr(self.get_queryset(), name)(*args, **kwargs)
2025-06-14 17:04:50:   File "/root/selambingo3/venv/lib/python3.8/site-packages/django/db/models/query.py", line 1436, in filter
2025-06-14 17:04:50:     return self._filter_or_exclude(False, args, kwargs)
2025-06-14 17:04:50:   File "/root/selambingo3/venv/lib/python3.8/site-packages/django/db/models/query.py", line 1454, in _filter_or_exclude
2025-06-14 17:04:50:     clone._filter_or_exclude_inplace(negate, args, kwargs)
2025-06-14 17:04:50:   File "/root/selambingo3/venv/lib/python3.8/site-packages/django/db/models/query.py", line 1461, in _filter_or_exclude_inplace
2025-06-14 17:04:50:     self._query.add_q(Q(*args, **kwargs))
2025-06-14 17:04:50:   File "/root/selambingo3/venv/lib/python3.8/site-packages/django/db/models/sql/query.py", line 1498, in add_q
2025-06-14 17:04:50:     clause, _ = self._add_q(q_object, self.used_aliases)
2025-06-14 17:04:50:   File "/root/selambingo3/venv/lib/python3.8/site-packages/django/db/models/sql/query.py", line 1529, in _add_q
2025-06-14 17:04:50:     child_clause, needed_inner = self.build_filter(
2025-06-14 17:04:50:   File "/root/selambingo3/venv/lib/python3.8/site-packages/django/db/models/sql/query.py", line 1444, in build_filter
2025-06-14 17:04:50:     condition = self.build_lookup(lookups, col, value)
2025-06-14 17:04:50:   File "/root/selambingo3/venv/lib/python3.8/site-packages/django/db/models/sql/query.py", line 1271, in build_lookup
2025-06-14 17:04:50:     lookup = lookup_class(lhs, rhs)
2025-06-14 17:04:50:   File "/root/selambingo3/venv/lib/python3.8/site-packages/django/db/models/lookups.py", line 27, in __init__
2025-06-14 17:04:50:     self.rhs = self.get_prep_lookup()
2025-06-14 17:04:50:   File "/root/selambingo3/venv/lib/python3.8/site-packages/django/db/models/lookups.py", line 341, in get_prep_lookup
2025-06-14 17:04:50:     return super().get_prep_lookup()
2025-06-14 17:04:50:   File "/root/selambingo3/venv/lib/python3.8/site-packages/django/db/models/lookups.py", line 85, in get_prep_lookup
2025-06-14 17:04:50:     return self.lhs.output_field.get_prep_value(self.rhs)
2025-06-14 17:04:50:   File "/root/selambingo3/venv/lib/python3.8/site-packages/django/db/models/fields/__init__.py", line 2057, in get_prep_value
2025-06-14 17:04:50:     raise e.__class__(
2025-06-14 17:04:50: ValueError: Field 'telegram_id' expected a number but got 'add-balance'.
2025-06-14 17:04:54: Internal Server Error: /payments/wallet/add-balance/
2025-06-14 17:04:54: Traceback (most recent call last):
2025-06-14 17:04:54:   File "/root/selambingo3/venv/lib/python3.8/site-packages/django/db/models/fields/__init__.py", line 2055, in get_prep_value
2025-06-14 17:04:54:     return int(value)
2025-06-14 17:04:54: ValueError: invalid literal for int() with base 10: 'add-balance'
2025-06-14 17:04:54: 
2025-06-14 17:04:54: The above exception was the direct cause of the following exception:
2025-06-14 17:04:54: 
2025-06-14 17:04:54: Traceback (most recent call last):
2025-06-14 17:04:54:   File "/root/selambingo3/venv/lib/python3.8/site-packages/django/core/handlers/exception.py", line 55, in inner
2025-06-14 17:04:54:     response = get_response(request)
2025-06-14 17:04:54:   File "/root/selambingo3/venv/lib/python3.8/site-packages/django/core/handlers/base.py", line 197, in _get_response
2025-06-14 17:04:54:     response = wrapped_callback(request, *callback_args, **callback_kwargs)
2025-06-14 17:04:54:   File "/root/selambingo3/venv/lib/python3.8/site-packages/django/views/decorators/csrf.py", line 56, in wrapper_view
2025-06-14 17:04:54:     return view_func(*args, **kwargs)
2025-06-14 17:04:54:   File "/root/selambingo3/payments/views.py", line 37, in get_wallet
2025-06-14 17:04:54:     telegram_user = TelegramUser.objects.filter(telegram_id=user_id).first()
2025-06-14 17:04:54:   File "/root/selambingo3/venv/lib/python3.8/site-packages/django/db/models/manager.py", line 87, in manager_method
2025-06-14 17:04:54:     return getattr(self.get_queryset(), name)(*args, **kwargs)
2025-06-14 17:04:54:   File "/root/selambingo3/venv/lib/python3.8/site-packages/django/db/models/query.py", line 1436, in filter
2025-06-14 17:04:54:     return self._filter_or_exclude(False, args, kwargs)
2025-06-14 17:04:54:   File "/root/selambingo3/venv/lib/python3.8/site-packages/django/db/models/query.py", line 1454, in _filter_or_exclude
2025-06-14 17:04:54:     clone._filter_or_exclude_inplace(negate, args, kwargs)
2025-06-14 17:04:54:   File "/root/selambingo3/venv/lib/python3.8/site-packages/django/db/models/query.py", line 1461, in _filter_or_exclude_inplace
2025-06-14 17:04:54:     self._query.add_q(Q(*args, **kwargs))
2025-06-14 17:04:54:   File "/root/selambingo3/venv/lib/python3.8/site-packages/django/db/models/sql/query.py", line 1498, in add_q
2025-06-14 17:04:54:     clause, _ = self._add_q(q_object, self.used_aliases)
2025-06-14 17:04:54:   File "/root/selambingo3/venv/lib/python3.8/site-packages/django/db/models/sql/query.py", line 1529, in _add_q
2025-06-14 17:04:54:     child_clause, needed_inner = self.build_filter(
2025-06-14 17:04:54:   File "/root/selambingo3/venv/lib/python3.8/site-packages/django/db/models/sql/query.py", line 1444, in build_filter
2025-06-14 17:04:54:     condition = self.build_lookup(lookups, col, value)
2025-06-14 17:04:54:   File "/root/selambingo3/venv/lib/python3.8/site-packages/django/db/models/sql/query.py", line 1271, in build_lookup
2025-06-14 17:04:54:     lookup = lookup_class(lhs, rhs)
2025-06-14 17:04:54:   File "/root/selambingo3/venv/lib/python3.8/site-packages/django/db/models/lookups.py", line 27, in __init__
2025-06-14 17:04:54:     self.rhs = self.get_prep_lookup()
2025-06-14 17:04:54:   File "/root/selambingo3/venv/lib/python3.8/site-packages/django/db/models/lookups.py", line 341, in get_prep_lookup
2025-06-14 17:04:54:     return super().get_prep_lookup()
2025-06-14 17:04:54:   File "/root/selambingo3/venv/lib/python3.8/site-packages/django/db/models/lookups.py", line 85, in get_prep_lookup
2025-06-14 17:04:54:     return self.lhs.output_field.get_prep_value(self.rhs)
2025-06-14 17:04:54:   File "/root/selambingo3/venv/lib/python3.8/site-packages/django/db/models/fields/__init__.py", line 2057, in get_prep_value
2025-06-14 17:04:54:     raise e.__class__(
2025-06-14 17:04:54: ValueError: Field 'telegram_id' expected a number but got 'add-balance'.
2025-06-14 17:04:56: Not Found: /accounts/filter-users/7012755168/
2025-06-14 17:04:58: Bad Request: /accounts/register/
2025-06-14 17:05:02: Bad Request: /accounts/register/
2025-06-14 17:05:11: Bad Request: /accounts/register/
2025-06-14 17:05:15: Bad Request: /payments/balance/
2025-06-14 17:05:30: Not Found: /accounts/filter-users/7485625502/
2025-06-14 17:05:39: Bad Request: /accounts/register/
2025-06-14 17:05:43: Bad Request: /accounts/register/
2025-06-14 17:05:55: Bad Request: /payments/balance/
2025-06-14 17:06:17: Not Found: /accounts/filter-users/7500653200/
2025-06-14 17:06:37: Bad Request: /accounts/register/
2025-06-14 17:07:02: Bad Request: /payments/balance/
2025-06-14 17:07:14: Not Found: /accounts/filter-users/6163171353/
2025-06-14 17:07:16: Not Found: /accounts/filter-users/1760386523/
2025-06-14 17:07:22: Not Found: /accounts/filter-users/6163171353/
2025-06-14 17:07:26: Bad Request: /accounts/register/
2025-06-14 17:07:45: Bad Request: /payments/balance/
2025-06-14 17:07:55: Not Found: /accounts/filter-users/6163171353/
2025-06-14 17:08:17: Bad Request: /payments/balance/
2025-06-14 17:08:24: Bad Request: /payments/balance/
2025-06-14 17:08:32: Internal Server Error: /payments/wallet/add-balance/
2025-06-14 17:08:32: Traceback (most recent call last):
2025-06-14 17:08:32:   File "/root/selambingo3/venv/lib/python3.8/site-packages/django/db/models/fields/__init__.py", line 2055, in get_prep_value
2025-06-14 17:08:32:     return int(value)
2025-06-14 17:08:32: ValueError: invalid literal for int() with base 10: 'add-balance'
2025-06-14 17:08:32: 
2025-06-14 17:08:32: The above exception was the direct cause of the following exception:
2025-06-14 17:08:32: 
2025-06-14 17:08:32: Traceback (most recent call last):
2025-06-14 17:08:32:   File "/root/selambingo3/venv/lib/python3.8/site-packages/django/core/handlers/exception.py", line 55, in inner
2025-06-14 17:08:32:     response = get_response(request)
2025-06-14 17:08:32:   File "/root/selambingo3/venv/lib/python3.8/site-packages/django/core/handlers/base.py", line 197, in _get_response
2025-06-14 17:08:32:     response = wrapped_callback(request, *callback_args, **callback_kwargs)
2025-06-14 17:08:32:   File "/root/selambingo3/venv/lib/python3.8/site-packages/django/views/decorators/csrf.py", line 56, in wrapper_view
2025-06-14 17:08:32:     return view_func(*args, **kwargs)
2025-06-14 17:08:32:   File "/root/selambingo3/payments/views.py", line 37, in get_wallet
2025-06-14 17:08:32:     telegram_user = TelegramUser.objects.filter(telegram_id=user_id).first()
2025-06-14 17:08:32:   File "/root/selambingo3/venv/lib/python3.8/site-packages/django/db/models/manager.py", line 87, in manager_method
2025-06-14 17:08:32:     return getattr(self.get_queryset(), name)(*args, **kwargs)
2025-06-14 17:08:32:   File "/root/selambingo3/venv/lib/python3.8/site-packages/django/db/models/query.py", line 1436, in filter
2025-06-14 17:08:32:     return self._filter_or_exclude(False, args, kwargs)
2025-06-14 17:08:32:   File "/root/selambingo3/venv/lib/python3.8/site-packages/django/db/models/query.py", line 1454, in _filter_or_exclude
2025-06-14 17:08:32:     clone._filter_or_exclude_inplace(negate, args, kwargs)
2025-06-14 17:08:32:   File "/root/selambingo3/venv/lib/python3.8/site-packages/django/db/models/query.py", line 1461, in _filter_or_exclude_inplace
2025-06-14 17:08:32:     self._query.add_q(Q(*args, **kwargs))
2025-06-14 17:08:32:   File "/root/selambingo3/venv/lib/python3.8/site-packages/django/db/models/sql/query.py", line 1498, in add_q
2025-06-14 17:08:32:     clause, _ = self._add_q(q_object, self.used_aliases)
2025-06-14 17:08:32:   File "/root/selambingo3/venv/lib/python3.8/site-packages/django/db/models/sql/query.py", line 1529, in _add_q
2025-06-14 17:08:32:     child_clause, needed_inner = self.build_filter(
2025-06-14 17:08:32:   File "/root/selambingo3/venv/lib/python3.8/site-packages/django/db/models/sql/query.py", line 1444, in build_filter
2025-06-14 17:08:32:     condition = self.build_lookup(lookups, col, value)
2025-06-14 17:08:32:   File "/root/selambingo3/venv/lib/python3.8/site-packages/django/db/models/sql/query.py", line 1271, in build_lookup
2025-06-14 17:08:32:     lookup = lookup_class(lhs, rhs)
2025-06-14 17:08:32:   File "/root/selambingo3/venv/lib/python3.8/site-packages/django/db/models/lookups.py", line 27, in __init__
2025-06-14 17:08:32:     self.rhs = self.get_prep_lookup()
2025-06-14 17:08:32:   File "/root/selambingo3/venv/lib/python3.8/site-packages/django/db/models/lookups.py", line 341, in get_prep_lookup
2025-06-14 17:08:32:     return super().get_prep_lookup()
2025-06-14 17:08:32:   File "/root/selambingo3/venv/lib/python3.8/site-packages/django/db/models/lookups.py", line 85, in get_prep_lookup
2025-06-14 17:08:32:     return self.lhs.output_field.get_prep_value(self.rhs)
2025-06-14 17:08:32:   File "/root/selambingo3/venv/lib/python3.8/site-packages/django/db/models/fields/__init__.py", line 2057, in get_prep_value
2025-06-14 17:08:32:     raise e.__class__(
2025-06-14 17:08:32: ValueError: Field 'telegram_id' expected a number but got 'add-balance'.
2025-06-14 17:09:10: Not Found: /accounts/filter-users/6140712898/
2025-06-14 17:09:46: Bad Request: /payments/balance/
2025-06-14 17:10:37: Not Found: /accounts/filter-users/7586598928/
2025-06-14 17:10:58: Bad Request: /payments/balance/
2025-06-14 17:12:08: Not Found: /accounts/filter-users/6163171353/
2025-06-14 17:13:19: Not Found: /accounts/filter-users/8043124362/
2025-06-14 17:13:20: Not Found: /accounts/filter-users/6163171353/
2025-06-14 17:13:30: Internal Server Error: /payments/wallet/add-balance/
2025-06-14 17:13:30: Traceback (most recent call last):
2025-06-14 17:13:30:   File "/root/selambingo3/venv/lib/python3.8/site-packages/django/db/models/fields/__init__.py", line 2055, in get_prep_value
2025-06-14 17:13:30:     return int(value)
2025-06-14 17:13:30: ValueError: invalid literal for int() with base 10: 'add-balance'
2025-06-14 17:13:30: 
2025-06-14 17:13:30: The above exception was the direct cause of the following exception:
2025-06-14 17:13:30: 
2025-06-14 17:13:30: Traceback (most recent call last):
2025-06-14 17:13:30:   File "/root/selambingo3/venv/lib/python3.8/site-packages/django/core/handlers/exception.py", line 55, in inner
2025-06-14 17:13:30:     response = get_response(request)
2025-06-14 17:13:30:   File "/root/selambingo3/venv/lib/python3.8/site-packages/django/core/handlers/base.py", line 197, in _get_response
2025-06-14 17:13:30:     response = wrapped_callback(request, *callback_args, **callback_kwargs)
2025-06-14 17:13:30:   File "/root/selambingo3/venv/lib/python3.8/site-packages/django/views/decorators/csrf.py", line 56, in wrapper_view
2025-06-14 17:13:30:     return view_func(*args, **kwargs)
2025-06-14 17:13:30:   File "/root/selambingo3/payments/views.py", line 37, in get_wallet
2025-06-14 17:13:30:     telegram_user = TelegramUser.objects.filter(telegram_id=user_id).first()
2025-06-14 17:13:30:   File "/root/selambingo3/venv/lib/python3.8/site-packages/django/db/models/manager.py", line 87, in manager_method
2025-06-14 17:13:30:     return getattr(self.get_queryset(), name)(*args, **kwargs)
2025-06-14 17:13:30:   File "/root/selambingo3/venv/lib/python3.8/site-packages/django/db/models/query.py", line 1436, in filter
2025-06-14 17:13:30:     return self._filter_or_exclude(False, args, kwargs)
2025-06-14 17:13:30:   File "/root/selambingo3/venv/lib/python3.8/site-packages/django/db/models/query.py", line 1454, in _filter_or_exclude
2025-06-14 17:13:30:     clone._filter_or_exclude_inplace(negate, args, kwargs)
2025-06-14 17:13:30:   File "/root/selambingo3/venv/lib/python3.8/site-packages/django/db/models/query.py", line 1461, in _filter_or_exclude_inplace
2025-06-14 17:13:30:     self._query.add_q(Q(*args, **kwargs))
2025-06-14 17:13:30:   File "/root/selambingo3/venv/lib/python3.8/site-packages/django/db/models/sql/query.py", line 1498, in add_q
2025-06-14 17:13:30:     clause, _ = self._add_q(q_object, self.used_aliases)
2025-06-14 17:13:30:   File "/root/selambingo3/venv/lib/python3.8/site-packages/django/db/models/sql/query.py", line 1529, in _add_q
2025-06-14 17:13:30:     child_clause, needed_inner = self.build_filter(
2025-06-14 17:13:30:   File "/root/selambingo3/venv/lib/python3.8/site-packages/django/db/models/sql/query.py", line 1444, in build_filter
2025-06-14 17:13:30:     condition = self.build_lookup(lookups, col, value)
2025-06-14 17:13:30:   File "/root/selambingo3/venv/lib/python3.8/site-packages/django/db/models/sql/query.py", line 1271, in build_lookup
2025-06-14 17:13:30:     lookup = lookup_class(lhs, rhs)
2025-06-14 17:13:30:   File "/root/selambingo3/venv/lib/python3.8/site-packages/django/db/models/lookups.py", line 27, in __init__
2025-06-14 17:13:30:     self.rhs = self.get_prep_lookup()
2025-06-14 17:13:30:   File "/root/selambingo3/venv/lib/python3.8/site-packages/django/db/models/lookups.py", line 341, in get_prep_lookup
2025-06-14 17:13:30:     return super().get_prep_lookup()
2025-06-14 17:13:30:   File "/root/selambingo3/venv/lib/python3.8/site-packages/django/db/models/lookups.py", line 85, in get_prep_lookup
2025-06-14 17:13:30:     return self.lhs.output_field.get_prep_value(self.rhs)
2025-06-14 17:13:30:   File "/root/selambingo3/venv/lib/python3.8/site-packages/django/db/models/fields/__init__.py", line 2057, in get_prep_value
2025-06-14 17:13:30:     raise e.__class__(
2025-06-14 17:13:30: ValueError: Field 'telegram_id' expected a number but got 'add-balance'.
2025-06-14 17:14:15: Not Found: /accounts/filter-users/6163171353/
2025-06-14 17:14:33: Not Found: /accounts/filter-users/6730088295/
2025-06-14 17:15:22: Bad Request: /payments/balance/
2025-06-14 17:15:25: Not Found: /accounts/filter-users/6163171353/
2025-06-14 17:15:32: Internal Server Error: /payments/wallet/add-balance/
2025-06-14 17:15:32: Traceback (most recent call last):
2025-06-14 17:15:32:   File "/root/selambingo3/venv/lib/python3.8/site-packages/django/db/models/fields/__init__.py", line 2055, in get_prep_value
2025-06-14 17:15:32:     return int(value)
2025-06-14 17:15:32: ValueError: invalid literal for int() with base 10: 'add-balance'
2025-06-14 17:15:32: 
2025-06-14 17:15:32: The above exception was the direct cause of the following exception:
2025-06-14 17:15:32: 
2025-06-14 17:15:32: Traceback (most recent call last):
2025-06-14 17:15:32:   File "/root/selambingo3/venv/lib/python3.8/site-packages/django/core/handlers/exception.py", line 55, in inner
2025-06-14 17:15:32:     response = get_response(request)
2025-06-14 17:15:32:   File "/root/selambingo3/venv/lib/python3.8/site-packages/django/core/handlers/base.py", line 197, in _get_response
2025-06-14 17:15:32:     response = wrapped_callback(request, *callback_args, **callback_kwargs)
2025-06-14 17:15:32:   File "/root/selambingo3/venv/lib/python3.8/site-packages/django/views/decorators/csrf.py", line 56, in wrapper_view
2025-06-14 17:15:32:     return view_func(*args, **kwargs)
2025-06-14 17:15:32:   File "/root/selambingo3/payments/views.py", line 37, in get_wallet
2025-06-14 17:15:32:     telegram_user = TelegramUser.objects.filter(telegram_id=user_id).first()
2025-06-14 17:15:32:   File "/root/selambingo3/venv/lib/python3.8/site-packages/django/db/models/manager.py", line 87, in manager_method
2025-06-14 17:15:32:     return getattr(self.get_queryset(), name)(*args, **kwargs)
2025-06-14 17:15:32:   File "/root/selambingo3/venv/lib/python3.8/site-packages/django/db/models/query.py", line 1436, in filter
2025-06-14 17:15:32:     return self._filter_or_exclude(False, args, kwargs)
2025-06-14 17:15:32:   File "/root/selambingo3/venv/lib/python3.8/site-packages/django/db/models/query.py", line 1454, in _filter_or_exclude
2025-06-14 17:15:32:     clone._filter_or_exclude_inplace(negate, args, kwargs)
2025-06-14 17:15:32:   File "/root/selambingo3/venv/lib/python3.8/site-packages/django/db/models/query.py", line 1461, in _filter_or_exclude_inplace
2025-06-14 17:15:32:     self._query.add_q(Q(*args, **kwargs))
2025-06-14 17:15:32:   File "/root/selambingo3/venv/lib/python3.8/site-packages/django/db/models/sql/query.py", line 1498, in add_q
2025-06-14 17:15:32:     clause, _ = self._add_q(q_object, self.used_aliases)
2025-06-14 17:15:32:   File "/root/selambingo3/venv/lib/python3.8/site-packages/django/db/models/sql/query.py", line 1529, in _add_q
2025-06-14 17:15:32:     child_clause, needed_inner = self.build_filter(
2025-06-14 17:15:32:   File "/root/selambingo3/venv/lib/python3.8/site-packages/django/db/models/sql/query.py", line 1444, in build_filter
2025-06-14 17:15:32:     condition = self.build_lookup(lookups, col, value)
2025-06-14 17:15:32:   File "/root/selambingo3/venv/lib/python3.8/site-packages/django/db/models/sql/query.py", line 1271, in build_lookup
2025-06-14 17:15:32:     lookup = lookup_class(lhs, rhs)
2025-06-14 17:15:32:   File "/root/selambingo3/venv/lib/python3.8/site-packages/django/db/models/lookups.py", line 27, in __init__
2025-06-14 17:15:32:     self.rhs = self.get_prep_lookup()
2025-06-14 17:15:32:   File "/root/selambingo3/venv/lib/python3.8/site-packages/django/db/models/lookups.py", line 341, in get_prep_lookup
2025-06-14 17:15:32:     return super().get_prep_lookup()
2025-06-14 17:15:32:   File "/root/selambingo3/venv/lib/python3.8/site-packages/django/db/models/lookups.py", line 85, in get_prep_lookup
2025-06-14 17:15:32:     return self.lhs.output_field.get_prep_value(self.rhs)
2025-06-14 17:15:32:   File "/root/selambingo3/venv/lib/python3.8/site-packages/django/db/models/fields/__init__.py", line 2057, in get_prep_value
2025-06-14 17:15:32:     raise e.__class__(
2025-06-14 17:15:32: ValueError: Field 'telegram_id' expected a number but got 'add-balance'.
2025-06-14 17:15:33: Not Found: /accounts/filter-users/6163171353/
2025-06-14 17:16:17: Bad Request: /payments/balance/
2025-06-14 17:17:10: Not Found: /accounts/filter-users/955839609/
2025-06-14 17:17:17: Not Found: /accounts/filter-users/955839609/
2025-06-14 17:17:54: Internal Server Error: /payments/wallet/add-balance/
2025-06-14 17:17:54: Traceback (most recent call last):
2025-06-14 17:17:54:   File "/root/selambingo3/venv/lib/python3.8/site-packages/django/db/models/fields/__init__.py", line 2055, in get_prep_value
2025-06-14 17:17:54:     return int(value)
2025-06-14 17:17:54: ValueError: invalid literal for int() with base 10: 'add-balance'
2025-06-14 17:17:54: 
2025-06-14 17:17:54: The above exception was the direct cause of the following exception:
2025-06-14 17:17:54: 
2025-06-14 17:17:54: Traceback (most recent call last):
2025-06-14 17:17:54:   File "/root/selambingo3/venv/lib/python3.8/site-packages/django/core/handlers/exception.py", line 55, in inner
2025-06-14 17:17:54:     response = get_response(request)
2025-06-14 17:17:54:   File "/root/selambingo3/venv/lib/python3.8/site-packages/django/core/handlers/base.py", line 197, in _get_response
2025-06-14 17:17:54:     response = wrapped_callback(request, *callback_args, **callback_kwargs)
2025-06-14 17:17:54:   File "/root/selambingo3/venv/lib/python3.8/site-packages/django/views/decorators/csrf.py", line 56, in wrapper_view
2025-06-14 17:17:54:     return view_func(*args, **kwargs)
2025-06-14 17:17:54:   File "/root/selambingo3/payments/views.py", line 37, in get_wallet
2025-06-14 17:17:54:     telegram_user = TelegramUser.objects.filter(telegram_id=user_id).first()
2025-06-14 17:17:54:   File "/root/selambingo3/venv/lib/python3.8/site-packages/django/db/models/manager.py", line 87, in manager_method
2025-06-14 17:17:54:     return getattr(self.get_queryset(), name)(*args, **kwargs)
2025-06-14 17:17:54:   File "/root/selambingo3/venv/lib/python3.8/site-packages/django/db/models/query.py", line 1436, in filter
2025-06-14 17:17:54:     return self._filter_or_exclude(False, args, kwargs)
2025-06-14 17:17:54:   File "/root/selambingo3/venv/lib/python3.8/site-packages/django/db/models/query.py", line 1454, in _filter_or_exclude
2025-06-14 17:17:54:     clone._filter_or_exclude_inplace(negate, args, kwargs)
2025-06-14 17:17:54:   File "/root/selambingo3/venv/lib/python3.8/site-packages/django/db/models/query.py", line 1461, in _filter_or_exclude_inplace
2025-06-14 17:17:54:     self._query.add_q(Q(*args, **kwargs))
2025-06-14 17:17:54:   File "/root/selambingo3/venv/lib/python3.8/site-packages/django/db/models/sql/query.py", line 1498, in add_q
2025-06-14 17:17:54:     clause, _ = self._add_q(q_object, self.used_aliases)
2025-06-14 17:17:54:   File "/root/selambingo3/venv/lib/python3.8/site-packages/django/db/models/sql/query.py", line 1529, in _add_q
2025-06-14 17:17:54:     child_clause, needed_inner = self.build_filter(
2025-06-14 17:17:54:   File "/root/selambingo3/venv/lib/python3.8/site-packages/django/db/models/sql/query.py", line 1444, in build_filter
2025-06-14 17:17:54:     condition = self.build_lookup(lookups, col, value)
2025-06-14 17:17:54:   File "/root/selambingo3/venv/lib/python3.8/site-packages/django/db/models/sql/query.py", line 1271, in build_lookup
2025-06-14 17:17:54:     lookup = lookup_class(lhs, rhs)
2025-06-14 17:17:54:   File "/root/selambingo3/venv/lib/python3.8/site-packages/django/db/models/lookups.py", line 27, in __init__
2025-06-14 17:17:54:     self.rhs = self.get_prep_lookup()
2025-06-14 17:17:54:   File "/root/selambingo3/venv/lib/python3.8/site-packages/django/db/models/lookups.py", line 341, in get_prep_lookup
2025-06-14 17:17:54:     return super().get_prep_lookup()
2025-06-14 17:17:54:   File "/root/selambingo3/venv/lib/python3.8/site-packages/django/db/models/lookups.py", line 85, in get_prep_lookup
2025-06-14 17:17:54:     return self.lhs.output_field.get_prep_value(self.rhs)
2025-06-14 17:17:54:   File "/root/selambingo3/venv/lib/python3.8/site-packages/django/db/models/fields/__init__.py", line 2057, in get_prep_value
2025-06-14 17:17:54:     raise e.__class__(
2025-06-14 17:17:54: ValueError: Field 'telegram_id' expected a number but got 'add-balance'.
2025-06-14 17:17:55: Internal Server Error: /payments/message/
2025-06-14 17:17:55: Traceback (most recent call last):
2025-06-14 17:17:55:   File "/root/selambingo3/venv/lib/python3.8/site-packages/django/core/handlers/exception.py", line 55, in inner
2025-06-14 17:17:55:     response = get_response(request)
2025-06-14 17:17:55:   File "/root/selambingo3/venv/lib/python3.8/site-packages/django/core/handlers/base.py", line 197, in _get_response
2025-06-14 17:17:55:     response = wrapped_callback(request, *callback_args, **callback_kwargs)
2025-06-14 17:17:55:   File "/root/selambingo3/venv/lib/python3.8/site-packages/django/views/decorators/csrf.py", line 56, in wrapper_view
2025-06-14 17:17:55:     return view_func(*args, **kwargs)
2025-06-14 17:17:55:   File "/root/selambingo3/payments/views.py", line 415, in deposit_message
2025-06-14 17:17:55:     transaction_number = transaction_match.group(1)
2025-06-14 17:17:55: AttributeError: 'NoneType' object has no attribute 'group'
2025-06-14 17:17:59: Internal Server Error: /payments/message/
2025-06-14 17:17:59: Traceback (most recent call last):
2025-06-14 17:17:59:   File "/root/selambingo3/venv/lib/python3.8/site-packages/django/core/handlers/exception.py", line 55, in inner
2025-06-14 17:17:59:     response = get_response(request)
2025-06-14 17:17:59:   File "/root/selambingo3/venv/lib/python3.8/site-packages/django/core/handlers/base.py", line 197, in _get_response
2025-06-14 17:17:59:     response = wrapped_callback(request, *callback_args, **callback_kwargs)
2025-06-14 17:17:59:   File "/root/selambingo3/venv/lib/python3.8/site-packages/django/views/decorators/csrf.py", line 56, in wrapper_view
2025-06-14 17:17:59:     return view_func(*args, **kwargs)
2025-06-14 17:17:59:   File "/root/selambingo3/payments/views.py", line 415, in deposit_message
2025-06-14 17:17:59:     transaction_number = transaction_match.group(1)
2025-06-14 17:17:59: AttributeError: 'NoneType' object has no attribute 'group'
2025-06-14 17:18:02: Internal Server Error: /payments/message/
2025-06-14 17:18:02: Traceback (most recent call last):
2025-06-14 17:18:02:   File "/root/selambingo3/venv/lib/python3.8/site-packages/django/core/handlers/exception.py", line 55, in inner
2025-06-14 17:18:02:     response = get_response(request)
2025-06-14 17:18:02:   File "/root/selambingo3/venv/lib/python3.8/site-packages/django/core/handlers/base.py", line 197, in _get_response
2025-06-14 17:18:02:     response = wrapped_callback(request, *callback_args, **callback_kwargs)
2025-06-14 17:18:02:   File "/root/selambingo3/venv/lib/python3.8/site-packages/django/views/decorators/csrf.py", line 56, in wrapper_view
2025-06-14 17:18:02:     return view_func(*args, **kwargs)
2025-06-14 17:18:02:   File "/root/selambingo3/payments/views.py", line 415, in deposit_message
2025-06-14 17:18:02:     transaction_number = transaction_match.group(1)
2025-06-14 17:18:02: AttributeError: 'NoneType' object has no attribute 'group'
2025-06-14 17:18:07: Internal Server Error: /payments/message/
2025-06-14 17:18:07: Traceback (most recent call last):
2025-06-14 17:18:07:   File "/root/selambingo3/venv/lib/python3.8/site-packages/django/core/handlers/exception.py", line 55, in inner
2025-06-14 17:18:07:     response = get_response(request)
2025-06-14 17:18:07:   File "/root/selambingo3/venv/lib/python3.8/site-packages/django/core/handlers/base.py", line 197, in _get_response
2025-06-14 17:18:07:     response = wrapped_callback(request, *callback_args, **callback_kwargs)
2025-06-14 17:18:07:   File "/root/selambingo3/venv/lib/python3.8/site-packages/django/views/decorators/csrf.py", line 56, in wrapper_view
2025-06-14 17:18:07:     return view_func(*args, **kwargs)
2025-06-14 17:18:07:   File "/root/selambingo3/payments/views.py", line 415, in deposit_message
2025-06-14 17:18:07:     transaction_number = transaction_match.group(1)
2025-06-14 17:18:07: AttributeError: 'NoneType' object has no attribute 'group'
2025-06-14 17:18:19: Bad Request: /payments/balance/
2025-06-14 17:19:33: Internal Server Error: /payments/wallet/add-balance/
2025-06-14 17:19:33: Traceback (most recent call last):
2025-06-14 17:19:33:   File "/root/selambingo3/venv/lib/python3.8/site-packages/django/db/models/fields/__init__.py", line 2055, in get_prep_value
2025-06-14 17:19:33:     return int(value)
2025-06-14 17:19:33: ValueError: invalid literal for int() with base 10: 'add-balance'
2025-06-14 17:19:33: 
2025-06-14 17:19:33: The above exception was the direct cause of the following exception:
2025-06-14 17:19:33: 
2025-06-14 17:19:33: Traceback (most recent call last):
2025-06-14 17:19:33:   File "/root/selambingo3/venv/lib/python3.8/site-packages/django/core/handlers/exception.py", line 55, in inner
2025-06-14 17:19:33:     response = get_response(request)
2025-06-14 17:19:33:   File "/root/selambingo3/venv/lib/python3.8/site-packages/django/core/handlers/base.py", line 197, in _get_response
2025-06-14 17:19:33:     response = wrapped_callback(request, *callback_args, **callback_kwargs)
2025-06-14 17:19:33:   File "/root/selambingo3/venv/lib/python3.8/site-packages/django/views/decorators/csrf.py", line 56, in wrapper_view
2025-06-14 17:19:33:     return view_func(*args, **kwargs)
2025-06-14 17:19:33:   File "/root/selambingo3/payments/views.py", line 37, in get_wallet
2025-06-14 17:19:33:     telegram_user = TelegramUser.objects.filter(telegram_id=user_id).first()
2025-06-14 17:19:33:   File "/root/selambingo3/venv/lib/python3.8/site-packages/django/db/models/manager.py", line 87, in manager_method
2025-06-14 17:19:33:     return getattr(self.get_queryset(), name)(*args, **kwargs)
2025-06-14 17:19:33:   File "/root/selambingo3/venv/lib/python3.8/site-packages/django/db/models/query.py", line 1436, in filter
2025-06-14 17:19:33:     return self._filter_or_exclude(False, args, kwargs)
2025-06-14 17:19:33:   File "/root/selambingo3/venv/lib/python3.8/site-packages/django/db/models/query.py", line 1454, in _filter_or_exclude
2025-06-14 17:19:33:     clone._filter_or_exclude_inplace(negate, args, kwargs)
2025-06-14 17:19:33:   File "/root/selambingo3/venv/lib/python3.8/site-packages/django/db/models/query.py", line 1461, in _filter_or_exclude_inplace
2025-06-14 17:19:33:     self._query.add_q(Q(*args, **kwargs))
2025-06-14 17:19:33:   File "/root/selambingo3/venv/lib/python3.8/site-packages/django/db/models/sql/query.py", line 1498, in add_q
2025-06-14 17:19:33:     clause, _ = self._add_q(q_object, self.used_aliases)
2025-06-14 17:19:33:   File "/root/selambingo3/venv/lib/python3.8/site-packages/django/db/models/sql/query.py", line 1529, in _add_q
2025-06-14 17:19:33:     child_clause, needed_inner = self.build_filter(
2025-06-14 17:19:33:   File "/root/selambingo3/venv/lib/python3.8/site-packages/django/db/models/sql/query.py", line 1444, in build_filter
2025-06-14 17:19:33:     condition = self.build_lookup(lookups, col, value)
2025-06-14 17:19:33:   File "/root/selambingo3/venv/lib/python3.8/site-packages/django/db/models/sql/query.py", line 1271, in build_lookup
2025-06-14 17:19:33:     lookup = lookup_class(lhs, rhs)
2025-06-14 17:19:33:   File "/root/selambingo3/venv/lib/python3.8/site-packages/django/db/models/lookups.py", line 27, in __init__
2025-06-14 17:19:33:     self.rhs = self.get_prep_lookup()
2025-06-14 17:19:33:   File "/root/selambingo3/venv/lib/python3.8/site-packages/django/db/models/lookups.py", line 341, in get_prep_lookup
2025-06-14 17:19:33:     return super().get_prep_lookup()
2025-06-14 17:19:33:   File "/root/selambingo3/venv/lib/python3.8/site-packages/django/db/models/lookups.py", line 85, in get_prep_lookup
2025-06-14 17:19:33:     return self.lhs.output_field.get_prep_value(self.rhs)
2025-06-14 17:19:33:   File "/root/selambingo3/venv/lib/python3.8/site-packages/django/db/models/fields/__init__.py", line 2057, in get_prep_value
2025-06-14 17:19:33:     raise e.__class__(
2025-06-14 17:19:33: ValueError: Field 'telegram_id' expected a number but got 'add-balance'.
2025-06-14 17:20:18: Not Found: /accounts/filter-users/7540925097/
2025-06-14 17:20:29: Not Found: /accounts/filter-users/6764426295/
2025-06-14 17:21:25: Bad Request: /payments/balance/
2025-06-14 17:21:33: Bad Request: /payments/balance/
2025-06-14 17:22:25: Not Found: /accounts/filter-users/2137655141/
2025-06-14 17:23:10: Not Found: /accounts/filter-users/7188843614/
2025-06-14 17:23:12: Not Found: /accounts/filter-users/7837171057/
2025-06-14 17:23:13: Internal Server Error: /payments/wallet/add-balance/
2025-06-14 17:23:13: Traceback (most recent call last):
2025-06-14 17:23:13:   File "/root/selambingo3/venv/lib/python3.8/site-packages/django/db/models/fields/__init__.py", line 2055, in get_prep_value
2025-06-14 17:23:13:     return int(value)
2025-06-14 17:23:13: ValueError: invalid literal for int() with base 10: 'add-balance'
2025-06-14 17:23:13: 
2025-06-14 17:23:13: The above exception was the direct cause of the following exception:
2025-06-14 17:23:13: 
2025-06-14 17:23:13: Traceback (most recent call last):
2025-06-14 17:23:13:   File "/root/selambingo3/venv/lib/python3.8/site-packages/django/core/handlers/exception.py", line 55, in inner
2025-06-14 17:23:13:     response = get_response(request)
2025-06-14 17:23:13:   File "/root/selambingo3/venv/lib/python3.8/site-packages/django/core/handlers/base.py", line 197, in _get_response
2025-06-14 17:23:13:     response = wrapped_callback(request, *callback_args, **callback_kwargs)
2025-06-14 17:23:13:   File "/root/selambingo3/venv/lib/python3.8/site-packages/django/views/decorators/csrf.py", line 56, in wrapper_view
2025-06-14 17:23:13:     return view_func(*args, **kwargs)
2025-06-14 17:23:13:   File "/root/selambingo3/payments/views.py", line 37, in get_wallet
2025-06-14 17:23:13:     telegram_user = TelegramUser.objects.filter(telegram_id=user_id).first()
2025-06-14 17:23:13:   File "/root/selambingo3/venv/lib/python3.8/site-packages/django/db/models/manager.py", line 87, in manager_method
2025-06-14 17:23:13:     return getattr(self.get_queryset(), name)(*args, **kwargs)
2025-06-14 17:23:13:   File "/root/selambingo3/venv/lib/python3.8/site-packages/django/db/models/query.py", line 1436, in filter
2025-06-14 17:23:13:     return self._filter_or_exclude(False, args, kwargs)
2025-06-14 17:23:13:   File "/root/selambingo3/venv/lib/python3.8/site-packages/django/db/models/query.py", line 1454, in _filter_or_exclude
2025-06-14 17:23:13:     clone._filter_or_exclude_inplace(negate, args, kwargs)
2025-06-14 17:23:13:   File "/root/selambingo3/venv/lib/python3.8/site-packages/django/db/models/query.py", line 1461, in _filter_or_exclude_inplace
2025-06-14 17:23:13:     self._query.add_q(Q(*args, **kwargs))
2025-06-14 17:23:13:   File "/root/selambingo3/venv/lib/python3.8/site-packages/django/db/models/sql/query.py", line 1498, in add_q
2025-06-14 17:23:13:     clause, _ = self._add_q(q_object, self.used_aliases)
2025-06-14 17:23:13:   File "/root/selambingo3/venv/lib/python3.8/site-packages/django/db/models/sql/query.py", line 1529, in _add_q
2025-06-14 17:23:13:     child_clause, needed_inner = self.build_filter(
2025-06-14 17:23:13:   File "/root/selambingo3/venv/lib/python3.8/site-packages/django/db/models/sql/query.py", line 1444, in build_filter
2025-06-14 17:23:13:     condition = self.build_lookup(lookups, col, value)
2025-06-14 17:23:13:   File "/root/selambingo3/venv/lib/python3.8/site-packages/django/db/models/sql/query.py", line 1271, in build_lookup
2025-06-14 17:23:13:     lookup = lookup_class(lhs, rhs)
2025-06-14 17:23:13:   File "/root/selambingo3/venv/lib/python3.8/site-packages/django/db/models/lookups.py", line 27, in __init__
2025-06-14 17:23:13:     self.rhs = self.get_prep_lookup()
2025-06-14 17:23:13:   File "/root/selambingo3/venv/lib/python3.8/site-packages/django/db/models/lookups.py", line 341, in get_prep_lookup
2025-06-14 17:23:13:     return super().get_prep_lookup()
2025-06-14 17:23:13:   File "/root/selambingo3/venv/lib/python3.8/site-packages/django/db/models/lookups.py", line 85, in get_prep_lookup
2025-06-14 17:23:13:     return self.lhs.output_field.get_prep_value(self.rhs)
2025-06-14 17:23:13:   File "/root/selambingo3/venv/lib/python3.8/site-packages/django/db/models/fields/__init__.py", line 2057, in get_prep_value
2025-06-14 17:23:13:     raise e.__class__(
2025-06-14 17:23:13: ValueError: Field 'telegram_id' expected a number but got 'add-balance'.
2025-06-14 17:23:13: Bad Request: /accounts/register/
2025-06-14 17:23:14: Bad Request: /accounts/register/
2025-06-14 17:23:17: Not Found: /accounts/filter-users/6910537220/
2025-06-14 17:23:22: Bad Request: /payments/balance/
2025-06-14 17:23:22: Bad Request: /accounts/register/
2025-06-14 17:23:28: Not Found: /accounts/filter-users/7188843614/
2025-06-14 17:23:40: Not Found: /accounts/filter-users/1885042085/
2025-06-14 17:23:41: Not Found: /accounts/filter-users/7783032696/
2025-06-14 17:23:45: Bad Request: /accounts/register/
2025-06-14 17:23:48: Bad Request: /accounts/register/
2025-06-14 17:23:55: Bad Request: /accounts/register/
2025-06-14 17:24:00: Internal Server Error: /payments/wallet/add-balance/
2025-06-14 17:24:00: Traceback (most recent call last):
2025-06-14 17:24:00:   File "/root/selambingo3/venv/lib/python3.8/site-packages/django/db/models/fields/__init__.py", line 2055, in get_prep_value
2025-06-14 17:24:00:     return int(value)
2025-06-14 17:24:00: ValueError: invalid literal for int() with base 10: 'add-balance'
2025-06-14 17:24:00: 
2025-06-14 17:24:00: The above exception was the direct cause of the following exception:
2025-06-14 17:24:00: 
2025-06-14 17:24:00: Traceback (most recent call last):
2025-06-14 17:24:00:   File "/root/selambingo3/venv/lib/python3.8/site-packages/django/core/handlers/exception.py", line 55, in inner
2025-06-14 17:24:00:     response = get_response(request)
2025-06-14 17:24:00:   File "/root/selambingo3/venv/lib/python3.8/site-packages/django/core/handlers/base.py", line 197, in _get_response
2025-06-14 17:24:00:     response = wrapped_callback(request, *callback_args, **callback_kwargs)
2025-06-14 17:24:00:   File "/root/selambingo3/venv/lib/python3.8/site-packages/django/views/decorators/csrf.py", line 56, in wrapper_view
2025-06-14 17:24:00:     return view_func(*args, **kwargs)
2025-06-14 17:24:00:   File "/root/selambingo3/payments/views.py", line 37, in get_wallet
2025-06-14 17:24:00:     telegram_user = TelegramUser.objects.filter(telegram_id=user_id).first()
2025-06-14 17:24:00:   File "/root/selambingo3/venv/lib/python3.8/site-packages/django/db/models/manager.py", line 87, in manager_method
2025-06-14 17:24:00:     return getattr(self.get_queryset(), name)(*args, **kwargs)
2025-06-14 17:24:00:   File "/root/selambingo3/venv/lib/python3.8/site-packages/django/db/models/query.py", line 1436, in filter
2025-06-14 17:24:00:     return self._filter_or_exclude(False, args, kwargs)
2025-06-14 17:24:00:   File "/root/selambingo3/venv/lib/python3.8/site-packages/django/db/models/query.py", line 1454, in _filter_or_exclude
2025-06-14 17:24:00:     clone._filter_or_exclude_inplace(negate, args, kwargs)
2025-06-14 17:24:00:   File "/root/selambingo3/venv/lib/python3.8/site-packages/django/db/models/query.py", line 1461, in _filter_or_exclude_inplace
2025-06-14 17:24:00:     self._query.add_q(Q(*args, **kwargs))
2025-06-14 17:24:00:   File "/root/selambingo3/venv/lib/python3.8/site-packages/django/db/models/sql/query.py", line 1498, in add_q
2025-06-14 17:24:00:     clause, _ = self._add_q(q_object, self.used_aliases)
2025-06-14 17:24:00:   File "/root/selambingo3/venv/lib/python3.8/site-packages/django/db/models/sql/query.py", line 1529, in _add_q
2025-06-14 17:24:00:     child_clause, needed_inner = self.build_filter(
2025-06-14 17:24:00:   File "/root/selambingo3/venv/lib/python3.8/site-packages/django/db/models/sql/query.py", line 1444, in build_filter
2025-06-14 17:24:00:     condition = self.build_lookup(lookups, col, value)
2025-06-14 17:24:00:   File "/root/selambingo3/venv/lib/python3.8/site-packages/django/db/models/sql/query.py", line 1271, in build_lookup
2025-06-14 17:24:00:     lookup = lookup_class(lhs, rhs)
2025-06-14 17:24:00:   File "/root/selambingo3/venv/lib/python3.8/site-packages/django/db/models/lookups.py", line 27, in __init__
2025-06-14 17:24:00:     self.rhs = self.get_prep_lookup()
2025-06-14 17:24:00:   File "/root/selambingo3/venv/lib/python3.8/site-packages/django/db/models/lookups.py", line 341, in get_prep_lookup
2025-06-14 17:24:00:     return super().get_prep_lookup()
2025-06-14 17:24:00:   File "/root/selambingo3/venv/lib/python3.8/site-packages/django/db/models/lookups.py", line 85, in get_prep_lookup
2025-06-14 17:24:00:     return self.lhs.output_field.get_prep_value(self.rhs)
2025-06-14 17:24:00:   File "/root/selambingo3/venv/lib/python3.8/site-packages/django/db/models/fields/__init__.py", line 2057, in get_prep_value
2025-06-14 17:24:00:     raise e.__class__(
2025-06-14 17:24:00: ValueError: Field 'telegram_id' expected a number but got 'add-balance'.
2025-06-14 17:24:01: Bad Request: /payments/balance/
2025-06-14 17:24:03: Not Found: /accounts/filter-users/1885042085/
2025-06-14 17:24:07: Bad Request: /payments/balance/
2025-06-14 17:24:13: Not Found: /accounts/filter-users/7188843614/
2025-06-14 17:24:13: Not Found: /accounts/filter-users/1885042085/
2025-06-14 17:24:20: Bad Request: /accounts/register/
2025-06-14 17:24:52: Not Found: /accounts/filter-users/6905711348/
2025-06-14 17:24:59: Bad Request: /accounts/register/
2025-06-14 17:24:59: Not Found: /accounts/filter-users/8099313141/
2025-06-14 17:25:25: Bad Request: /payments/balance/
2025-06-14 17:25:27: Not Found: /accounts/filter-users/7188843614/
2025-06-14 17:25:36: Not Found: /accounts/filter-users/7654921063/
2025-06-14 17:26:03: Not Found: /accounts/filter-users/658098385/
2025-06-14 17:26:11: Not Found: /accounts/filter-users/658098385/
2025-06-14 17:26:43: Not Found: /accounts/filter-users/5296585731/
2025-06-14 17:26:52: Not Found: /accounts/filter-users/7906269620/
2025-06-14 17:26:55: Bad Request: /accounts/register/
2025-06-14 17:27:17: Bad Request: /payments/balance/
2025-06-14 17:27:18: Not Found: /accounts/filter-users/7906269620/
2025-06-14 17:27:52: Not Found: /accounts/filter-users/7651757288/
2025-06-14 17:28:11: Invalid HTTP_HOST header: '188.245.75.205:8000'. You may need to add '188.245.75.205' to ALLOWED_HOSTS.
2025-06-14 17:28:11: Traceback (most recent call last):
2025-06-14 17:28:11:   File "/root/selambingo3/venv/lib/python3.8/site-packages/django/core/handlers/exception.py", line 55, in inner
2025-06-14 17:28:11:     response = get_response(request)
2025-06-14 17:28:11:   File "/root/selambingo3/venv/lib/python3.8/site-packages/django/utils/deprecation.py", line 133, in __call__
2025-06-14 17:28:11:     response = self.process_request(request)
2025-06-14 17:28:11:   File "/root/selambingo3/venv/lib/python3.8/site-packages/django/middleware/common.py", line 48, in process_request
2025-06-14 17:28:11:     host = request.get_host()
2025-06-14 17:28:11:   File "/root/selambingo3/venv/lib/python3.8/site-packages/django/http/request.py", line 167, in get_host
2025-06-14 17:28:11:     raise DisallowedHost(msg)
2025-06-14 17:28:11: django.core.exceptions.DisallowedHost: Invalid HTTP_HOST header: '188.245.75.205:8000'. You may need to add '188.245.75.205' to ALLOWED_HOSTS.
2025-06-14 17:28:11: Bad Request: /
2025-06-14 17:28:19: Bad Request: /payments/balance/
2025-06-14 17:29:14: Not Found: /accounts/filter-users/7755193639/
2025-06-14 17:29:26: Bad Request: /accounts/register/
2025-06-14 17:29:38: Not Found: /accounts/filter-users/1642040753/
2025-06-14 17:30:08: Not Found: /accounts/filter-users/8027984891/
2025-06-14 17:30:28: Invalid HTTP_HOST header: '188.245.75.205:8000'. You may need to add '188.245.75.205' to ALLOWED_HOSTS.
2025-06-14 17:30:28: Traceback (most recent call last):
2025-06-14 17:30:28:   File "/root/selambingo3/venv/lib/python3.8/site-packages/django/core/handlers/exception.py", line 55, in inner
2025-06-14 17:30:28:     response = get_response(request)
2025-06-14 17:30:28:   File "/root/selambingo3/venv/lib/python3.8/site-packages/django/utils/deprecation.py", line 133, in __call__
2025-06-14 17:30:28:     response = self.process_request(request)
2025-06-14 17:30:28:   File "/root/selambingo3/venv/lib/python3.8/site-packages/django/middleware/common.py", line 48, in process_request
2025-06-14 17:30:28:     host = request.get_host()
2025-06-14 17:30:28:   File "/root/selambingo3/venv/lib/python3.8/site-packages/django/http/request.py", line 167, in get_host
2025-06-14 17:30:28:     raise DisallowedHost(msg)
2025-06-14 17:30:28: django.core.exceptions.DisallowedHost: Invalid HTTP_HOST header: '188.245.75.205:8000'. You may need to add '188.245.75.205' to ALLOWED_HOSTS.
2025-06-14 17:30:28: Bad Request: /
2025-06-14 17:30:31: Not Found: /accounts/filter-users/5276630951/
2025-06-14 17:30:38: Not Found: /accounts/filter-users/6526938343/
2025-06-14 17:31:07: Bad Request: /accounts/register/
2025-06-14 17:31:11: Bad Request: /payments/balance/
2025-06-14 17:32:27: Not Found: /accounts/filter-users/6875212830/
2025-06-14 17:32:41: Bad Request: /payments/win/
2025-06-14 17:33:02: Not Found: /accounts/filter-users/7422183724/
2025-06-14 17:33:04: Bad Request: /payments/balance/
2025-06-14 17:33:26: Not Found: /accounts/filter-users/7188843614/
2025-06-14 17:33:34: Bad Request: /payments/balance/
2025-06-14 17:33:36: Not Found: /accounts/filter-users/7188843614/
2025-06-14 17:34:05: Not Found: /accounts/filter-users/6957608907/
2025-06-14 17:34:06: Internal Server Error: /payments/wallet/add-balance/
2025-06-14 17:34:06: Traceback (most recent call last):
2025-06-14 17:34:06:   File "/root/selambingo3/venv/lib/python3.8/site-packages/django/db/models/fields/__init__.py", line 2055, in get_prep_value
2025-06-14 17:34:06:     return int(value)
2025-06-14 17:34:06: ValueError: invalid literal for int() with base 10: 'add-balance'
2025-06-14 17:34:06: 
2025-06-14 17:34:06: The above exception was the direct cause of the following exception:
2025-06-14 17:34:06: 
2025-06-14 17:34:06: Traceback (most recent call last):
2025-06-14 17:34:06:   File "/root/selambingo3/venv/lib/python3.8/site-packages/django/core/handlers/exception.py", line 55, in inner
2025-06-14 17:34:06:     response = get_response(request)
2025-06-14 17:34:06:   File "/root/selambingo3/venv/lib/python3.8/site-packages/django/core/handlers/base.py", line 197, in _get_response
2025-06-14 17:34:06:     response = wrapped_callback(request, *callback_args, **callback_kwargs)
2025-06-14 17:34:06:   File "/root/selambingo3/venv/lib/python3.8/site-packages/django/views/decorators/csrf.py", line 56, in wrapper_view
2025-06-14 17:34:06:     return view_func(*args, **kwargs)
2025-06-14 17:34:06:   File "/root/selambingo3/payments/views.py", line 37, in get_wallet
2025-06-14 17:34:06:     telegram_user = TelegramUser.objects.filter(telegram_id=user_id).first()
2025-06-14 17:34:06:   File "/root/selambingo3/venv/lib/python3.8/site-packages/django/db/models/manager.py", line 87, in manager_method
2025-06-14 17:34:06:     return getattr(self.get_queryset(), name)(*args, **kwargs)
2025-06-14 17:34:06:   File "/root/selambingo3/venv/lib/python3.8/site-packages/django/db/models/query.py", line 1436, in filter
2025-06-14 17:34:06:     return self._filter_or_exclude(False, args, kwargs)
2025-06-14 17:34:06:   File "/root/selambingo3/venv/lib/python3.8/site-packages/django/db/models/query.py", line 1454, in _filter_or_exclude
2025-06-14 17:34:06:     clone._filter_or_exclude_inplace(negate, args, kwargs)
2025-06-14 17:34:06:   File "/root/selambingo3/venv/lib/python3.8/site-packages/django/db/models/query.py", line 1461, in _filter_or_exclude_inplace
2025-06-14 17:34:06:     self._query.add_q(Q(*args, **kwargs))
2025-06-14 17:34:06:   File "/root/selambingo3/venv/lib/python3.8/site-packages/django/db/models/sql/query.py", line 1498, in add_q
2025-06-14 17:34:06:     clause, _ = self._add_q(q_object, self.used_aliases)
2025-06-14 17:34:06:   File "/root/selambingo3/venv/lib/python3.8/site-packages/django/db/models/sql/query.py", line 1529, in _add_q
2025-06-14 17:34:06:     child_clause, needed_inner = self.build_filter(
2025-06-14 17:34:06:   File "/root/selambingo3/venv/lib/python3.8/site-packages/django/db/models/sql/query.py", line 1444, in build_filter
2025-06-14 17:34:06:     condition = self.build_lookup(lookups, col, value)
2025-06-14 17:34:06:   File "/root/selambingo3/venv/lib/python3.8/site-packages/django/db/models/sql/query.py", line 1271, in build_lookup
2025-06-14 17:34:06:     lookup = lookup_class(lhs, rhs)
2025-06-14 17:34:06:   File "/root/selambingo3/venv/lib/python3.8/site-packages/django/db/models/lookups.py", line 27, in __init__
2025-06-14 17:34:06:     self.rhs = self.get_prep_lookup()
2025-06-14 17:34:06:   File "/root/selambingo3/venv/lib/python3.8/site-packages/django/db/models/lookups.py", line 341, in get_prep_lookup
2025-06-14 17:34:06:     return super().get_prep_lookup()
2025-06-14 17:34:06:   File "/root/selambingo3/venv/lib/python3.8/site-packages/django/db/models/lookups.py", line 85, in get_prep_lookup
2025-06-14 17:34:06:     return self.lhs.output_field.get_prep_value(self.rhs)
2025-06-14 17:34:06:   File "/root/selambingo3/venv/lib/python3.8/site-packages/django/db/models/fields/__init__.py", line 2057, in get_prep_value
2025-06-14 17:34:06:     raise e.__class__(
2025-06-14 17:34:06: ValueError: Field 'telegram_id' expected a number but got 'add-balance'.
2025-06-14 17:34:22: Not Found: /accounts/filter-users/7100611174/
2025-06-14 17:35:01: Not Found: /accounts/filter-users/7414462812/
2025-06-14 17:35:12: Not Found: /accounts/filter-users/7882590308/
2025-06-14 17:36:31: Bad Request: /accounts/register/
2025-06-14 17:37:19: Bad Request: /payments/balance/
2025-06-14 17:37:23: Bad Request: /payments/balance/
2025-06-14 17:39:02: Bad Request: /accounts/register/
2025-06-14 17:40:04: Not Found: /accounts/filter-users/7815956699/
2025-06-14 17:40:28: Bad Request: /payments/balance/
2025-06-14 17:41:11: Bad Request: /payments/balance/
2025-06-14 17:42:14: [2025-06-14 17:42:14 +0000] [185783] [INFO] Handling signal: int
2025-06-14 17:42:14: [2025-06-14 17:42:14 +0000] [185816] [INFO] Worker exiting (pid: 185816)
2025-06-14 17:42:14: [2025-06-14 17:42:14 +0000] [185827] [INFO] Worker exiting (pid: 185827)
2025-06-14 17:42:14: [2025-06-14 17:42:14 +0000] [185819] [INFO] Worker exiting (pid: 185819)
2025-06-14 17:42:15: [2025-06-14 17:42:15 +0000] [185783] [INFO] Shutting down: Master
2025-06-14 17:42:16: [2025-06-14 17:42:16 +0000] [189745] [INFO] Starting gunicorn 23.0.0
2025-06-14 17:42:16: [2025-06-14 17:42:16 +0000] [189745] [INFO] Listening at: http://0.0.0.0:8000 (189745)
2025-06-14 17:42:16: [2025-06-14 17:42:16 +0000] [189745] [INFO] Using worker: sync
2025-06-14 17:42:16: [2025-06-14 17:42:16 +0000] [189772] [INFO] Booting worker with pid: 189772
2025-06-14 17:42:16: [2025-06-14 17:42:16 +0000] [189773] [INFO] Booting worker with pid: 189773
2025-06-14 17:42:16: [2025-06-14 17:42:16 +0000] [189774] [INFO] Booting worker with pid: 189774
2025-06-14 17:42:24: Bad Request: /payments/balance/
2025-06-14 17:42:27: Not Found: /accounts/filter-users/781416925/
2025-06-14 17:42:39: Not Found: /accounts/filter-users/6030389020/
2025-06-14 17:42:51: Bad Request: /accounts/register/
2025-06-14 17:43:05: [2025-06-14 17:43:05 +0000] [189745] [INFO] Handling signal: int
2025-06-14 17:43:05: [2025-06-14 17:43:05 +0000] [189772] [INFO] Worker exiting (pid: 189772)
2025-06-14 17:43:05: [2025-06-14 17:43:05 +0000] [189773] [INFO] Worker exiting (pid: 189773)
2025-06-14 17:43:05: [2025-06-14 17:43:05 +0000] [189774] [INFO] Worker exiting (pid: 189774)
2025-06-14 17:43:07: [2025-06-14 17:43:07 +0000] [189745] [INFO] Shutting down: Master
2025-06-14 17:43:07: [2025-06-14 17:43:07 +0000] [190108] [INFO] Starting gunicorn 23.0.0
2025-06-14 17:43:07: [2025-06-14 17:43:07 +0000] [190108] [INFO] Listening at: http://0.0.0.0:8000 (190108)
2025-06-14 17:43:07: [2025-06-14 17:43:07 +0000] [190108] [INFO] Using worker: sync
2025-06-14 17:43:07: [2025-06-14 17:43:07 +0000] [190136] [INFO] Booting worker with pid: 190136
2025-06-14 17:43:07: [2025-06-14 17:43:07 +0000] [190137] [INFO] Booting worker with pid: 190137
2025-06-14 17:43:07: [2025-06-14 17:43:07 +0000] [190138] [INFO] Booting worker with pid: 190138
2025-06-14 17:43:26: Not Found: /accounts/filter-users/781416925/
2025-06-14 17:44:39: Not Found: /accounts/filter-users/7635885692/
2025-06-14 17:45:08: Internal Server Error: /payments/wallet/add-balance/
2025-06-14 17:45:08: Traceback (most recent call last):
2025-06-14 17:45:08:   File "/root/selambingo3/venv/lib/python3.8/site-packages/django/db/models/fields/__init__.py", line 2055, in get_prep_value
2025-06-14 17:45:08:     return int(value)
2025-06-14 17:45:08: ValueError: invalid literal for int() with base 10: 'add-balance'
2025-06-14 17:45:08: 
2025-06-14 17:45:08: The above exception was the direct cause of the following exception:
2025-06-14 17:45:08: 
2025-06-14 17:45:08: Traceback (most recent call last):
2025-06-14 17:45:08:   File "/root/selambingo3/venv/lib/python3.8/site-packages/django/core/handlers/exception.py", line 55, in inner
2025-06-14 17:45:08:     response = get_response(request)
2025-06-14 17:45:08:   File "/root/selambingo3/venv/lib/python3.8/site-packages/django/core/handlers/base.py", line 197, in _get_response
2025-06-14 17:45:08:     response = wrapped_callback(request, *callback_args, **callback_kwargs)
2025-06-14 17:45:08:   File "/root/selambingo3/venv/lib/python3.8/site-packages/django/views/decorators/csrf.py", line 56, in wrapper_view
2025-06-14 17:45:08:     return view_func(*args, **kwargs)
2025-06-14 17:45:08:   File "/root/selambingo3/payments/views.py", line 37, in get_wallet
2025-06-14 17:45:08:     telegram_user = TelegramUser.objects.filter(telegram_id=user_id).first()
2025-06-14 17:45:08:   File "/root/selambingo3/venv/lib/python3.8/site-packages/django/db/models/manager.py", line 87, in manager_method
2025-06-14 17:45:08:     return getattr(self.get_queryset(), name)(*args, **kwargs)
2025-06-14 17:45:08:   File "/root/selambingo3/venv/lib/python3.8/site-packages/django/db/models/query.py", line 1436, in filter
2025-06-14 17:45:08:     return self._filter_or_exclude(False, args, kwargs)
2025-06-14 17:45:08:   File "/root/selambingo3/venv/lib/python3.8/site-packages/django/db/models/query.py", line 1454, in _filter_or_exclude
2025-06-14 17:45:08:     clone._filter_or_exclude_inplace(negate, args, kwargs)
2025-06-14 17:45:08:   File "/root/selambingo3/venv/lib/python3.8/site-packages/django/db/models/query.py", line 1461, in _filter_or_exclude_inplace
2025-06-14 17:45:08:     self._query.add_q(Q(*args, **kwargs))
2025-06-14 17:45:08:   File "/root/selambingo3/venv/lib/python3.8/site-packages/django/db/models/sql/query.py", line 1498, in add_q
2025-06-14 17:45:08:     clause, _ = self._add_q(q_object, self.used_aliases)
2025-06-14 17:45:08:   File "/root/selambingo3/venv/lib/python3.8/site-packages/django/db/models/sql/query.py", line 1529, in _add_q
2025-06-14 17:45:08:     child_clause, needed_inner = self.build_filter(
2025-06-14 17:45:08:   File "/root/selambingo3/venv/lib/python3.8/site-packages/django/db/models/sql/query.py", line 1444, in build_filter
2025-06-14 17:45:08:     condition = self.build_lookup(lookups, col, value)
2025-06-14 17:45:08:   File "/root/selambingo3/venv/lib/python3.8/site-packages/django/db/models/sql/query.py", line 1271, in build_lookup
2025-06-14 17:45:08:     lookup = lookup_class(lhs, rhs)
2025-06-14 17:45:08:   File "/root/selambingo3/venv/lib/python3.8/site-packages/django/db/models/lookups.py", line 27, in __init__
2025-06-14 17:45:08:     self.rhs = self.get_prep_lookup()
2025-06-14 17:45:08:   File "/root/selambingo3/venv/lib/python3.8/site-packages/django/db/models/lookups.py", line 341, in get_prep_lookup
2025-06-14 17:45:08:     return super().get_prep_lookup()
2025-06-14 17:45:08:   File "/root/selambingo3/venv/lib/python3.8/site-packages/django/db/models/lookups.py", line 85, in get_prep_lookup
2025-06-14 17:45:08:     return self.lhs.output_field.get_prep_value(self.rhs)
2025-06-14 17:45:08:   File "/root/selambingo3/venv/lib/python3.8/site-packages/django/db/models/fields/__init__.py", line 2057, in get_prep_value
2025-06-14 17:45:08:     raise e.__class__(
2025-06-14 17:45:08: ValueError: Field 'telegram_id' expected a number but got 'add-balance'.
2025-06-14 17:46:04: Bad Request: /payments/balance/
2025-06-14 17:46:12: Not Found: /accounts/filter-users/7935997976/
2025-06-14 17:47:03: Bad Request: /payments/balance/
2025-06-14 17:47:51: Internal Server Error: /payments/wallet/add-balance/
2025-06-14 17:47:51: Traceback (most recent call last):
2025-06-14 17:47:51:   File "/root/selambingo3/venv/lib/python3.8/site-packages/django/db/models/fields/__init__.py", line 2055, in get_prep_value
2025-06-14 17:47:51:     return int(value)
2025-06-14 17:47:51: ValueError: invalid literal for int() with base 10: 'add-balance'
2025-06-14 17:47:51: 
2025-06-14 17:47:51: The above exception was the direct cause of the following exception:
2025-06-14 17:47:51: 
2025-06-14 17:47:51: Traceback (most recent call last):
2025-06-14 17:47:51:   File "/root/selambingo3/venv/lib/python3.8/site-packages/django/core/handlers/exception.py", line 55, in inner
2025-06-14 17:47:51:     response = get_response(request)
2025-06-14 17:47:51:   File "/root/selambingo3/venv/lib/python3.8/site-packages/django/core/handlers/base.py", line 197, in _get_response
2025-06-14 17:47:51:     response = wrapped_callback(request, *callback_args, **callback_kwargs)
2025-06-14 17:47:51:   File "/root/selambingo3/venv/lib/python3.8/site-packages/django/views/decorators/csrf.py", line 56, in wrapper_view
2025-06-14 17:47:51:     return view_func(*args, **kwargs)
2025-06-14 17:47:51:   File "/root/selambingo3/payments/views.py", line 37, in get_wallet
2025-06-14 17:47:51:     telegram_user = TelegramUser.objects.filter(telegram_id=user_id).first()
2025-06-14 17:47:51:   File "/root/selambingo3/venv/lib/python3.8/site-packages/django/db/models/manager.py", line 87, in manager_method
2025-06-14 17:47:51:     return getattr(self.get_queryset(), name)(*args, **kwargs)
2025-06-14 17:47:51:   File "/root/selambingo3/venv/lib/python3.8/site-packages/django/db/models/query.py", line 1436, in filter
2025-06-14 17:47:51:     return self._filter_or_exclude(False, args, kwargs)
2025-06-14 17:47:51:   File "/root/selambingo3/venv/lib/python3.8/site-packages/django/db/models/query.py", line 1454, in _filter_or_exclude
2025-06-14 17:47:51:     clone._filter_or_exclude_inplace(negate, args, kwargs)
2025-06-14 17:47:51:   File "/root/selambingo3/venv/lib/python3.8/site-packages/django/db/models/query.py", line 1461, in _filter_or_exclude_inplace
2025-06-14 17:47:51:     self._query.add_q(Q(*args, **kwargs))
2025-06-14 17:47:51:   File "/root/selambingo3/venv/lib/python3.8/site-packages/django/db/models/sql/query.py", line 1498, in add_q
2025-06-14 17:47:51:     clause, _ = self._add_q(q_object, self.used_aliases)
2025-06-14 17:47:51:   File "/root/selambingo3/venv/lib/python3.8/site-packages/django/db/models/sql/query.py", line 1529, in _add_q
2025-06-14 17:47:51:     child_clause, needed_inner = self.build_filter(
2025-06-14 17:47:51:   File "/root/selambingo3/venv/lib/python3.8/site-packages/django/db/models/sql/query.py", line 1444, in build_filter
2025-06-14 17:47:51:     condition = self.build_lookup(lookups, col, value)
2025-06-14 17:47:51:   File "/root/selambingo3/venv/lib/python3.8/site-packages/django/db/models/sql/query.py", line 1271, in build_lookup
2025-06-14 17:47:51:     lookup = lookup_class(lhs, rhs)
2025-06-14 17:47:51:   File "/root/selambingo3/venv/lib/python3.8/site-packages/django/db/models/lookups.py", line 27, in __init__
2025-06-14 17:47:51:     self.rhs = self.get_prep_lookup()
2025-06-14 17:47:51:   File "/root/selambingo3/venv/lib/python3.8/site-packages/django/db/models/lookups.py", line 341, in get_prep_lookup
2025-06-14 17:47:51:     return super().get_prep_lookup()
2025-06-14 17:47:51:   File "/root/selambingo3/venv/lib/python3.8/site-packages/django/db/models/lookups.py", line 85, in get_prep_lookup
2025-06-14 17:47:51:     return self.lhs.output_field.get_prep_value(self.rhs)
2025-06-14 17:47:51:   File "/root/selambingo3/venv/lib/python3.8/site-packages/django/db/models/fields/__init__.py", line 2057, in get_prep_value
2025-06-14 17:47:51:     raise e.__class__(
2025-06-14 17:47:51: ValueError: Field 'telegram_id' expected a number but got 'add-balance'.
2025-06-14 17:48:55: Not Found: /accounts/filter-users/8033944387/
2025-06-14 17:49:10: Not Found: /accounts/filter-users/7505281067/
2025-06-14 17:50:08: Bad Request: /payments/balance/
2025-06-14 17:50:53: Bad Request: /payments/balance/
2025-06-14 17:52:30: Not Found: /accounts/filter-users/5365504444/
2025-06-14 17:52:45: Bad Request: /payments/balance/
2025-06-14 17:52:54: Internal Server Error: /payments/wallet/add-balance/
2025-06-14 17:52:54: Traceback (most recent call last):
2025-06-14 17:52:54:   File "/root/selambingo3/venv/lib/python3.8/site-packages/django/db/models/fields/__init__.py", line 2055, in get_prep_value
2025-06-14 17:52:54:     return int(value)
2025-06-14 17:52:54: ValueError: invalid literal for int() with base 10: 'add-balance'
2025-06-14 17:52:54: 
2025-06-14 17:52:54: The above exception was the direct cause of the following exception:
2025-06-14 17:52:54: 
2025-06-14 17:52:54: Traceback (most recent call last):
2025-06-14 17:52:54:   File "/root/selambingo3/venv/lib/python3.8/site-packages/django/core/handlers/exception.py", line 55, in inner
2025-06-14 17:52:54:     response = get_response(request)
2025-06-14 17:52:54:   File "/root/selambingo3/venv/lib/python3.8/site-packages/django/core/handlers/base.py", line 197, in _get_response
2025-06-14 17:52:54:     response = wrapped_callback(request, *callback_args, **callback_kwargs)
2025-06-14 17:52:54:   File "/root/selambingo3/venv/lib/python3.8/site-packages/django/views/decorators/csrf.py", line 56, in wrapper_view
2025-06-14 17:52:54:     return view_func(*args, **kwargs)
2025-06-14 17:52:54:   File "/root/selambingo3/payments/views.py", line 37, in get_wallet
2025-06-14 17:52:54:     telegram_user = TelegramUser.objects.filter(telegram_id=user_id).first()
2025-06-14 17:52:54:   File "/root/selambingo3/venv/lib/python3.8/site-packages/django/db/models/manager.py", line 87, in manager_method
2025-06-14 17:52:54:     return getattr(self.get_queryset(), name)(*args, **kwargs)
2025-06-14 17:52:54:   File "/root/selambingo3/venv/lib/python3.8/site-packages/django/db/models/query.py", line 1436, in filter
2025-06-14 17:52:54:     return self._filter_or_exclude(False, args, kwargs)
2025-06-14 17:52:54:   File "/root/selambingo3/venv/lib/python3.8/site-packages/django/db/models/query.py", line 1454, in _filter_or_exclude
2025-06-14 17:52:54:     clone._filter_or_exclude_inplace(negate, args, kwargs)
2025-06-14 17:52:54:   File "/root/selambingo3/venv/lib/python3.8/site-packages/django/db/models/query.py", line 1461, in _filter_or_exclude_inplace
2025-06-14 17:52:54:     self._query.add_q(Q(*args, **kwargs))
2025-06-14 17:52:54:   File "/root/selambingo3/venv/lib/python3.8/site-packages/django/db/models/sql/query.py", line 1498, in add_q
2025-06-14 17:52:54:     clause, _ = self._add_q(q_object, self.used_aliases)
2025-06-14 17:52:54:   File "/root/selambingo3/venv/lib/python3.8/site-packages/django/db/models/sql/query.py", line 1529, in _add_q
2025-06-14 17:52:54:     child_clause, needed_inner = self.build_filter(
2025-06-14 17:52:54:   File "/root/selambingo3/venv/lib/python3.8/site-packages/django/db/models/sql/query.py", line 1444, in build_filter
2025-06-14 17:52:54:     condition = self.build_lookup(lookups, col, value)
2025-06-14 17:52:54:   File "/root/selambingo3/venv/lib/python3.8/site-packages/django/db/models/sql/query.py", line 1271, in build_lookup
2025-06-14 17:52:54:     lookup = lookup_class(lhs, rhs)
2025-06-14 17:52:54:   File "/root/selambingo3/venv/lib/python3.8/site-packages/django/db/models/lookups.py", line 27, in __init__
2025-06-14 17:52:54:     self.rhs = self.get_prep_lookup()
2025-06-14 17:52:54:   File "/root/selambingo3/venv/lib/python3.8/site-packages/django/db/models/lookups.py", line 341, in get_prep_lookup
2025-06-14 17:52:54:     return super().get_prep_lookup()
2025-06-14 17:52:54:   File "/root/selambingo3/venv/lib/python3.8/site-packages/django/db/models/lookups.py", line 85, in get_prep_lookup
2025-06-14 17:52:54:     return self.lhs.output_field.get_prep_value(self.rhs)
2025-06-14 17:52:54:   File "/root/selambingo3/venv/lib/python3.8/site-packages/django/db/models/fields/__init__.py", line 2057, in get_prep_value
2025-06-14 17:52:54:     raise e.__class__(
2025-06-14 17:52:54: ValueError: Field 'telegram_id' expected a number but got 'add-balance'.
2025-06-14 17:53:47: Not Found: /accounts/filter-users/6924158524/
2025-06-14 17:55:34: Not Found: /accounts/filter-users/6463844930/
2025-06-14 17:56:38: Not Found: /accounts/filter-users/6411363417/
2025-06-14 17:57:05: Internal Server Error: /payments/wallet/add-balance/
2025-06-14 17:57:05: Traceback (most recent call last):
2025-06-14 17:57:05:   File "/root/selambingo3/venv/lib/python3.8/site-packages/django/db/models/fields/__init__.py", line 2055, in get_prep_value
2025-06-14 17:57:05:     return int(value)
2025-06-14 17:57:05: ValueError: invalid literal for int() with base 10: 'add-balance'
2025-06-14 17:57:05: 
2025-06-14 17:57:05: The above exception was the direct cause of the following exception:
2025-06-14 17:57:05: 
2025-06-14 17:57:05: Traceback (most recent call last):
2025-06-14 17:57:05:   File "/root/selambingo3/venv/lib/python3.8/site-packages/django/core/handlers/exception.py", line 55, in inner
2025-06-14 17:57:05:     response = get_response(request)
2025-06-14 17:57:05:   File "/root/selambingo3/venv/lib/python3.8/site-packages/django/core/handlers/base.py", line 197, in _get_response
2025-06-14 17:57:05:     response = wrapped_callback(request, *callback_args, **callback_kwargs)
2025-06-14 17:57:05:   File "/root/selambingo3/venv/lib/python3.8/site-packages/django/views/decorators/csrf.py", line 56, in wrapper_view
2025-06-14 17:57:05:     return view_func(*args, **kwargs)
2025-06-14 17:57:05:   File "/root/selambingo3/payments/views.py", line 37, in get_wallet
2025-06-14 17:57:05:     telegram_user = TelegramUser.objects.filter(telegram_id=user_id).first()
2025-06-14 17:57:05:   File "/root/selambingo3/venv/lib/python3.8/site-packages/django/db/models/manager.py", line 87, in manager_method
2025-06-14 17:57:05:     return getattr(self.get_queryset(), name)(*args, **kwargs)
2025-06-14 17:57:05:   File "/root/selambingo3/venv/lib/python3.8/site-packages/django/db/models/query.py", line 1436, in filter
2025-06-14 17:57:05:     return self._filter_or_exclude(False, args, kwargs)
2025-06-14 17:57:05:   File "/root/selambingo3/venv/lib/python3.8/site-packages/django/db/models/query.py", line 1454, in _filter_or_exclude
2025-06-14 17:57:05:     clone._filter_or_exclude_inplace(negate, args, kwargs)
2025-06-14 17:57:05:   File "/root/selambingo3/venv/lib/python3.8/site-packages/django/db/models/query.py", line 1461, in _filter_or_exclude_inplace
2025-06-14 17:57:05:     self._query.add_q(Q(*args, **kwargs))
2025-06-14 17:57:05:   File "/root/selambingo3/venv/lib/python3.8/site-packages/django/db/models/sql/query.py", line 1498, in add_q
2025-06-14 17:57:05:     clause, _ = self._add_q(q_object, self.used_aliases)
2025-06-14 17:57:05:   File "/root/selambingo3/venv/lib/python3.8/site-packages/django/db/models/sql/query.py", line 1529, in _add_q
2025-06-14 17:57:05:     child_clause, needed_inner = self.build_filter(
2025-06-14 17:57:05:   File "/root/selambingo3/venv/lib/python3.8/site-packages/django/db/models/sql/query.py", line 1444, in build_filter
2025-06-14 17:57:05:     condition = self.build_lookup(lookups, col, value)
2025-06-14 17:57:05:   File "/root/selambingo3/venv/lib/python3.8/site-packages/django/db/models/sql/query.py", line 1271, in build_lookup
2025-06-14 17:57:05:     lookup = lookup_class(lhs, rhs)
2025-06-14 17:57:05:   File "/root/selambingo3/venv/lib/python3.8/site-packages/django/db/models/lookups.py", line 27, in __init__
2025-06-14 17:57:05:     self.rhs = self.get_prep_lookup()
2025-06-14 17:57:05:   File "/root/selambingo3/venv/lib/python3.8/site-packages/django/db/models/lookups.py", line 341, in get_prep_lookup
2025-06-14 17:57:05:     return super().get_prep_lookup()
2025-06-14 17:57:05:   File "/root/selambingo3/venv/lib/python3.8/site-packages/django/db/models/lookups.py", line 85, in get_prep_lookup
2025-06-14 17:57:05:     return self.lhs.output_field.get_prep_value(self.rhs)
2025-06-14 17:57:05:   File "/root/selambingo3/venv/lib/python3.8/site-packages/django/db/models/fields/__init__.py", line 2057, in get_prep_value
2025-06-14 17:57:05:     raise e.__class__(
2025-06-14 17:57:05: ValueError: Field 'telegram_id' expected a number but got 'add-balance'.
2025-06-14 17:57:22: Internal Server Error: /payments/wallet/add-balance/
2025-06-14 17:57:22: Traceback (most recent call last):
2025-06-14 17:57:22:   File "/root/selambingo3/venv/lib/python3.8/site-packages/django/db/models/fields/__init__.py", line 2055, in get_prep_value
2025-06-14 17:57:22:     return int(value)
2025-06-14 17:57:22: ValueError: invalid literal for int() with base 10: 'add-balance'
2025-06-14 17:57:22: 
2025-06-14 17:57:22: The above exception was the direct cause of the following exception:
2025-06-14 17:57:22: 
2025-06-14 17:57:22: Traceback (most recent call last):
2025-06-14 17:57:22:   File "/root/selambingo3/venv/lib/python3.8/site-packages/django/core/handlers/exception.py", line 55, in inner
2025-06-14 17:57:22:     response = get_response(request)
2025-06-14 17:57:22:   File "/root/selambingo3/venv/lib/python3.8/site-packages/django/core/handlers/base.py", line 197, in _get_response
2025-06-14 17:57:22:     response = wrapped_callback(request, *callback_args, **callback_kwargs)
2025-06-14 17:57:22:   File "/root/selambingo3/venv/lib/python3.8/site-packages/django/views/decorators/csrf.py", line 56, in wrapper_view
2025-06-14 17:57:22:     return view_func(*args, **kwargs)
2025-06-14 17:57:22:   File "/root/selambingo3/payments/views.py", line 37, in get_wallet
2025-06-14 17:57:22:     telegram_user = TelegramUser.objects.filter(telegram_id=user_id).first()
2025-06-14 17:57:22:   File "/root/selambingo3/venv/lib/python3.8/site-packages/django/db/models/manager.py", line 87, in manager_method
2025-06-14 17:57:22:     return getattr(self.get_queryset(), name)(*args, **kwargs)
2025-06-14 17:57:22:   File "/root/selambingo3/venv/lib/python3.8/site-packages/django/db/models/query.py", line 1436, in filter
2025-06-14 17:57:22:     return self._filter_or_exclude(False, args, kwargs)
2025-06-14 17:57:22:   File "/root/selambingo3/venv/lib/python3.8/site-packages/django/db/models/query.py", line 1454, in _filter_or_exclude
2025-06-14 17:57:22:     clone._filter_or_exclude_inplace(negate, args, kwargs)
2025-06-14 17:57:22:   File "/root/selambingo3/venv/lib/python3.8/site-packages/django/db/models/query.py", line 1461, in _filter_or_exclude_inplace
2025-06-14 17:57:22:     self._query.add_q(Q(*args, **kwargs))
2025-06-14 17:57:22:   File "/root/selambingo3/venv/lib/python3.8/site-packages/django/db/models/sql/query.py", line 1498, in add_q
2025-06-14 17:57:22:     clause, _ = self._add_q(q_object, self.used_aliases)
2025-06-14 17:57:22:   File "/root/selambingo3/venv/lib/python3.8/site-packages/django/db/models/sql/query.py", line 1529, in _add_q
2025-06-14 17:57:22:     child_clause, needed_inner = self.build_filter(
2025-06-14 17:57:22:   File "/root/selambingo3/venv/lib/python3.8/site-packages/django/db/models/sql/query.py", line 1444, in build_filter
2025-06-14 17:57:22:     condition = self.build_lookup(lookups, col, value)
2025-06-14 17:57:22:   File "/root/selambingo3/venv/lib/python3.8/site-packages/django/db/models/sql/query.py", line 1271, in build_lookup
2025-06-14 17:57:22:     lookup = lookup_class(lhs, rhs)
2025-06-14 17:57:22:   File "/root/selambingo3/venv/lib/python3.8/site-packages/django/db/models/lookups.py", line 27, in __init__
2025-06-14 17:57:22:     self.rhs = self.get_prep_lookup()
2025-06-14 17:57:22:   File "/root/selambingo3/venv/lib/python3.8/site-packages/django/db/models/lookups.py", line 341, in get_prep_lookup
2025-06-14 17:57:22:     return super().get_prep_lookup()
2025-06-14 17:57:22:   File "/root/selambingo3/venv/lib/python3.8/site-packages/django/db/models/lookups.py", line 85, in get_prep_lookup
2025-06-14 17:57:22:     return self.lhs.output_field.get_prep_value(self.rhs)
2025-06-14 17:57:22:   File "/root/selambingo3/venv/lib/python3.8/site-packages/django/db/models/fields/__init__.py", line 2057, in get_prep_value
2025-06-14 17:57:22:     raise e.__class__(
2025-06-14 17:57:22: ValueError: Field 'telegram_id' expected a number but got 'add-balance'.
2025-06-14 17:58:01: Not Found: /accounts/filter-users/7113110206/
2025-06-14 17:58:11: Bad Request: /accounts/register/
2025-06-14 17:58:22: Bad Request: /accounts/register/
2025-06-14 17:58:33: Bad Request: /accounts/register/
2025-06-14 17:59:56: Not Found: /accounts/filter-users/7602419009/
2025-06-14 18:00:31: Bad Request: /payments/balance/
2025-06-14 18:00:38: Not Found: /accounts/filter-users/7504817354/
2025-06-14 18:01:02: Bad Request: /accounts/register/
2025-06-14 18:01:23: Bad Request: /accounts/register/
2025-06-14 18:01:28: Bad Request: /accounts/register/
2025-06-14 18:01:31: Bad Request: /payments/balance/
2025-06-14 18:01:32: Not Found: /accounts/filter-users/7113110206/
2025-06-14 18:01:37: Bad Request: /accounts/register/
2025-06-14 18:01:54: Not Found: /accounts/filter-users/7113110206/
2025-06-14 18:02:21: Not Found: /accounts/filter-users/7954869106/
2025-06-14 18:02:58: Not Found: /accounts/filter-users/7676064135/
2025-06-14 18:03:45: Invalid HTTP_HOST header: '188.245.75.205:8000'. You may need to add '188.245.75.205' to ALLOWED_HOSTS.
2025-06-14 18:03:45: Traceback (most recent call last):
2025-06-14 18:03:45:   File "/root/selambingo3/venv/lib/python3.8/site-packages/django/core/handlers/exception.py", line 55, in inner
2025-06-14 18:03:45:     response = get_response(request)
2025-06-14 18:03:45:   File "/root/selambingo3/venv/lib/python3.8/site-packages/django/utils/deprecation.py", line 133, in __call__
2025-06-14 18:03:45:     response = self.process_request(request)
2025-06-14 18:03:45:   File "/root/selambingo3/venv/lib/python3.8/site-packages/django/middleware/common.py", line 48, in process_request
2025-06-14 18:03:45:     host = request.get_host()
2025-06-14 18:03:45:   File "/root/selambingo3/venv/lib/python3.8/site-packages/django/http/request.py", line 167, in get_host
2025-06-14 18:03:45:     raise DisallowedHost(msg)
2025-06-14 18:03:45: django.core.exceptions.DisallowedHost: Invalid HTTP_HOST header: '188.245.75.205:8000'. You may need to add '188.245.75.205' to ALLOWED_HOSTS.
2025-06-14 18:03:45: Bad Request: /
2025-06-14 18:03:48: Not Found: /accounts/filter-users/5787377645/
2025-06-14 18:05:28: Invalid HTTP_HOST header: '188.245.75.205:8000'. You may need to add '188.245.75.205' to ALLOWED_HOSTS.
2025-06-14 18:05:28: Traceback (most recent call last):
2025-06-14 18:05:28:   File "/root/selambingo3/venv/lib/python3.8/site-packages/django/core/handlers/exception.py", line 55, in inner
2025-06-14 18:05:28:     response = get_response(request)
2025-06-14 18:05:28:   File "/root/selambingo3/venv/lib/python3.8/site-packages/django/utils/deprecation.py", line 133, in __call__
2025-06-14 18:05:28:     response = self.process_request(request)
2025-06-14 18:05:28:   File "/root/selambingo3/venv/lib/python3.8/site-packages/django/middleware/common.py", line 48, in process_request
2025-06-14 18:05:28:     host = request.get_host()
2025-06-14 18:05:28:   File "/root/selambingo3/venv/lib/python3.8/site-packages/django/http/request.py", line 167, in get_host
2025-06-14 18:05:28:     raise DisallowedHost(msg)
2025-06-14 18:05:28: django.core.exceptions.DisallowedHost: Invalid HTTP_HOST header: '188.245.75.205:8000'. You may need to add '188.245.75.205' to ALLOWED_HOSTS.
2025-06-14 18:05:28: Bad Request: /
2025-06-14 18:07:12: Not Found: /accounts/filter-users/7680004001/
2025-06-14 18:07:16: Not Found: /accounts/filter-users/1775168054/
2025-06-14 18:07:22: Not Found: /accounts/filter-users/1775168054/
2025-06-14 18:07:29: Bad Request: /payments/balance/
2025-06-14 18:07:37: Not Found: /accounts/filter-users/1775168054/
2025-06-14 18:09:01: [2025-06-14 18:09:01 +0000] [190138] [WARNING] Invalid request from ip=3.130.96.91: Invalid HTTP request line: 'SSH-2.0-Go'
2025-06-14 18:09:25: Bad Request: /payments/balance/
2025-06-14 18:09:59: Not Found: /accounts/filter-users/7378020459/
2025-06-14 18:10:59: Not Found: /accounts/filter-users/7444663864/
2025-06-14 18:13:55: Not Found: /accounts/filter-users/7573618047/
2025-06-14 18:13:57: Not Found: /accounts/filter-users/6294457879/
2025-06-14 18:13:59: Bad Request: /accounts/register/
2025-06-14 18:14:07: Bad Request: /accounts/register/
2025-06-14 18:14:10: Bad Request: /accounts/register/
2025-06-14 18:14:13: Bad Request: /accounts/register/
2025-06-14 18:14:19: Bad Request: /accounts/register/
2025-06-14 18:14:50: Bad Request: /accounts/register/
2025-06-14 18:15:02: Bad Request: /payments/balance/
2025-06-14 18:15:04: Not Found: /accounts/filter-users/6294457879/
2025-06-14 18:17:26: Bad Request: /payments/balance/
2025-06-14 18:17:29: Not Found: /accounts/filter-users/7875861458/
2025-06-14 18:17:44: Not Found: /accounts/filter-users/2136598051/
2025-06-14 18:18:43: Not Found: /accounts/filter-users/412219215/
2025-06-14 18:18:49: Bad Request: /payments/balance/
2025-06-14 18:19:05: Not Found: /accounts/filter-users/5682564241/
2025-06-14 18:19:24: Not Found: /accounts/filter-users/6787068168/
2025-06-14 18:19:26: Bad Request: /accounts/register/
2025-06-14 18:19:30: Bad Request: /accounts/register/
2025-06-14 18:19:40: Bad Request: /accounts/register/
2025-06-14 18:20:09: Not Found: /accounts/filter-users/8075485394/
2025-06-14 18:20:54: Bad Request: /payments/balance/
2025-06-14 18:21:50: Bad Request: /payments/balance/
2025-06-14 18:21:52: Not Found: /accounts/filter-users/6787068168/
2025-06-14 18:22:00: Not Found: /accounts/filter-users/6787068168/
2025-06-14 18:22:04: Not Found: /accounts/filter-users/6787068168/
2025-06-14 18:22:30: Not Found: /accounts/filter-users/6787068168/
2025-06-14 18:22:43: Bad Request: /accounts/register/
2025-06-14 18:24:27: Bad Request: /payments/balance/
2025-06-14 18:24:33: Not Found: /accounts/filter-users/5114503784/
2025-06-14 18:24:37: Not Found: /accounts/filter-users/7395199248/
2025-06-14 18:24:39: Bad Request: /accounts/register/
2025-06-14 18:24:40: Not Found: /accounts/filter-users/7695542832/
2025-06-14 18:24:55: Not Found: /accounts/filter-users/7335249429/
2025-06-14 18:25:26: Not Found: /accounts/filter-users/7780817048/
2025-06-14 18:26:39: Not Found: /accounts/filter-users/7428304898/
2025-06-14 18:27:29: Bad Request: /payments/balance/
2025-06-14 18:27:43: Internal Server Error: /payments/wallet/add-balance/
2025-06-14 18:27:43: Traceback (most recent call last):
2025-06-14 18:27:43:   File "/root/selambingo3/venv/lib/python3.8/site-packages/django/db/models/fields/__init__.py", line 2055, in get_prep_value
2025-06-14 18:27:43:     return int(value)
2025-06-14 18:27:43: ValueError: invalid literal for int() with base 10: 'add-balance'
2025-06-14 18:27:43: 
2025-06-14 18:27:43: The above exception was the direct cause of the following exception:
2025-06-14 18:27:43: 
2025-06-14 18:27:43: Traceback (most recent call last):
2025-06-14 18:27:43:   File "/root/selambingo3/venv/lib/python3.8/site-packages/django/core/handlers/exception.py", line 55, in inner
2025-06-14 18:27:43:     response = get_response(request)
2025-06-14 18:27:43:   File "/root/selambingo3/venv/lib/python3.8/site-packages/django/core/handlers/base.py", line 197, in _get_response
2025-06-14 18:27:43:     response = wrapped_callback(request, *callback_args, **callback_kwargs)
2025-06-14 18:27:43:   File "/root/selambingo3/venv/lib/python3.8/site-packages/django/views/decorators/csrf.py", line 56, in wrapper_view
2025-06-14 18:27:43:     return view_func(*args, **kwargs)
2025-06-14 18:27:43:   File "/root/selambingo3/payments/views.py", line 37, in get_wallet
2025-06-14 18:27:43:     telegram_user = TelegramUser.objects.filter(telegram_id=user_id).first()
2025-06-14 18:27:43:   File "/root/selambingo3/venv/lib/python3.8/site-packages/django/db/models/manager.py", line 87, in manager_method
2025-06-14 18:27:43:     return getattr(self.get_queryset(), name)(*args, **kwargs)
2025-06-14 18:27:43:   File "/root/selambingo3/venv/lib/python3.8/site-packages/django/db/models/query.py", line 1436, in filter
2025-06-14 18:27:43:     return self._filter_or_exclude(False, args, kwargs)
2025-06-14 18:27:43:   File "/root/selambingo3/venv/lib/python3.8/site-packages/django/db/models/query.py", line 1454, in _filter_or_exclude
2025-06-14 18:27:43:     clone._filter_or_exclude_inplace(negate, args, kwargs)
2025-06-14 18:27:43:   File "/root/selambingo3/venv/lib/python3.8/site-packages/django/db/models/query.py", line 1461, in _filter_or_exclude_inplace
2025-06-14 18:27:43:     self._query.add_q(Q(*args, **kwargs))
2025-06-14 18:27:43:   File "/root/selambingo3/venv/lib/python3.8/site-packages/django/db/models/sql/query.py", line 1498, in add_q
2025-06-14 18:27:43:     clause, _ = self._add_q(q_object, self.used_aliases)
2025-06-14 18:27:43:   File "/root/selambingo3/venv/lib/python3.8/site-packages/django/db/models/sql/query.py", line 1529, in _add_q
2025-06-14 18:27:43:     child_clause, needed_inner = self.build_filter(
2025-06-14 18:27:43:   File "/root/selambingo3/venv/lib/python3.8/site-packages/django/db/models/sql/query.py", line 1444, in build_filter
2025-06-14 18:27:43:     condition = self.build_lookup(lookups, col, value)
2025-06-14 18:27:43:   File "/root/selambingo3/venv/lib/python3.8/site-packages/django/db/models/sql/query.py", line 1271, in build_lookup
2025-06-14 18:27:43:     lookup = lookup_class(lhs, rhs)
2025-06-14 18:27:43:   File "/root/selambingo3/venv/lib/python3.8/site-packages/django/db/models/lookups.py", line 27, in __init__
2025-06-14 18:27:43:     self.rhs = self.get_prep_lookup()
2025-06-14 18:27:43:   File "/root/selambingo3/venv/lib/python3.8/site-packages/django/db/models/lookups.py", line 341, in get_prep_lookup
2025-06-14 18:27:43:     return super().get_prep_lookup()
2025-06-14 18:27:43:   File "/root/selambingo3/venv/lib/python3.8/site-packages/django/db/models/lookups.py", line 85, in get_prep_lookup
2025-06-14 18:27:43:     return self.lhs.output_field.get_prep_value(self.rhs)
2025-06-14 18:27:43:   File "/root/selambingo3/venv/lib/python3.8/site-packages/django/db/models/fields/__init__.py", line 2057, in get_prep_value
2025-06-14 18:27:43:     raise e.__class__(
2025-06-14 18:27:43: ValueError: Field 'telegram_id' expected a number but got 'add-balance'.
2025-06-14 18:28:12: Not Found: /accounts/filter-users/681613754/
2025-06-14 18:28:20: Not Found: /accounts/filter-users/681613754/
2025-06-14 18:29:07: Not Found: /accounts/filter-users/5999503351/
2025-06-14 18:29:07: Not Found: /accounts/filter-users/5665456243/
2025-06-14 18:29:12: Bad Request: /accounts/register/
2025-06-14 18:29:36: Bad Request: /payments/balance/
2025-06-14 18:29:50: Bad Request: /accounts/register/
2025-06-14 18:30:01: Bad Request: /payments/balance/
2025-06-14 18:30:27: Bad Request: /payments/balance/
2025-06-14 18:32:18: Not Found: /accounts/filter-users/6103322927/
2025-06-14 18:32:43: Internal Server Error: /payments/wallet/add-balance/
2025-06-14 18:32:43: Traceback (most recent call last):
2025-06-14 18:32:43:   File "/root/selambingo3/venv/lib/python3.8/site-packages/django/db/models/fields/__init__.py", line 2055, in get_prep_value
2025-06-14 18:32:43:     return int(value)
2025-06-14 18:32:43: ValueError: invalid literal for int() with base 10: 'add-balance'
2025-06-14 18:32:43: 
2025-06-14 18:32:43: The above exception was the direct cause of the following exception:
2025-06-14 18:32:43: 
2025-06-14 18:32:43: Traceback (most recent call last):
2025-06-14 18:32:43:   File "/root/selambingo3/venv/lib/python3.8/site-packages/django/core/handlers/exception.py", line 55, in inner
2025-06-14 18:32:43:     response = get_response(request)
2025-06-14 18:32:43:   File "/root/selambingo3/venv/lib/python3.8/site-packages/django/core/handlers/base.py", line 197, in _get_response
2025-06-14 18:32:43:     response = wrapped_callback(request, *callback_args, **callback_kwargs)
2025-06-14 18:32:43:   File "/root/selambingo3/venv/lib/python3.8/site-packages/django/views/decorators/csrf.py", line 56, in wrapper_view
2025-06-14 18:32:43:     return view_func(*args, **kwargs)
2025-06-14 18:32:43:   File "/root/selambingo3/payments/views.py", line 37, in get_wallet
2025-06-14 18:32:43:     telegram_user = TelegramUser.objects.filter(telegram_id=user_id).first()
2025-06-14 18:32:43:   File "/root/selambingo3/venv/lib/python3.8/site-packages/django/db/models/manager.py", line 87, in manager_method
2025-06-14 18:32:43:     return getattr(self.get_queryset(), name)(*args, **kwargs)
2025-06-14 18:32:43:   File "/root/selambingo3/venv/lib/python3.8/site-packages/django/db/models/query.py", line 1436, in filter
2025-06-14 18:32:43:     return self._filter_or_exclude(False, args, kwargs)
2025-06-14 18:32:43:   File "/root/selambingo3/venv/lib/python3.8/site-packages/django/db/models/query.py", line 1454, in _filter_or_exclude
2025-06-14 18:32:43:     clone._filter_or_exclude_inplace(negate, args, kwargs)
2025-06-14 18:32:43:   File "/root/selambingo3/venv/lib/python3.8/site-packages/django/db/models/query.py", line 1461, in _filter_or_exclude_inplace
2025-06-14 18:32:43:     self._query.add_q(Q(*args, **kwargs))
2025-06-14 18:32:43:   File "/root/selambingo3/venv/lib/python3.8/site-packages/django/db/models/sql/query.py", line 1498, in add_q
2025-06-14 18:32:43:     clause, _ = self._add_q(q_object, self.used_aliases)
2025-06-14 18:32:43:   File "/root/selambingo3/venv/lib/python3.8/site-packages/django/db/models/sql/query.py", line 1529, in _add_q
2025-06-14 18:32:43:     child_clause, needed_inner = self.build_filter(
2025-06-14 18:32:43:   File "/root/selambingo3/venv/lib/python3.8/site-packages/django/db/models/sql/query.py", line 1444, in build_filter
2025-06-14 18:32:43:     condition = self.build_lookup(lookups, col, value)
2025-06-14 18:32:43:   File "/root/selambingo3/venv/lib/python3.8/site-packages/django/db/models/sql/query.py", line 1271, in build_lookup
2025-06-14 18:32:43:     lookup = lookup_class(lhs, rhs)
2025-06-14 18:32:43:   File "/root/selambingo3/venv/lib/python3.8/site-packages/django/db/models/lookups.py", line 27, in __init__
2025-06-14 18:32:43:     self.rhs = self.get_prep_lookup()
2025-06-14 18:32:43:   File "/root/selambingo3/venv/lib/python3.8/site-packages/django/db/models/lookups.py", line 341, in get_prep_lookup
2025-06-14 18:32:43:     return super().get_prep_lookup()
2025-06-14 18:32:43:   File "/root/selambingo3/venv/lib/python3.8/site-packages/django/db/models/lookups.py", line 85, in get_prep_lookup
2025-06-14 18:32:43:     return self.lhs.output_field.get_prep_value(self.rhs)
2025-06-14 18:32:43:   File "/root/selambingo3/venv/lib/python3.8/site-packages/django/db/models/fields/__init__.py", line 2057, in get_prep_value
2025-06-14 18:32:43:     raise e.__class__(
2025-06-14 18:32:43: ValueError: Field 'telegram_id' expected a number but got 'add-balance'.
2025-06-14 18:32:54: Not Found: /accounts/filter-users/7086936382/
2025-06-14 18:33:24: Bad Request: /payments/balance/
2025-06-14 18:33:46: [2025-06-14 18:33:46 +0000] [190108] [INFO] Handling signal: int
2025-06-14 18:33:46: [2025-06-14 18:33:46 +0000] [190136] [INFO] Worker exiting (pid: 190136)
2025-06-14 18:33:46: [2025-06-14 18:33:46 +0000] [190137] [INFO] Worker exiting (pid: 190137)
2025-06-14 18:33:46: [2025-06-14 18:33:46 +0000] [190138] [INFO] Worker exiting (pid: 190138)
2025-06-14 18:33:47: [2025-06-14 18:33:47 +0000] [190108] [INFO] Shutting down: Master
2025-06-14 18:33:47: [2025-06-14 18:33:47 +0000] [206850] [INFO] Starting gunicorn 23.0.0
2025-06-14 18:33:47: [2025-06-14 18:33:47 +0000] [206850] [INFO] Listening at: http://0.0.0.0:8000 (206850)
2025-06-14 18:33:47: [2025-06-14 18:33:47 +0000] [206850] [INFO] Using worker: sync
2025-06-14 18:33:47: [2025-06-14 18:33:47 +0000] [206882] [INFO] Booting worker with pid: 206882
2025-06-14 18:33:47: [2025-06-14 18:33:47 +0000] [206886] [INFO] Booting worker with pid: 206886
2025-06-14 18:33:47: [2025-06-14 18:33:47 +0000] [206891] [INFO] Booting worker with pid: 206891
2025-06-14 18:34:16: Bad Request: /payments/balance/
2025-06-14 18:34:35: Not Found: /accounts/filter-users/6612462624/
2025-06-14 18:34:44: Internal Server Error: /payments/wallet/add-balance/
2025-06-14 18:34:44: Traceback (most recent call last):
2025-06-14 18:34:44:   File "/root/selambingo3/venv/lib/python3.8/site-packages/django/db/models/fields/__init__.py", line 2055, in get_prep_value
2025-06-14 18:34:44:     return int(value)
2025-06-14 18:34:44: ValueError: invalid literal for int() with base 10: 'add-balance'
2025-06-14 18:34:44: 
2025-06-14 18:34:44: The above exception was the direct cause of the following exception:
2025-06-14 18:34:44: 
2025-06-14 18:34:44: Traceback (most recent call last):
2025-06-14 18:34:44:   File "/root/selambingo3/venv/lib/python3.8/site-packages/django/core/handlers/exception.py", line 55, in inner
2025-06-14 18:34:44:     response = get_response(request)
2025-06-14 18:34:44:   File "/root/selambingo3/venv/lib/python3.8/site-packages/django/core/handlers/base.py", line 197, in _get_response
2025-06-14 18:34:44:     response = wrapped_callback(request, *callback_args, **callback_kwargs)
2025-06-14 18:34:44:   File "/root/selambingo3/venv/lib/python3.8/site-packages/django/views/decorators/csrf.py", line 56, in wrapper_view
2025-06-14 18:34:44:     return view_func(*args, **kwargs)
2025-06-14 18:34:44:   File "/root/selambingo3/payments/views.py", line 37, in get_wallet
2025-06-14 18:34:44:     telegram_user = TelegramUser.objects.filter(telegram_id=user_id).first()
2025-06-14 18:34:44:   File "/root/selambingo3/venv/lib/python3.8/site-packages/django/db/models/manager.py", line 87, in manager_method
2025-06-14 18:34:44:     return getattr(self.get_queryset(), name)(*args, **kwargs)
2025-06-14 18:34:44:   File "/root/selambingo3/venv/lib/python3.8/site-packages/django/db/models/query.py", line 1436, in filter
2025-06-14 18:34:44:     return self._filter_or_exclude(False, args, kwargs)
2025-06-14 18:34:44:   File "/root/selambingo3/venv/lib/python3.8/site-packages/django/db/models/query.py", line 1454, in _filter_or_exclude
2025-06-14 18:34:44:     clone._filter_or_exclude_inplace(negate, args, kwargs)
2025-06-14 18:34:44:   File "/root/selambingo3/venv/lib/python3.8/site-packages/django/db/models/query.py", line 1461, in _filter_or_exclude_inplace
2025-06-14 18:34:44:     self._query.add_q(Q(*args, **kwargs))
2025-06-14 18:34:44:   File "/root/selambingo3/venv/lib/python3.8/site-packages/django/db/models/sql/query.py", line 1498, in add_q
2025-06-14 18:34:44:     clause, _ = self._add_q(q_object, self.used_aliases)
2025-06-14 18:34:44:   File "/root/selambingo3/venv/lib/python3.8/site-packages/django/db/models/sql/query.py", line 1529, in _add_q
2025-06-14 18:34:44:     child_clause, needed_inner = self.build_filter(
2025-06-14 18:34:44:   File "/root/selambingo3/venv/lib/python3.8/site-packages/django/db/models/sql/query.py", line 1444, in build_filter
2025-06-14 18:34:44:     condition = self.build_lookup(lookups, col, value)
2025-06-14 18:34:44:   File "/root/selambingo3/venv/lib/python3.8/site-packages/django/db/models/sql/query.py", line 1271, in build_lookup
2025-06-14 18:34:44:     lookup = lookup_class(lhs, rhs)
2025-06-14 18:34:44:   File "/root/selambingo3/venv/lib/python3.8/site-packages/django/db/models/lookups.py", line 27, in __init__
2025-06-14 18:34:44:     self.rhs = self.get_prep_lookup()
2025-06-14 18:34:44:   File "/root/selambingo3/venv/lib/python3.8/site-packages/django/db/models/lookups.py", line 341, in get_prep_lookup
2025-06-14 18:34:44:     return super().get_prep_lookup()
2025-06-14 18:34:44:   File "/root/selambingo3/venv/lib/python3.8/site-packages/django/db/models/lookups.py", line 85, in get_prep_lookup
2025-06-14 18:34:44:     return self.lhs.output_field.get_prep_value(self.rhs)
2025-06-14 18:34:44:   File "/root/selambingo3/venv/lib/python3.8/site-packages/django/db/models/fields/__init__.py", line 2057, in get_prep_value
2025-06-14 18:34:44:     raise e.__class__(
2025-06-14 18:34:44: ValueError: Field 'telegram_id' expected a number but got 'add-balance'.
2025-06-14 18:34:45: Not Found: /accounts/filter-users/6612462624/
2025-06-14 18:34:56: Not Found: /accounts/filter-users/6612462624/
2025-06-14 18:35:16: Not Found: /accounts/filter-users/6009437415/
2025-06-14 18:36:33: Not Found: /accounts/filter-users/7362430447/
2025-06-14 18:38:25: Not Found: /accounts/filter-users/7395199248/
2025-06-14 18:38:28: Bad Request: /accounts/register/
2025-06-14 18:39:47: Not Found: /accounts/filter-users/6651505991/
2025-06-14 18:42:03: Not Found: /accounts/filter-users/7230738640/
2025-06-14 18:42:38: Bad Request: /accounts/register/
2025-06-14 18:44:59: Not Found: /accounts/filter-users/7224903524/
2025-06-14 18:45:02: Bad Request: /payments/balance/
2025-06-14 18:45:10: Bad Request: /payments/balance/
2025-06-14 18:45:31: Not Found: /accounts/filter-users/7990841522/
2025-06-14 18:45:34: Not Found: /accounts/filter-users/7292586961/
2025-06-14 18:45:50: Not Found: /accounts/filter-users/7292586961/
2025-06-14 18:46:06: Not Found: /accounts/filter-users/7292586961/
2025-06-14 18:48:43: Not Found: /accounts/filter-users/8015610678/
2025-06-14 18:49:37: Not Found: /accounts/filter-users/6787068168/
2025-06-14 18:49:43: Bad Request: /accounts/register/
2025-06-14 18:50:25: Bad Request: /accounts/register/
2025-06-14 18:50:31: Bad Request: /accounts/register/
2025-06-14 18:51:19: Not Found: /accounts/filter-users/6375538318/
2025-06-14 18:52:56: Bad Request: /payments/balance/
2025-06-14 18:54:04: Bad Request: /payments/balance/
2025-06-14 18:54:30: Bad Request: /payments/balance/
2025-06-14 18:56:26: Internal Server Error: /payments/wallet/add-balance/
2025-06-14 18:56:26: Traceback (most recent call last):
2025-06-14 18:56:26:   File "/root/selambingo3/venv/lib/python3.8/site-packages/django/db/models/fields/__init__.py", line 2055, in get_prep_value
2025-06-14 18:56:26:     return int(value)
2025-06-14 18:56:26: ValueError: invalid literal for int() with base 10: 'add-balance'
2025-06-14 18:56:26: 
2025-06-14 18:56:26: The above exception was the direct cause of the following exception:
2025-06-14 18:56:26: 
2025-06-14 18:56:26: Traceback (most recent call last):
2025-06-14 18:56:26:   File "/root/selambingo3/venv/lib/python3.8/site-packages/django/core/handlers/exception.py", line 55, in inner
2025-06-14 18:56:26:     response = get_response(request)
2025-06-14 18:56:26:   File "/root/selambingo3/venv/lib/python3.8/site-packages/django/core/handlers/base.py", line 197, in _get_response
2025-06-14 18:56:26:     response = wrapped_callback(request, *callback_args, **callback_kwargs)
2025-06-14 18:56:26:   File "/root/selambingo3/venv/lib/python3.8/site-packages/django/views/decorators/csrf.py", line 56, in wrapper_view
2025-06-14 18:56:26:     return view_func(*args, **kwargs)
2025-06-14 18:56:26:   File "/root/selambingo3/payments/views.py", line 37, in get_wallet
2025-06-14 18:56:26:     telegram_user = TelegramUser.objects.filter(telegram_id=user_id).first()
2025-06-14 18:56:26:   File "/root/selambingo3/venv/lib/python3.8/site-packages/django/db/models/manager.py", line 87, in manager_method
2025-06-14 18:56:26:     return getattr(self.get_queryset(), name)(*args, **kwargs)
2025-06-14 18:56:26:   File "/root/selambingo3/venv/lib/python3.8/site-packages/django/db/models/query.py", line 1436, in filter
2025-06-14 18:56:26:     return self._filter_or_exclude(False, args, kwargs)
2025-06-14 18:56:26:   File "/root/selambingo3/venv/lib/python3.8/site-packages/django/db/models/query.py", line 1454, in _filter_or_exclude
2025-06-14 18:56:26:     clone._filter_or_exclude_inplace(negate, args, kwargs)
2025-06-14 18:56:26:   File "/root/selambingo3/venv/lib/python3.8/site-packages/django/db/models/query.py", line 1461, in _filter_or_exclude_inplace
2025-06-14 18:56:26:     self._query.add_q(Q(*args, **kwargs))
2025-06-14 18:56:26:   File "/root/selambingo3/venv/lib/python3.8/site-packages/django/db/models/sql/query.py", line 1498, in add_q
2025-06-14 18:56:26:     clause, _ = self._add_q(q_object, self.used_aliases)
2025-06-14 18:56:26:   File "/root/selambingo3/venv/lib/python3.8/site-packages/django/db/models/sql/query.py", line 1529, in _add_q
2025-06-14 18:56:26:     child_clause, needed_inner = self.build_filter(
2025-06-14 18:56:26:   File "/root/selambingo3/venv/lib/python3.8/site-packages/django/db/models/sql/query.py", line 1444, in build_filter
2025-06-14 18:56:26:     condition = self.build_lookup(lookups, col, value)
2025-06-14 18:56:26:   File "/root/selambingo3/venv/lib/python3.8/site-packages/django/db/models/sql/query.py", line 1271, in build_lookup
2025-06-14 18:56:26:     lookup = lookup_class(lhs, rhs)
2025-06-14 18:56:26:   File "/root/selambingo3/venv/lib/python3.8/site-packages/django/db/models/lookups.py", line 27, in __init__
2025-06-14 18:56:26:     self.rhs = self.get_prep_lookup()
2025-06-14 18:56:26:   File "/root/selambingo3/venv/lib/python3.8/site-packages/django/db/models/lookups.py", line 341, in get_prep_lookup
2025-06-14 18:56:26:     return super().get_prep_lookup()
2025-06-14 18:56:26:   File "/root/selambingo3/venv/lib/python3.8/site-packages/django/db/models/lookups.py", line 85, in get_prep_lookup
2025-06-14 18:56:26:     return self.lhs.output_field.get_prep_value(self.rhs)
2025-06-14 18:56:26:   File "/root/selambingo3/venv/lib/python3.8/site-packages/django/db/models/fields/__init__.py", line 2057, in get_prep_value
2025-06-14 18:56:26:     raise e.__class__(
2025-06-14 18:56:26: ValueError: Field 'telegram_id' expected a number but got 'add-balance'.
2025-06-14 18:56:38: Not Found: /accounts/filter-users/6388424274/
2025-06-14 18:56:50: Not Found: /accounts/filter-users/5485863526/
2025-06-14 18:57:23: Not Found: /accounts/filter-users/1589444594/
2025-06-14 18:58:43: Bad Request: /payments/balance/
2025-06-14 19:02:05: Not Found: /accounts/filter-users/6859356654/
2025-06-14 19:02:50: Invalid HTTP_HOST header: '188.245.75.205:8000'. You may need to add '188.245.75.205' to ALLOWED_HOSTS.
2025-06-14 19:02:50: Traceback (most recent call last):
2025-06-14 19:02:50:   File "/root/selambingo3/venv/lib/python3.8/site-packages/django/core/handlers/exception.py", line 55, in inner
2025-06-14 19:02:50:     response = get_response(request)
2025-06-14 19:02:50:   File "/root/selambingo3/venv/lib/python3.8/site-packages/django/utils/deprecation.py", line 133, in __call__
2025-06-14 19:02:50:     response = self.process_request(request)
2025-06-14 19:02:50:   File "/root/selambingo3/venv/lib/python3.8/site-packages/django/middleware/common.py", line 48, in process_request
2025-06-14 19:02:50:     host = request.get_host()
2025-06-14 19:02:50:   File "/root/selambingo3/venv/lib/python3.8/site-packages/django/http/request.py", line 167, in get_host
2025-06-14 19:02:50:     raise DisallowedHost(msg)
2025-06-14 19:02:50: django.core.exceptions.DisallowedHost: Invalid HTTP_HOST header: '188.245.75.205:8000'. You may need to add '188.245.75.205' to ALLOWED_HOSTS.
2025-06-14 19:02:50: Bad Request: /
2025-06-14 19:03:52: Not Found: /accounts/filter-users/7881279332/
2025-06-14 19:04:24: Not Found: /accounts/filter-users/6324310742/
2025-06-14 19:05:49: Not Found: /accounts/filter-users/5557748243/
2025-06-14 19:05:59: Not Found: /accounts/filter-users/7779043903/
2025-06-14 19:07:36: Not Found: /accounts/filter-users/7245039350/
2025-06-14 19:08:45: Not Found: /accounts/filter-users/5936016922/
2025-06-14 19:10:37: Not Found: /accounts/filter-users/6574956999/
2025-06-14 19:11:13: Internal Server Error: /payments/wallet/add-balance/
2025-06-14 19:11:13: Traceback (most recent call last):
2025-06-14 19:11:13:   File "/root/selambingo3/venv/lib/python3.8/site-packages/django/db/models/fields/__init__.py", line 2055, in get_prep_value
2025-06-14 19:11:13:     return int(value)
2025-06-14 19:11:13: ValueError: invalid literal for int() with base 10: 'add-balance'
2025-06-14 19:11:13: 
2025-06-14 19:11:13: The above exception was the direct cause of the following exception:
2025-06-14 19:11:13: 
2025-06-14 19:11:13: Traceback (most recent call last):
2025-06-14 19:11:13:   File "/root/selambingo3/venv/lib/python3.8/site-packages/django/core/handlers/exception.py", line 55, in inner
2025-06-14 19:11:13:     response = get_response(request)
2025-06-14 19:11:13:   File "/root/selambingo3/venv/lib/python3.8/site-packages/django/core/handlers/base.py", line 197, in _get_response
2025-06-14 19:11:13:     response = wrapped_callback(request, *callback_args, **callback_kwargs)
2025-06-14 19:11:13:   File "/root/selambingo3/venv/lib/python3.8/site-packages/django/views/decorators/csrf.py", line 56, in wrapper_view
2025-06-14 19:11:13:     return view_func(*args, **kwargs)
2025-06-14 19:11:13:   File "/root/selambingo3/payments/views.py", line 37, in get_wallet
2025-06-14 19:11:13:     telegram_user = TelegramUser.objects.filter(telegram_id=user_id).first()
2025-06-14 19:11:13:   File "/root/selambingo3/venv/lib/python3.8/site-packages/django/db/models/manager.py", line 87, in manager_method
2025-06-14 19:11:13:     return getattr(self.get_queryset(), name)(*args, **kwargs)
2025-06-14 19:11:13:   File "/root/selambingo3/venv/lib/python3.8/site-packages/django/db/models/query.py", line 1436, in filter
2025-06-14 19:11:13:     return self._filter_or_exclude(False, args, kwargs)
2025-06-14 19:11:13:   File "/root/selambingo3/venv/lib/python3.8/site-packages/django/db/models/query.py", line 1454, in _filter_or_exclude
2025-06-14 19:11:13:     clone._filter_or_exclude_inplace(negate, args, kwargs)
2025-06-14 19:11:13:   File "/root/selambingo3/venv/lib/python3.8/site-packages/django/db/models/query.py", line 1461, in _filter_or_exclude_inplace
2025-06-14 19:11:13:     self._query.add_q(Q(*args, **kwargs))
2025-06-14 19:11:13:   File "/root/selambingo3/venv/lib/python3.8/site-packages/django/db/models/sql/query.py", line 1498, in add_q
2025-06-14 19:11:13:     clause, _ = self._add_q(q_object, self.used_aliases)
2025-06-14 19:11:13:   File "/root/selambingo3/venv/lib/python3.8/site-packages/django/db/models/sql/query.py", line 1529, in _add_q
2025-06-14 19:11:13:     child_clause, needed_inner = self.build_filter(
2025-06-14 19:11:13:   File "/root/selambingo3/venv/lib/python3.8/site-packages/django/db/models/sql/query.py", line 1444, in build_filter
2025-06-14 19:11:13:     condition = self.build_lookup(lookups, col, value)
2025-06-14 19:11:13:   File "/root/selambingo3/venv/lib/python3.8/site-packages/django/db/models/sql/query.py", line 1271, in build_lookup
2025-06-14 19:11:13:     lookup = lookup_class(lhs, rhs)
2025-06-14 19:11:13:   File "/root/selambingo3/venv/lib/python3.8/site-packages/django/db/models/lookups.py", line 27, in __init__
2025-06-14 19:11:13:     self.rhs = self.get_prep_lookup()
2025-06-14 19:11:13:   File "/root/selambingo3/venv/lib/python3.8/site-packages/django/db/models/lookups.py", line 341, in get_prep_lookup
2025-06-14 19:11:13:     return super().get_prep_lookup()
2025-06-14 19:11:13:   File "/root/selambingo3/venv/lib/python3.8/site-packages/django/db/models/lookups.py", line 85, in get_prep_lookup
2025-06-14 19:11:13:     return self.lhs.output_field.get_prep_value(self.rhs)
2025-06-14 19:11:13:   File "/root/selambingo3/venv/lib/python3.8/site-packages/django/db/models/fields/__init__.py", line 2057, in get_prep_value
2025-06-14 19:11:13:     raise e.__class__(
2025-06-14 19:11:13: ValueError: Field 'telegram_id' expected a number but got 'add-balance'.
2025-06-14 19:11:28: Internal Server Error: /payments/wallet/add-balance/
2025-06-14 19:11:28: Traceback (most recent call last):
2025-06-14 19:11:28:   File "/root/selambingo3/venv/lib/python3.8/site-packages/django/db/models/fields/__init__.py", line 2055, in get_prep_value
2025-06-14 19:11:28:     return int(value)
2025-06-14 19:11:28: ValueError: invalid literal for int() with base 10: 'add-balance'
2025-06-14 19:11:28: 
2025-06-14 19:11:28: The above exception was the direct cause of the following exception:
2025-06-14 19:11:28: 
2025-06-14 19:11:28: Traceback (most recent call last):
2025-06-14 19:11:28:   File "/root/selambingo3/venv/lib/python3.8/site-packages/django/core/handlers/exception.py", line 55, in inner
2025-06-14 19:11:28:     response = get_response(request)
2025-06-14 19:11:28:   File "/root/selambingo3/venv/lib/python3.8/site-packages/django/core/handlers/base.py", line 197, in _get_response
2025-06-14 19:11:28:     response = wrapped_callback(request, *callback_args, **callback_kwargs)
2025-06-14 19:11:28:   File "/root/selambingo3/venv/lib/python3.8/site-packages/django/views/decorators/csrf.py", line 56, in wrapper_view
2025-06-14 19:11:28:     return view_func(*args, **kwargs)
2025-06-14 19:11:28:   File "/root/selambingo3/payments/views.py", line 37, in get_wallet
2025-06-14 19:11:28:     telegram_user = TelegramUser.objects.filter(telegram_id=user_id).first()
2025-06-14 19:11:28:   File "/root/selambingo3/venv/lib/python3.8/site-packages/django/db/models/manager.py", line 87, in manager_method
2025-06-14 19:11:28:     return getattr(self.get_queryset(), name)(*args, **kwargs)
2025-06-14 19:11:28:   File "/root/selambingo3/venv/lib/python3.8/site-packages/django/db/models/query.py", line 1436, in filter
2025-06-14 19:11:28:     return self._filter_or_exclude(False, args, kwargs)
2025-06-14 19:11:28:   File "/root/selambingo3/venv/lib/python3.8/site-packages/django/db/models/query.py", line 1454, in _filter_or_exclude
2025-06-14 19:11:28:     clone._filter_or_exclude_inplace(negate, args, kwargs)
2025-06-14 19:11:28:   File "/root/selambingo3/venv/lib/python3.8/site-packages/django/db/models/query.py", line 1461, in _filter_or_exclude_inplace
2025-06-14 19:11:28:     self._query.add_q(Q(*args, **kwargs))
2025-06-14 19:11:28:   File "/root/selambingo3/venv/lib/python3.8/site-packages/django/db/models/sql/query.py", line 1498, in add_q
2025-06-14 19:11:28:     clause, _ = self._add_q(q_object, self.used_aliases)
2025-06-14 19:11:28:   File "/root/selambingo3/venv/lib/python3.8/site-packages/django/db/models/sql/query.py", line 1529, in _add_q
2025-06-14 19:11:28:     child_clause, needed_inner = self.build_filter(
2025-06-14 19:11:28:   File "/root/selambingo3/venv/lib/python3.8/site-packages/django/db/models/sql/query.py", line 1444, in build_filter
2025-06-14 19:11:28:     condition = self.build_lookup(lookups, col, value)
2025-06-14 19:11:28:   File "/root/selambingo3/venv/lib/python3.8/site-packages/django/db/models/sql/query.py", line 1271, in build_lookup
2025-06-14 19:11:28:     lookup = lookup_class(lhs, rhs)
2025-06-14 19:11:28:   File "/root/selambingo3/venv/lib/python3.8/site-packages/django/db/models/lookups.py", line 27, in __init__
2025-06-14 19:11:28:     self.rhs = self.get_prep_lookup()
2025-06-14 19:11:28:   File "/root/selambingo3/venv/lib/python3.8/site-packages/django/db/models/lookups.py", line 341, in get_prep_lookup
2025-06-14 19:11:28:     return super().get_prep_lookup()
2025-06-14 19:11:28:   File "/root/selambingo3/venv/lib/python3.8/site-packages/django/db/models/lookups.py", line 85, in get_prep_lookup
2025-06-14 19:11:28:     return self.lhs.output_field.get_prep_value(self.rhs)
2025-06-14 19:11:28:   File "/root/selambingo3/venv/lib/python3.8/site-packages/django/db/models/fields/__init__.py", line 2057, in get_prep_value
2025-06-14 19:11:28:     raise e.__class__(
2025-06-14 19:11:28: ValueError: Field 'telegram_id' expected a number but got 'add-balance'.
2025-06-14 19:15:02: Bad Request: /payments/balance/
2025-06-14 19:15:07: Not Found: /accounts/filter-users/6281810655/
2025-06-14 19:15:31: Not Found: /accounts/filter-users/7630279341/
2025-06-14 19:15:41: Bad Request: /payments/balance/
2025-06-14 19:15:43: Not Found: /accounts/filter-users/6281810655/
2025-06-14 19:15:50: Not Found: /accounts/filter-users/6281810655/
2025-06-14 19:16:11: Not Found: /accounts/filter-users/6281810655/
2025-06-14 19:16:11: Not Found: /accounts/filter-users/7395898797/
2025-06-14 19:16:22: Bad Request: /payments/balance/
2025-06-14 19:16:26: Not Found: /accounts/filter-users/6281810655/
2025-06-14 19:16:47: Not Found: /accounts/filter-users/6281810655/
2025-06-14 19:17:48: Not Found: /accounts/filter-users/7543726704/
2025-06-14 19:17:55: Bad Request: /payments/balance/
2025-06-14 19:17:58: Not Found: /accounts/filter-users/7543726704/
2025-06-14 19:18:07: Not Found: /accounts/filter-users/7484036252/
2025-06-14 19:18:17: Not Found: /accounts/filter-users/6798245260/
2025-06-14 19:18:21: Bad Request: /accounts/register/
2025-06-14 19:18:21: Not Found: /accounts/filter-users/7543726704/
2025-06-14 19:18:25: Not Found: /accounts/filter-users/6175175546/
2025-06-14 19:18:35: Not Found: /accounts/filter-users/6798245260/
2025-06-14 19:18:41: Bad Request: /payments/balance/
2025-06-14 19:18:47: Not Found: /accounts/filter-users/7543726704/
2025-06-14 19:18:51: Bad Request: /accounts/register/
2025-06-14 19:19:02: Not Found: /accounts/filter-users/6798245260/
2025-06-14 19:19:10: Not Found: /accounts/filter-users/6798245260/
2025-06-14 19:19:37: Bad Request: /payments/balance/
2025-06-14 19:19:44: Not Found: /accounts/filter-users/5888271531/
2025-06-14 19:19:49: Not Found: /accounts/filter-users/6320967531/
2025-06-14 19:19:52: Not Found: /accounts/filter-users/6320967531/
2025-06-14 19:20:15: Bad Request: /payments/balance/
2025-06-14 19:20:26: Bad Request: /payments/balance/
2025-06-14 19:20:31: Not Found: /accounts/filter-users/7543726704/
2025-06-14 19:21:47: Bad Request: /accounts/register/
2025-06-14 19:21:56: Bad Request: /payments/balance/
2025-06-14 19:22:03: Bad Request: /payments/balance/
2025-06-14 19:22:41: Bad Request: /payments/balance/
2025-06-14 19:22:55: Not Found: /accounts/filter-users/7256955065/
2025-06-14 19:22:57: Bad Request: /accounts/register/
2025-06-14 19:23:02: Bad Request: /accounts/register/
2025-06-14 19:23:07: Not Found: /accounts/filter-users/7256955065/
2025-06-14 19:23:12: Bad Request: /payments/balance/
2025-06-14 19:24:12: Bad Request: /payments/balance/
2025-06-14 19:25:30: Not Found: /accounts/filter-users/1950152029/
2025-06-14 19:30:02: Not Found: /accounts/filter-users/5384851433/
2025-06-14 19:32:23: Bad Request: /accounts/register/
2025-06-14 19:32:29: Bad Request: /payments/balance/
2025-06-14 19:32:30: Not Found: /accounts/filter-users/7256955065/
2025-06-14 19:34:40: Bad Request: /payments/balance/
2025-06-14 19:35:10: Bad Request: /payments/balance/
2025-06-14 19:35:38: Internal Server Error: /payments/wallet/add-balance/
2025-06-14 19:35:38: Traceback (most recent call last):
2025-06-14 19:35:38:   File "/root/selambingo3/venv/lib/python3.8/site-packages/django/db/models/fields/__init__.py", line 2055, in get_prep_value
2025-06-14 19:35:38:     return int(value)
2025-06-14 19:35:38: ValueError: invalid literal for int() with base 10: 'add-balance'
2025-06-14 19:35:38: 
2025-06-14 19:35:38: The above exception was the direct cause of the following exception:
2025-06-14 19:35:38: 
2025-06-14 19:35:38: Traceback (most recent call last):
2025-06-14 19:35:38:   File "/root/selambingo3/venv/lib/python3.8/site-packages/django/core/handlers/exception.py", line 55, in inner
2025-06-14 19:35:38:     response = get_response(request)
2025-06-14 19:35:38:   File "/root/selambingo3/venv/lib/python3.8/site-packages/django/core/handlers/base.py", line 197, in _get_response
2025-06-14 19:35:38:     response = wrapped_callback(request, *callback_args, **callback_kwargs)
2025-06-14 19:35:38:   File "/root/selambingo3/venv/lib/python3.8/site-packages/django/views/decorators/csrf.py", line 56, in wrapper_view
2025-06-14 19:35:38:     return view_func(*args, **kwargs)
2025-06-14 19:35:38:   File "/root/selambingo3/payments/views.py", line 37, in get_wallet
2025-06-14 19:35:38:     telegram_user = TelegramUser.objects.filter(telegram_id=user_id).first()
2025-06-14 19:35:38:   File "/root/selambingo3/venv/lib/python3.8/site-packages/django/db/models/manager.py", line 87, in manager_method
2025-06-14 19:35:38:     return getattr(self.get_queryset(), name)(*args, **kwargs)
2025-06-14 19:35:38:   File "/root/selambingo3/venv/lib/python3.8/site-packages/django/db/models/query.py", line 1436, in filter
2025-06-14 19:35:38:     return self._filter_or_exclude(False, args, kwargs)
2025-06-14 19:35:38:   File "/root/selambingo3/venv/lib/python3.8/site-packages/django/db/models/query.py", line 1454, in _filter_or_exclude
2025-06-14 19:35:38:     clone._filter_or_exclude_inplace(negate, args, kwargs)
2025-06-14 19:35:38:   File "/root/selambingo3/venv/lib/python3.8/site-packages/django/db/models/query.py", line 1461, in _filter_or_exclude_inplace
2025-06-14 19:35:38:     self._query.add_q(Q(*args, **kwargs))
2025-06-14 19:35:38:   File "/root/selambingo3/venv/lib/python3.8/site-packages/django/db/models/sql/query.py", line 1498, in add_q
2025-06-14 19:35:38:     clause, _ = self._add_q(q_object, self.used_aliases)
2025-06-14 19:35:38:   File "/root/selambingo3/venv/lib/python3.8/site-packages/django/db/models/sql/query.py", line 1529, in _add_q
2025-06-14 19:35:38:     child_clause, needed_inner = self.build_filter(
2025-06-14 19:35:38:   File "/root/selambingo3/venv/lib/python3.8/site-packages/django/db/models/sql/query.py", line 1444, in build_filter
2025-06-14 19:35:38:     condition = self.build_lookup(lookups, col, value)
2025-06-14 19:35:38:   File "/root/selambingo3/venv/lib/python3.8/site-packages/django/db/models/sql/query.py", line 1271, in build_lookup
2025-06-14 19:35:38:     lookup = lookup_class(lhs, rhs)
2025-06-14 19:35:38:   File "/root/selambingo3/venv/lib/python3.8/site-packages/django/db/models/lookups.py", line 27, in __init__
2025-06-14 19:35:38:     self.rhs = self.get_prep_lookup()
2025-06-14 19:35:38:   File "/root/selambingo3/venv/lib/python3.8/site-packages/django/db/models/lookups.py", line 341, in get_prep_lookup
2025-06-14 19:35:38:     return super().get_prep_lookup()
2025-06-14 19:35:38:   File "/root/selambingo3/venv/lib/python3.8/site-packages/django/db/models/lookups.py", line 85, in get_prep_lookup
2025-06-14 19:35:38:     return self.lhs.output_field.get_prep_value(self.rhs)
2025-06-14 19:35:38:   File "/root/selambingo3/venv/lib/python3.8/site-packages/django/db/models/fields/__init__.py", line 2057, in get_prep_value
2025-06-14 19:35:38:     raise e.__class__(
2025-06-14 19:35:38: ValueError: Field 'telegram_id' expected a number but got 'add-balance'.
2025-06-14 19:36:38: Not Found: /accounts/filter-users/7070975865/
2025-06-14 19:36:48: Not Found: /accounts/filter-users/7542348846/
2025-06-14 19:36:55: Not Found: /accounts/filter-users/7398593676/
2025-06-14 19:38:05: Invalid HTTP_HOST header: '188.245.75.205:8000'. You may need to add '188.245.75.205' to ALLOWED_HOSTS.
2025-06-14 19:38:05: Traceback (most recent call last):
2025-06-14 19:38:05:   File "/root/selambingo3/venv/lib/python3.8/site-packages/django/core/handlers/exception.py", line 55, in inner
2025-06-14 19:38:05:     response = get_response(request)
2025-06-14 19:38:05:   File "/root/selambingo3/venv/lib/python3.8/site-packages/django/utils/deprecation.py", line 133, in __call__
2025-06-14 19:38:05:     response = self.process_request(request)
2025-06-14 19:38:05:   File "/root/selambingo3/venv/lib/python3.8/site-packages/django/middleware/common.py", line 48, in process_request
2025-06-14 19:38:05:     host = request.get_host()
2025-06-14 19:38:05:   File "/root/selambingo3/venv/lib/python3.8/site-packages/django/http/request.py", line 167, in get_host
2025-06-14 19:38:05:     raise DisallowedHost(msg)
2025-06-14 19:38:05: django.core.exceptions.DisallowedHost: Invalid HTTP_HOST header: '188.245.75.205:8000'. You may need to add '188.245.75.205' to ALLOWED_HOSTS.
2025-06-14 19:38:05: Bad Request: /
2025-06-14 19:41:22: Not Found: /accounts/filter-users/5323249473/
2025-06-14 19:42:27: Not Found: /accounts/filter-users/7713672681/
2025-06-14 19:42:58: Not Found: /accounts/filter-users/5720592982/
2025-06-14 19:43:07: Not Found: /accounts/filter-users/7567083429/
2025-06-14 19:45:15: Not Found: /accounts/filter-users/7712771088/
2025-06-14 19:45:29: Bad Request: /payments/balance/
2025-06-14 19:45:31: Not Found: /accounts/filter-users/7712771088/
2025-06-14 19:45:45: Not Found: /accounts/filter-users/7712771088/
2025-06-14 19:46:06: Bad Request: /payments/balance/
2025-06-14 19:46:08: Not Found: /accounts/filter-users/7712771088/
2025-06-14 19:46:24: Bad Request: /payments/balance/
2025-06-14 19:46:26: Not Found: /accounts/filter-users/7712771088/
2025-06-14 19:47:05: Internal Server Error: /payments/wallet/add-balance/
2025-06-14 19:47:05: Traceback (most recent call last):
2025-06-14 19:47:05:   File "/root/selambingo3/venv/lib/python3.8/site-packages/django/db/models/fields/__init__.py", line 2055, in get_prep_value
2025-06-14 19:47:05:     return int(value)
2025-06-14 19:47:05: ValueError: invalid literal for int() with base 10: 'add-balance'
2025-06-14 19:47:05: 
2025-06-14 19:47:05: The above exception was the direct cause of the following exception:
2025-06-14 19:47:05: 
2025-06-14 19:47:05: Traceback (most recent call last):
2025-06-14 19:47:05:   File "/root/selambingo3/venv/lib/python3.8/site-packages/django/core/handlers/exception.py", line 55, in inner
2025-06-14 19:47:05:     response = get_response(request)
2025-06-14 19:47:05:   File "/root/selambingo3/venv/lib/python3.8/site-packages/django/core/handlers/base.py", line 197, in _get_response
2025-06-14 19:47:05:     response = wrapped_callback(request, *callback_args, **callback_kwargs)
2025-06-14 19:47:05:   File "/root/selambingo3/venv/lib/python3.8/site-packages/django/views/decorators/csrf.py", line 56, in wrapper_view
2025-06-14 19:47:05:     return view_func(*args, **kwargs)
2025-06-14 19:47:05:   File "/root/selambingo3/payments/views.py", line 37, in get_wallet
2025-06-14 19:47:05:     telegram_user = TelegramUser.objects.filter(telegram_id=user_id).first()
2025-06-14 19:47:05:   File "/root/selambingo3/venv/lib/python3.8/site-packages/django/db/models/manager.py", line 87, in manager_method
2025-06-14 19:47:05:     return getattr(self.get_queryset(), name)(*args, **kwargs)
2025-06-14 19:47:05:   File "/root/selambingo3/venv/lib/python3.8/site-packages/django/db/models/query.py", line 1436, in filter
2025-06-14 19:47:05:     return self._filter_or_exclude(False, args, kwargs)
2025-06-14 19:47:05:   File "/root/selambingo3/venv/lib/python3.8/site-packages/django/db/models/query.py", line 1454, in _filter_or_exclude
2025-06-14 19:47:05:     clone._filter_or_exclude_inplace(negate, args, kwargs)
2025-06-14 19:47:05:   File "/root/selambingo3/venv/lib/python3.8/site-packages/django/db/models/query.py", line 1461, in _filter_or_exclude_inplace
2025-06-14 19:47:05:     self._query.add_q(Q(*args, **kwargs))
2025-06-14 19:47:05:   File "/root/selambingo3/venv/lib/python3.8/site-packages/django/db/models/sql/query.py", line 1498, in add_q
2025-06-14 19:47:05:     clause, _ = self._add_q(q_object, self.used_aliases)
2025-06-14 19:47:05:   File "/root/selambingo3/venv/lib/python3.8/site-packages/django/db/models/sql/query.py", line 1529, in _add_q
2025-06-14 19:47:05:     child_clause, needed_inner = self.build_filter(
2025-06-14 19:47:05:   File "/root/selambingo3/venv/lib/python3.8/site-packages/django/db/models/sql/query.py", line 1444, in build_filter
2025-06-14 19:47:05:     condition = self.build_lookup(lookups, col, value)
2025-06-14 19:47:05:   File "/root/selambingo3/venv/lib/python3.8/site-packages/django/db/models/sql/query.py", line 1271, in build_lookup
2025-06-14 19:47:05:     lookup = lookup_class(lhs, rhs)
2025-06-14 19:47:05:   File "/root/selambingo3/venv/lib/python3.8/site-packages/django/db/models/lookups.py", line 27, in __init__
2025-06-14 19:47:05:     self.rhs = self.get_prep_lookup()
2025-06-14 19:47:05:   File "/root/selambingo3/venv/lib/python3.8/site-packages/django/db/models/lookups.py", line 341, in get_prep_lookup
2025-06-14 19:47:05:     return super().get_prep_lookup()
2025-06-14 19:47:05:   File "/root/selambingo3/venv/lib/python3.8/site-packages/django/db/models/lookups.py", line 85, in get_prep_lookup
2025-06-14 19:47:05:     return self.lhs.output_field.get_prep_value(self.rhs)
2025-06-14 19:47:05:   File "/root/selambingo3/venv/lib/python3.8/site-packages/django/db/models/fields/__init__.py", line 2057, in get_prep_value
2025-06-14 19:47:05:     raise e.__class__(
2025-06-14 19:47:05: ValueError: Field 'telegram_id' expected a number but got 'add-balance'.
2025-06-14 19:47:29: Bad Request: /payments/balance/
2025-06-14 19:50:02: Not Found: /accounts/filter-users/7235742283/
2025-06-14 19:51:05: Not Found: /accounts/filter-users/8147543270/
2025-06-14 19:53:52: Bad Request: /payments/balance/
2025-06-14 19:54:39: Not Found: /accounts/filter-users/8038182531/
2025-06-14 19:58:15: Bad Request: /payments/balance/
2025-06-14 20:00:58: Not Found: /accounts/filter-users/395510693/
2025-06-14 20:01:02: Bad Request: /accounts/register/
2025-06-14 20:02:20: Invalid HTTP_HOST header: '188.245.75.205:8000'. You may need to add '188.245.75.205' to ALLOWED_HOSTS.
2025-06-14 20:02:20: Traceback (most recent call last):
2025-06-14 20:02:20:   File "/root/selambingo3/venv/lib/python3.8/site-packages/django/core/handlers/exception.py", line 55, in inner
2025-06-14 20:02:20:     response = get_response(request)
2025-06-14 20:02:20:   File "/root/selambingo3/venv/lib/python3.8/site-packages/django/utils/deprecation.py", line 133, in __call__
2025-06-14 20:02:20:     response = self.process_request(request)
2025-06-14 20:02:20:   File "/root/selambingo3/venv/lib/python3.8/site-packages/django/middleware/common.py", line 48, in process_request
2025-06-14 20:02:20:     host = request.get_host()
2025-06-14 20:02:20:   File "/root/selambingo3/venv/lib/python3.8/site-packages/django/http/request.py", line 167, in get_host
2025-06-14 20:02:20:     raise DisallowedHost(msg)
2025-06-14 20:02:20: django.core.exceptions.DisallowedHost: Invalid HTTP_HOST header: '188.245.75.205:8000'. You may need to add '188.245.75.205' to ALLOWED_HOSTS.
2025-06-14 20:02:20: Bad Request: /
2025-06-14 20:04:12: Not Found: /accounts/filter-users/6491830611/
2025-06-14 20:09:33: Bad Request: /payments/balance/
2025-06-14 20:11:12: Bad Request: /payments/balance/
2025-06-14 20:17:17: Bad Request: /payments/balance/
2025-06-14 20:17:26: Not Found: /robots.txt
2025-06-14 20:17:27: Bad Request: /payments/balance/
2025-06-14 20:18:03: Internal Server Error: /payments/wallet/add-balance/
2025-06-14 20:18:03: Traceback (most recent call last):
2025-06-14 20:18:03:   File "/root/selambingo3/venv/lib/python3.8/site-packages/django/db/models/fields/__init__.py", line 2055, in get_prep_value
2025-06-14 20:18:03:     return int(value)
2025-06-14 20:18:03: ValueError: invalid literal for int() with base 10: 'add-balance'
2025-06-14 20:18:03: 
2025-06-14 20:18:03: The above exception was the direct cause of the following exception:
2025-06-14 20:18:03: 
2025-06-14 20:18:03: Traceback (most recent call last):
2025-06-14 20:18:03:   File "/root/selambingo3/venv/lib/python3.8/site-packages/django/core/handlers/exception.py", line 55, in inner
2025-06-14 20:18:03:     response = get_response(request)
2025-06-14 20:18:03:   File "/root/selambingo3/venv/lib/python3.8/site-packages/django/core/handlers/base.py", line 197, in _get_response
2025-06-14 20:18:03:     response = wrapped_callback(request, *callback_args, **callback_kwargs)
2025-06-14 20:18:03:   File "/root/selambingo3/venv/lib/python3.8/site-packages/django/views/decorators/csrf.py", line 56, in wrapper_view
2025-06-14 20:18:03:     return view_func(*args, **kwargs)
2025-06-14 20:18:03:   File "/root/selambingo3/payments/views.py", line 37, in get_wallet
2025-06-14 20:18:03:     telegram_user = TelegramUser.objects.filter(telegram_id=user_id).first()
2025-06-14 20:18:03:   File "/root/selambingo3/venv/lib/python3.8/site-packages/django/db/models/manager.py", line 87, in manager_method
2025-06-14 20:18:03:     return getattr(self.get_queryset(), name)(*args, **kwargs)
2025-06-14 20:18:03:   File "/root/selambingo3/venv/lib/python3.8/site-packages/django/db/models/query.py", line 1436, in filter
2025-06-14 20:18:03:     return self._filter_or_exclude(False, args, kwargs)
2025-06-14 20:18:03:   File "/root/selambingo3/venv/lib/python3.8/site-packages/django/db/models/query.py", line 1454, in _filter_or_exclude
2025-06-14 20:18:03:     clone._filter_or_exclude_inplace(negate, args, kwargs)
2025-06-14 20:18:03:   File "/root/selambingo3/venv/lib/python3.8/site-packages/django/db/models/query.py", line 1461, in _filter_or_exclude_inplace
2025-06-14 20:18:03:     self._query.add_q(Q(*args, **kwargs))
2025-06-14 20:18:03:   File "/root/selambingo3/venv/lib/python3.8/site-packages/django/db/models/sql/query.py", line 1498, in add_q
2025-06-14 20:18:03:     clause, _ = self._add_q(q_object, self.used_aliases)
2025-06-14 20:18:03:   File "/root/selambingo3/venv/lib/python3.8/site-packages/django/db/models/sql/query.py", line 1529, in _add_q
2025-06-14 20:18:03:     child_clause, needed_inner = self.build_filter(
2025-06-14 20:18:03:   File "/root/selambingo3/venv/lib/python3.8/site-packages/django/db/models/sql/query.py", line 1444, in build_filter
2025-06-14 20:18:03:     condition = self.build_lookup(lookups, col, value)
2025-06-14 20:18:03:   File "/root/selambingo3/venv/lib/python3.8/site-packages/django/db/models/sql/query.py", line 1271, in build_lookup
2025-06-14 20:18:03:     lookup = lookup_class(lhs, rhs)
2025-06-14 20:18:03:   File "/root/selambingo3/venv/lib/python3.8/site-packages/django/db/models/lookups.py", line 27, in __init__
2025-06-14 20:18:03:     self.rhs = self.get_prep_lookup()
2025-06-14 20:18:03:   File "/root/selambingo3/venv/lib/python3.8/site-packages/django/db/models/lookups.py", line 341, in get_prep_lookup
2025-06-14 20:18:03:     return super().get_prep_lookup()
2025-06-14 20:18:03:   File "/root/selambingo3/venv/lib/python3.8/site-packages/django/db/models/lookups.py", line 85, in get_prep_lookup
2025-06-14 20:18:03:     return self.lhs.output_field.get_prep_value(self.rhs)
2025-06-14 20:18:03:   File "/root/selambingo3/venv/lib/python3.8/site-packages/django/db/models/fields/__init__.py", line 2057, in get_prep_value
2025-06-14 20:18:03:     raise e.__class__(
2025-06-14 20:18:03: ValueError: Field 'telegram_id' expected a number but got 'add-balance'.
2025-06-14 20:18:27: Bad Request: /payments/balance/
2025-06-14 20:19:13: Not Found: /accounts/filter-users/8095213136/
2025-06-14 20:20:07: Not Found: /accounts/filter-users/7820898993/
2025-06-14 20:25:46: Bad Request: /payments/balance/
2025-06-14 20:29:05: Invalid HTTP_HOST header: '188.245.75.205'. You may need to add '188.245.75.205' to ALLOWED_HOSTS.
2025-06-14 20:29:05: Traceback (most recent call last):
2025-06-14 20:29:05:   File "/root/selambingo3/venv/lib/python3.8/site-packages/django/core/handlers/exception.py", line 55, in inner
2025-06-14 20:29:05:     response = get_response(request)
2025-06-14 20:29:05:   File "/root/selambingo3/venv/lib/python3.8/site-packages/django/utils/deprecation.py", line 133, in __call__
2025-06-14 20:29:05:     response = self.process_request(request)
2025-06-14 20:29:05:   File "/root/selambingo3/venv/lib/python3.8/site-packages/django/middleware/common.py", line 48, in process_request
2025-06-14 20:29:05:     host = request.get_host()
2025-06-14 20:29:05:   File "/root/selambingo3/venv/lib/python3.8/site-packages/django/http/request.py", line 167, in get_host
2025-06-14 20:29:05:     raise DisallowedHost(msg)
2025-06-14 20:29:05: django.core.exceptions.DisallowedHost: Invalid HTTP_HOST header: '188.245.75.205'. You may need to add '188.245.75.205' to ALLOWED_HOSTS.
2025-06-14 20:29:05: Bad Request: /
2025-06-14 20:31:43: Bad Request: /payments/balance/
2025-06-14 20:33:04: Internal Server Error: /payments/wallet/add-balance/
2025-06-14 20:33:04: Traceback (most recent call last):
2025-06-14 20:33:04:   File "/root/selambingo3/venv/lib/python3.8/site-packages/django/db/models/fields/__init__.py", line 2055, in get_prep_value
2025-06-14 20:33:04:     return int(value)
2025-06-14 20:33:04: ValueError: invalid literal for int() with base 10: 'add-balance'
2025-06-14 20:33:04: 
2025-06-14 20:33:04: The above exception was the direct cause of the following exception:
2025-06-14 20:33:04: 
2025-06-14 20:33:04: Traceback (most recent call last):
2025-06-14 20:33:04:   File "/root/selambingo3/venv/lib/python3.8/site-packages/django/core/handlers/exception.py", line 55, in inner
2025-06-14 20:33:04:     response = get_response(request)
2025-06-14 20:33:04:   File "/root/selambingo3/venv/lib/python3.8/site-packages/django/core/handlers/base.py", line 197, in _get_response
2025-06-14 20:33:04:     response = wrapped_callback(request, *callback_args, **callback_kwargs)
2025-06-14 20:33:04:   File "/root/selambingo3/venv/lib/python3.8/site-packages/django/views/decorators/csrf.py", line 56, in wrapper_view
2025-06-14 20:33:04:     return view_func(*args, **kwargs)
2025-06-14 20:33:04:   File "/root/selambingo3/payments/views.py", line 37, in get_wallet
2025-06-14 20:33:04:     telegram_user = TelegramUser.objects.filter(telegram_id=user_id).first()
2025-06-14 20:33:04:   File "/root/selambingo3/venv/lib/python3.8/site-packages/django/db/models/manager.py", line 87, in manager_method
2025-06-14 20:33:04:     return getattr(self.get_queryset(), name)(*args, **kwargs)
2025-06-14 20:33:04:   File "/root/selambingo3/venv/lib/python3.8/site-packages/django/db/models/query.py", line 1436, in filter
2025-06-14 20:33:04:     return self._filter_or_exclude(False, args, kwargs)
2025-06-14 20:33:04:   File "/root/selambingo3/venv/lib/python3.8/site-packages/django/db/models/query.py", line 1454, in _filter_or_exclude
2025-06-14 20:33:04:     clone._filter_or_exclude_inplace(negate, args, kwargs)
2025-06-14 20:33:04:   File "/root/selambingo3/venv/lib/python3.8/site-packages/django/db/models/query.py", line 1461, in _filter_or_exclude_inplace
2025-06-14 20:33:04:     self._query.add_q(Q(*args, **kwargs))
2025-06-14 20:33:04:   File "/root/selambingo3/venv/lib/python3.8/site-packages/django/db/models/sql/query.py", line 1498, in add_q
2025-06-14 20:33:04:     clause, _ = self._add_q(q_object, self.used_aliases)
2025-06-14 20:33:04:   File "/root/selambingo3/venv/lib/python3.8/site-packages/django/db/models/sql/query.py", line 1529, in _add_q
2025-06-14 20:33:04:     child_clause, needed_inner = self.build_filter(
2025-06-14 20:33:04:   File "/root/selambingo3/venv/lib/python3.8/site-packages/django/db/models/sql/query.py", line 1444, in build_filter
2025-06-14 20:33:04:     condition = self.build_lookup(lookups, col, value)
2025-06-14 20:33:04:   File "/root/selambingo3/venv/lib/python3.8/site-packages/django/db/models/sql/query.py", line 1271, in build_lookup
2025-06-14 20:33:04:     lookup = lookup_class(lhs, rhs)
2025-06-14 20:33:04:   File "/root/selambingo3/venv/lib/python3.8/site-packages/django/db/models/lookups.py", line 27, in __init__
2025-06-14 20:33:04:     self.rhs = self.get_prep_lookup()
2025-06-14 20:33:04:   File "/root/selambingo3/venv/lib/python3.8/site-packages/django/db/models/lookups.py", line 341, in get_prep_lookup
2025-06-14 20:33:04:     return super().get_prep_lookup()
2025-06-14 20:33:04:   File "/root/selambingo3/venv/lib/python3.8/site-packages/django/db/models/lookups.py", line 85, in get_prep_lookup
2025-06-14 20:33:04:     return self.lhs.output_field.get_prep_value(self.rhs)
2025-06-14 20:33:04:   File "/root/selambingo3/venv/lib/python3.8/site-packages/django/db/models/fields/__init__.py", line 2057, in get_prep_value
2025-06-14 20:33:04:     raise e.__class__(
2025-06-14 20:33:04: ValueError: Field 'telegram_id' expected a number but got 'add-balance'.
2025-06-14 20:33:46: Not Found: /accounts/filter-users/7495682006/
2025-06-14 20:35:09: Not Found: /accounts/filter-users/7539034889/
2025-06-14 20:37:16: Not Found: /accounts/filter-users/7596625948/
2025-06-14 20:41:07: Not Found: /accounts/filter-users/7727207774/
2025-06-14 20:45:56: Internal Server Error: /payments/wallet/add-balance/
2025-06-14 20:45:56: Traceback (most recent call last):
2025-06-14 20:45:56:   File "/root/selambingo3/venv/lib/python3.8/site-packages/django/db/models/fields/__init__.py", line 2055, in get_prep_value
2025-06-14 20:45:56:     return int(value)
2025-06-14 20:45:56: ValueError: invalid literal for int() with base 10: 'add-balance'
2025-06-14 20:45:56: 
2025-06-14 20:45:56: The above exception was the direct cause of the following exception:
2025-06-14 20:45:56: 
2025-06-14 20:45:56: Traceback (most recent call last):
2025-06-14 20:45:56:   File "/root/selambingo3/venv/lib/python3.8/site-packages/django/core/handlers/exception.py", line 55, in inner
2025-06-14 20:45:56:     response = get_response(request)
2025-06-14 20:45:56:   File "/root/selambingo3/venv/lib/python3.8/site-packages/django/core/handlers/base.py", line 197, in _get_response
2025-06-14 20:45:56:     response = wrapped_callback(request, *callback_args, **callback_kwargs)
2025-06-14 20:45:56:   File "/root/selambingo3/venv/lib/python3.8/site-packages/django/views/decorators/csrf.py", line 56, in wrapper_view
2025-06-14 20:45:56:     return view_func(*args, **kwargs)
2025-06-14 20:45:56:   File "/root/selambingo3/payments/views.py", line 37, in get_wallet
2025-06-14 20:45:56:     telegram_user = TelegramUser.objects.filter(telegram_id=user_id).first()
2025-06-14 20:45:56:   File "/root/selambingo3/venv/lib/python3.8/site-packages/django/db/models/manager.py", line 87, in manager_method
2025-06-14 20:45:56:     return getattr(self.get_queryset(), name)(*args, **kwargs)
2025-06-14 20:45:56:   File "/root/selambingo3/venv/lib/python3.8/site-packages/django/db/models/query.py", line 1436, in filter
2025-06-14 20:45:56:     return self._filter_or_exclude(False, args, kwargs)
2025-06-14 20:45:56:   File "/root/selambingo3/venv/lib/python3.8/site-packages/django/db/models/query.py", line 1454, in _filter_or_exclude
2025-06-14 20:45:56:     clone._filter_or_exclude_inplace(negate, args, kwargs)
2025-06-14 20:45:56:   File "/root/selambingo3/venv/lib/python3.8/site-packages/django/db/models/query.py", line 1461, in _filter_or_exclude_inplace
2025-06-14 20:45:56:     self._query.add_q(Q(*args, **kwargs))
2025-06-14 20:45:56:   File "/root/selambingo3/venv/lib/python3.8/site-packages/django/db/models/sql/query.py", line 1498, in add_q
2025-06-14 20:45:56:     clause, _ = self._add_q(q_object, self.used_aliases)
2025-06-14 20:45:56:   File "/root/selambingo3/venv/lib/python3.8/site-packages/django/db/models/sql/query.py", line 1529, in _add_q
2025-06-14 20:45:56:     child_clause, needed_inner = self.build_filter(
2025-06-14 20:45:56:   File "/root/selambingo3/venv/lib/python3.8/site-packages/django/db/models/sql/query.py", line 1444, in build_filter
2025-06-14 20:45:56:     condition = self.build_lookup(lookups, col, value)
2025-06-14 20:45:56:   File "/root/selambingo3/venv/lib/python3.8/site-packages/django/db/models/sql/query.py", line 1271, in build_lookup
2025-06-14 20:45:56:     lookup = lookup_class(lhs, rhs)
2025-06-14 20:45:56:   File "/root/selambingo3/venv/lib/python3.8/site-packages/django/db/models/lookups.py", line 27, in __init__
2025-06-14 20:45:56:     self.rhs = self.get_prep_lookup()
2025-06-14 20:45:56:   File "/root/selambingo3/venv/lib/python3.8/site-packages/django/db/models/lookups.py", line 341, in get_prep_lookup
2025-06-14 20:45:56:     return super().get_prep_lookup()
2025-06-14 20:45:56:   File "/root/selambingo3/venv/lib/python3.8/site-packages/django/db/models/lookups.py", line 85, in get_prep_lookup
2025-06-14 20:45:56:     return self.lhs.output_field.get_prep_value(self.rhs)
2025-06-14 20:45:56:   File "/root/selambingo3/venv/lib/python3.8/site-packages/django/db/models/fields/__init__.py", line 2057, in get_prep_value
2025-06-14 20:45:56:     raise e.__class__(
2025-06-14 20:45:56: ValueError: Field 'telegram_id' expected a number but got 'add-balance'.
2025-06-14 20:46:39: Internal Server Error: /payments/wallet/add-balance/
2025-06-14 20:46:39: Traceback (most recent call last):
2025-06-14 20:46:39:   File "/root/selambingo3/venv/lib/python3.8/site-packages/django/db/models/fields/__init__.py", line 2055, in get_prep_value
2025-06-14 20:46:39:     return int(value)
2025-06-14 20:46:39: ValueError: invalid literal for int() with base 10: 'add-balance'
2025-06-14 20:46:39: 
2025-06-14 20:46:39: The above exception was the direct cause of the following exception:
2025-06-14 20:46:39: 
2025-06-14 20:46:39: Traceback (most recent call last):
2025-06-14 20:46:39:   File "/root/selambingo3/venv/lib/python3.8/site-packages/django/core/handlers/exception.py", line 55, in inner
2025-06-14 20:46:39:     response = get_response(request)
2025-06-14 20:46:39:   File "/root/selambingo3/venv/lib/python3.8/site-packages/django/core/handlers/base.py", line 197, in _get_response
2025-06-14 20:46:39:     response = wrapped_callback(request, *callback_args, **callback_kwargs)
2025-06-14 20:46:39:   File "/root/selambingo3/venv/lib/python3.8/site-packages/django/views/decorators/csrf.py", line 56, in wrapper_view
2025-06-14 20:46:39:     return view_func(*args, **kwargs)
2025-06-14 20:46:39:   File "/root/selambingo3/payments/views.py", line 37, in get_wallet
2025-06-14 20:46:39:     telegram_user = TelegramUser.objects.filter(telegram_id=user_id).first()
2025-06-14 20:46:39:   File "/root/selambingo3/venv/lib/python3.8/site-packages/django/db/models/manager.py", line 87, in manager_method
2025-06-14 20:46:39:     return getattr(self.get_queryset(), name)(*args, **kwargs)
2025-06-14 20:46:39:   File "/root/selambingo3/venv/lib/python3.8/site-packages/django/db/models/query.py", line 1436, in filter
2025-06-14 20:46:39:     return self._filter_or_exclude(False, args, kwargs)
2025-06-14 20:46:39:   File "/root/selambingo3/venv/lib/python3.8/site-packages/django/db/models/query.py", line 1454, in _filter_or_exclude
2025-06-14 20:46:39:     clone._filter_or_exclude_inplace(negate, args, kwargs)
2025-06-14 20:46:39:   File "/root/selambingo3/venv/lib/python3.8/site-packages/django/db/models/query.py", line 1461, in _filter_or_exclude_inplace
2025-06-14 20:46:39:     self._query.add_q(Q(*args, **kwargs))
2025-06-14 20:46:39:   File "/root/selambingo3/venv/lib/python3.8/site-packages/django/db/models/sql/query.py", line 1498, in add_q
2025-06-14 20:46:39:     clause, _ = self._add_q(q_object, self.used_aliases)
2025-06-14 20:46:39:   File "/root/selambingo3/venv/lib/python3.8/site-packages/django/db/models/sql/query.py", line 1529, in _add_q
2025-06-14 20:46:39:     child_clause, needed_inner = self.build_filter(
2025-06-14 20:46:39:   File "/root/selambingo3/venv/lib/python3.8/site-packages/django/db/models/sql/query.py", line 1444, in build_filter
2025-06-14 20:46:39:     condition = self.build_lookup(lookups, col, value)
2025-06-14 20:46:39:   File "/root/selambingo3/venv/lib/python3.8/site-packages/django/db/models/sql/query.py", line 1271, in build_lookup
2025-06-14 20:46:39:     lookup = lookup_class(lhs, rhs)
2025-06-14 20:46:39:   File "/root/selambingo3/venv/lib/python3.8/site-packages/django/db/models/lookups.py", line 27, in __init__
2025-06-14 20:46:39:     self.rhs = self.get_prep_lookup()
2025-06-14 20:46:39:   File "/root/selambingo3/venv/lib/python3.8/site-packages/django/db/models/lookups.py", line 341, in get_prep_lookup
2025-06-14 20:46:39:     return super().get_prep_lookup()
2025-06-14 20:46:39:   File "/root/selambingo3/venv/lib/python3.8/site-packages/django/db/models/lookups.py", line 85, in get_prep_lookup
2025-06-14 20:46:39:     return self.lhs.output_field.get_prep_value(self.rhs)
2025-06-14 20:46:39:   File "/root/selambingo3/venv/lib/python3.8/site-packages/django/db/models/fields/__init__.py", line 2057, in get_prep_value
2025-06-14 20:46:39:     raise e.__class__(
2025-06-14 20:46:39: ValueError: Field 'telegram_id' expected a number but got 'add-balance'.
2025-06-14 20:48:12: Bad Request: /payments/balance/
2025-06-14 20:48:15: Not Found: /accounts/filter-users/7712771088/
2025-06-14 20:48:25: Bad Request: /payments/balance/
2025-06-14 20:48:25: Not Found: /accounts/filter-users/6456737921/
2025-06-14 20:48:27: Not Found: /accounts/filter-users/7712771088/
2025-06-14 20:48:40: Bad Request: /payments/balance/
2025-06-14 20:48:43: Not Found: /accounts/filter-users/7712771088/
2025-06-14 20:49:06: Not Found: /accounts/filter-users/7712771088/
2025-06-14 20:49:20: Bad Request: /payments/balance/
2025-06-14 20:49:22: Not Found: /accounts/filter-users/7712771088/
2025-06-14 21:05:54: Bad Request: /payments/balance/
2025-06-14 21:06:39: Bad Request: /payments/balance/
2025-06-14 21:06:40: Not Found: /accounts/filter-users/6844033886/
2025-06-14 21:06:43: Not Found: /accounts/filter-users/6844033886/
2025-06-14 21:07:59: Invalid HTTP_HOST header: '188.245.75.205:8000'. You may need to add '188.245.75.205' to ALLOWED_HOSTS.
2025-06-14 21:07:59: Traceback (most recent call last):
2025-06-14 21:07:59:   File "/root/selambingo3/venv/lib/python3.8/site-packages/django/core/handlers/exception.py", line 55, in inner
2025-06-14 21:07:59:     response = get_response(request)
2025-06-14 21:07:59:   File "/root/selambingo3/venv/lib/python3.8/site-packages/django/utils/deprecation.py", line 133, in __call__
2025-06-14 21:07:59:     response = self.process_request(request)
2025-06-14 21:07:59:   File "/root/selambingo3/venv/lib/python3.8/site-packages/django/middleware/common.py", line 48, in process_request
2025-06-14 21:07:59:     host = request.get_host()
2025-06-14 21:07:59:   File "/root/selambingo3/venv/lib/python3.8/site-packages/django/http/request.py", line 167, in get_host
2025-06-14 21:07:59:     raise DisallowedHost(msg)
2025-06-14 21:07:59: django.core.exceptions.DisallowedHost: Invalid HTTP_HOST header: '188.245.75.205:8000'. You may need to add '188.245.75.205' to ALLOWED_HOSTS.
2025-06-14 21:07:59: Bad Request: /
2025-06-14 21:09:06: Bad Request: /accounts/register/
2025-06-14 21:10:14: Invalid HTTP_HOST header: '188.245.75.205:8000'. You may need to add '188.245.75.205' to ALLOWED_HOSTS.
2025-06-14 21:10:14: Traceback (most recent call last):
2025-06-14 21:10:14:   File "/root/selambingo3/venv/lib/python3.8/site-packages/django/core/handlers/exception.py", line 55, in inner
2025-06-14 21:10:14:     response = get_response(request)
2025-06-14 21:10:14:   File "/root/selambingo3/venv/lib/python3.8/site-packages/django/utils/deprecation.py", line 133, in __call__
2025-06-14 21:10:14:     response = self.process_request(request)
2025-06-14 21:10:14:   File "/root/selambingo3/venv/lib/python3.8/site-packages/django/middleware/common.py", line 48, in process_request
2025-06-14 21:10:14:     host = request.get_host()
2025-06-14 21:10:14:   File "/root/selambingo3/venv/lib/python3.8/site-packages/django/http/request.py", line 167, in get_host
2025-06-14 21:10:14:     raise DisallowedHost(msg)
2025-06-14 21:10:14: django.core.exceptions.DisallowedHost: Invalid HTTP_HOST header: '188.245.75.205:8000'. You may need to add '188.245.75.205' to ALLOWED_HOSTS.
2025-06-14 21:10:14: Bad Request: /
2025-06-14 21:10:23: Invalid HTTP_HOST header: '188.245.75.205:8000'. You may need to add '188.245.75.205' to ALLOWED_HOSTS.
2025-06-14 21:10:23: Traceback (most recent call last):
2025-06-14 21:10:23:   File "/root/selambingo3/venv/lib/python3.8/site-packages/django/core/handlers/exception.py", line 55, in inner
2025-06-14 21:10:23:     response = get_response(request)
2025-06-14 21:10:23:   File "/root/selambingo3/venv/lib/python3.8/site-packages/django/utils/deprecation.py", line 133, in __call__
2025-06-14 21:10:23:     response = self.process_request(request)
2025-06-14 21:10:23:   File "/root/selambingo3/venv/lib/python3.8/site-packages/django/middleware/common.py", line 48, in process_request
2025-06-14 21:10:23:     host = request.get_host()
2025-06-14 21:10:23:   File "/root/selambingo3/venv/lib/python3.8/site-packages/django/http/request.py", line 167, in get_host
2025-06-14 21:10:23:     raise DisallowedHost(msg)
2025-06-14 21:10:23: django.core.exceptions.DisallowedHost: Invalid HTTP_HOST header: '188.245.75.205:8000'. You may need to add '188.245.75.205' to ALLOWED_HOSTS.
2025-06-14 21:10:23: Bad Request: /
2025-06-14 21:10:28: [2025-06-14 21:10:28 +0000] [206886] [WARNING] Invalid request from ip=206.168.34.88: Invalid HTTP Version: (2, 0)
2025-06-14 21:10:37: Invalid HTTP_HOST header: '188.245.75.205:8000'. You may need to add '188.245.75.205' to ALLOWED_HOSTS.
2025-06-14 21:10:37: Traceback (most recent call last):
2025-06-14 21:10:37:   File "/root/selambingo3/venv/lib/python3.8/site-packages/django/core/handlers/exception.py", line 55, in inner
2025-06-14 21:10:37:     response = get_response(request)
2025-06-14 21:10:37:   File "/root/selambingo3/venv/lib/python3.8/site-packages/django/utils/deprecation.py", line 133, in __call__
2025-06-14 21:10:37:     response = self.process_request(request)
2025-06-14 21:10:37:   File "/root/selambingo3/venv/lib/python3.8/site-packages/django/middleware/common.py", line 48, in process_request
2025-06-14 21:10:37:     host = request.get_host()
2025-06-14 21:10:37:   File "/root/selambingo3/venv/lib/python3.8/site-packages/django/http/request.py", line 167, in get_host
2025-06-14 21:10:37:     raise DisallowedHost(msg)
2025-06-14 21:10:37: django.core.exceptions.DisallowedHost: Invalid HTTP_HOST header: '188.245.75.205:8000'. You may need to add '188.245.75.205' to ALLOWED_HOSTS.
2025-06-14 21:10:37: Bad Request: /favicon.ico
2025-06-14 21:11:13: Invalid HTTP_HOST header: '188.245.75.205:8000'. You may need to add '188.245.75.205' to ALLOWED_HOSTS.
2025-06-14 21:11:13: Traceback (most recent call last):
2025-06-14 21:11:13:   File "/root/selambingo3/venv/lib/python3.8/site-packages/django/core/handlers/exception.py", line 55, in inner
2025-06-14 21:11:13:     response = get_response(request)
2025-06-14 21:11:13:   File "/root/selambingo3/venv/lib/python3.8/site-packages/django/utils/deprecation.py", line 133, in __call__
2025-06-14 21:11:13:     response = self.process_request(request)
2025-06-14 21:11:13:   File "/root/selambingo3/venv/lib/python3.8/site-packages/django/middleware/common.py", line 48, in process_request
2025-06-14 21:11:13:     host = request.get_host()
2025-06-14 21:11:13:   File "/root/selambingo3/venv/lib/python3.8/site-packages/django/http/request.py", line 167, in get_host
2025-06-14 21:11:13:     raise DisallowedHost(msg)
2025-06-14 21:11:13: django.core.exceptions.DisallowedHost: Invalid HTTP_HOST header: '188.245.75.205:8000'. You may need to add '188.245.75.205' to ALLOWED_HOSTS.
2025-06-14 21:11:13: Bad Request: /login
2025-06-14 21:11:14: Invalid HTTP_HOST header: '188.245.75.205:8000'. You may need to add '188.245.75.205' to ALLOWED_HOSTS.
2025-06-14 21:11:14: Traceback (most recent call last):
2025-06-14 21:11:14:   File "/root/selambingo3/venv/lib/python3.8/site-packages/django/core/handlers/exception.py", line 55, in inner
2025-06-14 21:11:14:     response = get_response(request)
2025-06-14 21:11:14:   File "/root/selambingo3/venv/lib/python3.8/site-packages/django/utils/deprecation.py", line 133, in __call__
2025-06-14 21:11:14:     response = self.process_request(request)
2025-06-14 21:11:14:   File "/root/selambingo3/venv/lib/python3.8/site-packages/django/middleware/common.py", line 48, in process_request
2025-06-14 21:11:14:     host = request.get_host()
2025-06-14 21:11:14:   File "/root/selambingo3/venv/lib/python3.8/site-packages/django/http/request.py", line 167, in get_host
2025-06-14 21:11:14:     raise DisallowedHost(msg)
2025-06-14 21:11:14: django.core.exceptions.DisallowedHost: Invalid HTTP_HOST header: '188.245.75.205:8000'. You may need to add '188.245.75.205' to ALLOWED_HOSTS.
2025-06-14 21:11:15: Bad Request: /favicon.ico
2025-06-14 21:13:47: Not Found: /accounts/filter-users/1143032320/
2025-06-14 21:15:33: Not Found: /accounts/filter-users/1626936537/
2025-06-14 21:20:10: [2025-06-14 21:20:10 +0000] [206886] [WARNING] Invalid request from ip=8.219.70.132: Invalid HTTP request line: ''
2025-06-14 21:21:26: Internal Server Error: /payments/wallet/add-balance/
2025-06-14 21:21:26: Traceback (most recent call last):
2025-06-14 21:21:26:   File "/root/selambingo3/venv/lib/python3.8/site-packages/django/db/models/fields/__init__.py", line 2055, in get_prep_value
2025-06-14 21:21:26:     return int(value)
2025-06-14 21:21:26: ValueError: invalid literal for int() with base 10: 'add-balance'
2025-06-14 21:21:26: 
2025-06-14 21:21:26: The above exception was the direct cause of the following exception:
2025-06-14 21:21:26: 
2025-06-14 21:21:26: Traceback (most recent call last):
2025-06-14 21:21:26:   File "/root/selambingo3/venv/lib/python3.8/site-packages/django/core/handlers/exception.py", line 55, in inner
2025-06-14 21:21:26:     response = get_response(request)
2025-06-14 21:21:26:   File "/root/selambingo3/venv/lib/python3.8/site-packages/django/core/handlers/base.py", line 197, in _get_response
2025-06-14 21:21:26:     response = wrapped_callback(request, *callback_args, **callback_kwargs)
2025-06-14 21:21:26:   File "/root/selambingo3/venv/lib/python3.8/site-packages/django/views/decorators/csrf.py", line 56, in wrapper_view
2025-06-14 21:21:26:     return view_func(*args, **kwargs)
2025-06-14 21:21:26:   File "/root/selambingo3/payments/views.py", line 37, in get_wallet
2025-06-14 21:21:26:     telegram_user = TelegramUser.objects.filter(telegram_id=user_id).first()
2025-06-14 21:21:26:   File "/root/selambingo3/venv/lib/python3.8/site-packages/django/db/models/manager.py", line 87, in manager_method
2025-06-14 21:21:26:     return getattr(self.get_queryset(), name)(*args, **kwargs)
2025-06-14 21:21:26:   File "/root/selambingo3/venv/lib/python3.8/site-packages/django/db/models/query.py", line 1436, in filter
2025-06-14 21:21:26:     return self._filter_or_exclude(False, args, kwargs)
2025-06-14 21:21:26:   File "/root/selambingo3/venv/lib/python3.8/site-packages/django/db/models/query.py", line 1454, in _filter_or_exclude
2025-06-14 21:21:26:     clone._filter_or_exclude_inplace(negate, args, kwargs)
2025-06-14 21:21:26:   File "/root/selambingo3/venv/lib/python3.8/site-packages/django/db/models/query.py", line 1461, in _filter_or_exclude_inplace
2025-06-14 21:21:26:     self._query.add_q(Q(*args, **kwargs))
2025-06-14 21:21:26:   File "/root/selambingo3/venv/lib/python3.8/site-packages/django/db/models/sql/query.py", line 1498, in add_q
2025-06-14 21:21:26:     clause, _ = self._add_q(q_object, self.used_aliases)
2025-06-14 21:21:26:   File "/root/selambingo3/venv/lib/python3.8/site-packages/django/db/models/sql/query.py", line 1529, in _add_q
2025-06-14 21:21:26:     child_clause, needed_inner = self.build_filter(
2025-06-14 21:21:26:   File "/root/selambingo3/venv/lib/python3.8/site-packages/django/db/models/sql/query.py", line 1444, in build_filter
2025-06-14 21:21:26:     condition = self.build_lookup(lookups, col, value)
2025-06-14 21:21:26:   File "/root/selambingo3/venv/lib/python3.8/site-packages/django/db/models/sql/query.py", line 1271, in build_lookup
2025-06-14 21:21:26:     lookup = lookup_class(lhs, rhs)
2025-06-14 21:21:26:   File "/root/selambingo3/venv/lib/python3.8/site-packages/django/db/models/lookups.py", line 27, in __init__
2025-06-14 21:21:26:     self.rhs = self.get_prep_lookup()
2025-06-14 21:21:26:   File "/root/selambingo3/venv/lib/python3.8/site-packages/django/db/models/lookups.py", line 341, in get_prep_lookup
2025-06-14 21:21:26:     return super().get_prep_lookup()
2025-06-14 21:21:26:   File "/root/selambingo3/venv/lib/python3.8/site-packages/django/db/models/lookups.py", line 85, in get_prep_lookup
2025-06-14 21:21:26:     return self.lhs.output_field.get_prep_value(self.rhs)
2025-06-14 21:21:26:   File "/root/selambingo3/venv/lib/python3.8/site-packages/django/db/models/fields/__init__.py", line 2057, in get_prep_value
2025-06-14 21:21:26:     raise e.__class__(
2025-06-14 21:21:26: ValueError: Field 'telegram_id' expected a number but got 'add-balance'.
2025-06-14 21:21:48: Internal Server Error: /payments/wallet/add-balance/
2025-06-14 21:21:48: Traceback (most recent call last):
2025-06-14 21:21:48:   File "/root/selambingo3/venv/lib/python3.8/site-packages/django/db/models/fields/__init__.py", line 2055, in get_prep_value
2025-06-14 21:21:48:     return int(value)
2025-06-14 21:21:48: ValueError: invalid literal for int() with base 10: 'add-balance'
2025-06-14 21:21:48: 
2025-06-14 21:21:48: The above exception was the direct cause of the following exception:
2025-06-14 21:21:48: 
2025-06-14 21:21:48: Traceback (most recent call last):
2025-06-14 21:21:48:   File "/root/selambingo3/venv/lib/python3.8/site-packages/django/core/handlers/exception.py", line 55, in inner
2025-06-14 21:21:48:     response = get_response(request)
2025-06-14 21:21:48:   File "/root/selambingo3/venv/lib/python3.8/site-packages/django/core/handlers/base.py", line 197, in _get_response
2025-06-14 21:21:48:     response = wrapped_callback(request, *callback_args, **callback_kwargs)
2025-06-14 21:21:48:   File "/root/selambingo3/venv/lib/python3.8/site-packages/django/views/decorators/csrf.py", line 56, in wrapper_view
2025-06-14 21:21:48:     return view_func(*args, **kwargs)
2025-06-14 21:21:48:   File "/root/selambingo3/payments/views.py", line 37, in get_wallet
2025-06-14 21:21:48:     telegram_user = TelegramUser.objects.filter(telegram_id=user_id).first()
2025-06-14 21:21:48:   File "/root/selambingo3/venv/lib/python3.8/site-packages/django/db/models/manager.py", line 87, in manager_method
2025-06-14 21:21:48:     return getattr(self.get_queryset(), name)(*args, **kwargs)
2025-06-14 21:21:48:   File "/root/selambingo3/venv/lib/python3.8/site-packages/django/db/models/query.py", line 1436, in filter
2025-06-14 21:21:48:     return self._filter_or_exclude(False, args, kwargs)
2025-06-14 21:21:48:   File "/root/selambingo3/venv/lib/python3.8/site-packages/django/db/models/query.py", line 1454, in _filter_or_exclude
2025-06-14 21:21:48:     clone._filter_or_exclude_inplace(negate, args, kwargs)
2025-06-14 21:21:48:   File "/root/selambingo3/venv/lib/python3.8/site-packages/django/db/models/query.py", line 1461, in _filter_or_exclude_inplace
2025-06-14 21:21:48:     self._query.add_q(Q(*args, **kwargs))
2025-06-14 21:21:48:   File "/root/selambingo3/venv/lib/python3.8/site-packages/django/db/models/sql/query.py", line 1498, in add_q
2025-06-14 21:21:48:     clause, _ = self._add_q(q_object, self.used_aliases)
2025-06-14 21:21:48:   File "/root/selambingo3/venv/lib/python3.8/site-packages/django/db/models/sql/query.py", line 1529, in _add_q
2025-06-14 21:21:48:     child_clause, needed_inner = self.build_filter(
2025-06-14 21:21:48:   File "/root/selambingo3/venv/lib/python3.8/site-packages/django/db/models/sql/query.py", line 1444, in build_filter
2025-06-14 21:21:48:     condition = self.build_lookup(lookups, col, value)
2025-06-14 21:21:48:   File "/root/selambingo3/venv/lib/python3.8/site-packages/django/db/models/sql/query.py", line 1271, in build_lookup
2025-06-14 21:21:48:     lookup = lookup_class(lhs, rhs)
2025-06-14 21:21:48:   File "/root/selambingo3/venv/lib/python3.8/site-packages/django/db/models/lookups.py", line 27, in __init__
2025-06-14 21:21:48:     self.rhs = self.get_prep_lookup()
2025-06-14 21:21:48:   File "/root/selambingo3/venv/lib/python3.8/site-packages/django/db/models/lookups.py", line 341, in get_prep_lookup
2025-06-14 21:21:48:     return super().get_prep_lookup()
2025-06-14 21:21:48:   File "/root/selambingo3/venv/lib/python3.8/site-packages/django/db/models/lookups.py", line 85, in get_prep_lookup
2025-06-14 21:21:48:     return self.lhs.output_field.get_prep_value(self.rhs)
2025-06-14 21:21:48:   File "/root/selambingo3/venv/lib/python3.8/site-packages/django/db/models/fields/__init__.py", line 2057, in get_prep_value
2025-06-14 21:21:48:     raise e.__class__(
2025-06-14 21:21:48: ValueError: Field 'telegram_id' expected a number but got 'add-balance'.
2025-06-14 21:22:08: Internal Server Error: /payments/wallet/add-balance/
2025-06-14 21:22:08: Traceback (most recent call last):
2025-06-14 21:22:08:   File "/root/selambingo3/venv/lib/python3.8/site-packages/django/db/models/fields/__init__.py", line 2055, in get_prep_value
2025-06-14 21:22:08:     return int(value)
2025-06-14 21:22:08: ValueError: invalid literal for int() with base 10: 'add-balance'
2025-06-14 21:22:08: 
2025-06-14 21:22:08: The above exception was the direct cause of the following exception:
2025-06-14 21:22:08: 
2025-06-14 21:22:08: Traceback (most recent call last):
2025-06-14 21:22:08:   File "/root/selambingo3/venv/lib/python3.8/site-packages/django/core/handlers/exception.py", line 55, in inner
2025-06-14 21:22:08:     response = get_response(request)
2025-06-14 21:22:08:   File "/root/selambingo3/venv/lib/python3.8/site-packages/django/core/handlers/base.py", line 197, in _get_response
2025-06-14 21:22:08:     response = wrapped_callback(request, *callback_args, **callback_kwargs)
2025-06-14 21:22:08:   File "/root/selambingo3/venv/lib/python3.8/site-packages/django/views/decorators/csrf.py", line 56, in wrapper_view
2025-06-14 21:22:08:     return view_func(*args, **kwargs)
2025-06-14 21:22:08:   File "/root/selambingo3/payments/views.py", line 37, in get_wallet
2025-06-14 21:22:08:     telegram_user = TelegramUser.objects.filter(telegram_id=user_id).first()
2025-06-14 21:22:08:   File "/root/selambingo3/venv/lib/python3.8/site-packages/django/db/models/manager.py", line 87, in manager_method
2025-06-14 21:22:08:     return getattr(self.get_queryset(), name)(*args, **kwargs)
2025-06-14 21:22:08:   File "/root/selambingo3/venv/lib/python3.8/site-packages/django/db/models/query.py", line 1436, in filter
2025-06-14 21:22:08:     return self._filter_or_exclude(False, args, kwargs)
2025-06-14 21:22:08:   File "/root/selambingo3/venv/lib/python3.8/site-packages/django/db/models/query.py", line 1454, in _filter_or_exclude
2025-06-14 21:22:08:     clone._filter_or_exclude_inplace(negate, args, kwargs)
2025-06-14 21:22:08:   File "/root/selambingo3/venv/lib/python3.8/site-packages/django/db/models/query.py", line 1461, in _filter_or_exclude_inplace
2025-06-14 21:22:08:     self._query.add_q(Q(*args, **kwargs))
2025-06-14 21:22:08:   File "/root/selambingo3/venv/lib/python3.8/site-packages/django/db/models/sql/query.py", line 1498, in add_q
2025-06-14 21:22:08:     clause, _ = self._add_q(q_object, self.used_aliases)
2025-06-14 21:22:08:   File "/root/selambingo3/venv/lib/python3.8/site-packages/django/db/models/sql/query.py", line 1529, in _add_q
2025-06-14 21:22:08:     child_clause, needed_inner = self.build_filter(
2025-06-14 21:22:08:   File "/root/selambingo3/venv/lib/python3.8/site-packages/django/db/models/sql/query.py", line 1444, in build_filter
2025-06-14 21:22:08:     condition = self.build_lookup(lookups, col, value)
2025-06-14 21:22:08:   File "/root/selambingo3/venv/lib/python3.8/site-packages/django/db/models/sql/query.py", line 1271, in build_lookup
2025-06-14 21:22:08:     lookup = lookup_class(lhs, rhs)
2025-06-14 21:22:08:   File "/root/selambingo3/venv/lib/python3.8/site-packages/django/db/models/lookups.py", line 27, in __init__
2025-06-14 21:22:08:     self.rhs = self.get_prep_lookup()
2025-06-14 21:22:08:   File "/root/selambingo3/venv/lib/python3.8/site-packages/django/db/models/lookups.py", line 341, in get_prep_lookup
2025-06-14 21:22:08:     return super().get_prep_lookup()
2025-06-14 21:22:08:   File "/root/selambingo3/venv/lib/python3.8/site-packages/django/db/models/lookups.py", line 85, in get_prep_lookup
2025-06-14 21:22:08:     return self.lhs.output_field.get_prep_value(self.rhs)
2025-06-14 21:22:08:   File "/root/selambingo3/venv/lib/python3.8/site-packages/django/db/models/fields/__init__.py", line 2057, in get_prep_value
2025-06-14 21:22:08:     raise e.__class__(
2025-06-14 21:22:08: ValueError: Field 'telegram_id' expected a number but got 'add-balance'.
2025-06-14 21:38:35: Not Found: /accounts/filter-users/7468285542/
2025-06-14 21:39:33: Internal Server Error: /payments/wallet/add-balance/
2025-06-14 21:39:33: Traceback (most recent call last):
2025-06-14 21:39:33:   File "/root/selambingo3/venv/lib/python3.8/site-packages/django/db/models/fields/__init__.py", line 2055, in get_prep_value
2025-06-14 21:39:33:     return int(value)
2025-06-14 21:39:33: ValueError: invalid literal for int() with base 10: 'add-balance'
2025-06-14 21:39:33: 
2025-06-14 21:39:33: The above exception was the direct cause of the following exception:
2025-06-14 21:39:33: 
2025-06-14 21:39:33: Traceback (most recent call last):
2025-06-14 21:39:33:   File "/root/selambingo3/venv/lib/python3.8/site-packages/django/core/handlers/exception.py", line 55, in inner
2025-06-14 21:39:33:     response = get_response(request)
2025-06-14 21:39:33:   File "/root/selambingo3/venv/lib/python3.8/site-packages/django/core/handlers/base.py", line 197, in _get_response
2025-06-14 21:39:33:     response = wrapped_callback(request, *callback_args, **callback_kwargs)
2025-06-14 21:39:33:   File "/root/selambingo3/venv/lib/python3.8/site-packages/django/views/decorators/csrf.py", line 56, in wrapper_view
2025-06-14 21:39:33:     return view_func(*args, **kwargs)
2025-06-14 21:39:33:   File "/root/selambingo3/payments/views.py", line 37, in get_wallet
2025-06-14 21:39:33:     telegram_user = TelegramUser.objects.filter(telegram_id=user_id).first()
2025-06-14 21:39:33:   File "/root/selambingo3/venv/lib/python3.8/site-packages/django/db/models/manager.py", line 87, in manager_method
2025-06-14 21:39:33:     return getattr(self.get_queryset(), name)(*args, **kwargs)
2025-06-14 21:39:33:   File "/root/selambingo3/venv/lib/python3.8/site-packages/django/db/models/query.py", line 1436, in filter
2025-06-14 21:39:33:     return self._filter_or_exclude(False, args, kwargs)
2025-06-14 21:39:33:   File "/root/selambingo3/venv/lib/python3.8/site-packages/django/db/models/query.py", line 1454, in _filter_or_exclude
2025-06-14 21:39:33:     clone._filter_or_exclude_inplace(negate, args, kwargs)
2025-06-14 21:39:33:   File "/root/selambingo3/venv/lib/python3.8/site-packages/django/db/models/query.py", line 1461, in _filter_or_exclude_inplace
2025-06-14 21:39:33:     self._query.add_q(Q(*args, **kwargs))
2025-06-14 21:39:33:   File "/root/selambingo3/venv/lib/python3.8/site-packages/django/db/models/sql/query.py", line 1498, in add_q
2025-06-14 21:39:33:     clause, _ = self._add_q(q_object, self.used_aliases)
2025-06-14 21:39:33:   File "/root/selambingo3/venv/lib/python3.8/site-packages/django/db/models/sql/query.py", line 1529, in _add_q
2025-06-14 21:39:33:     child_clause, needed_inner = self.build_filter(
2025-06-14 21:39:33:   File "/root/selambingo3/venv/lib/python3.8/site-packages/django/db/models/sql/query.py", line 1444, in build_filter
2025-06-14 21:39:33:     condition = self.build_lookup(lookups, col, value)
2025-06-14 21:39:33:   File "/root/selambingo3/venv/lib/python3.8/site-packages/django/db/models/sql/query.py", line 1271, in build_lookup
2025-06-14 21:39:33:     lookup = lookup_class(lhs, rhs)
2025-06-14 21:39:33:   File "/root/selambingo3/venv/lib/python3.8/site-packages/django/db/models/lookups.py", line 27, in __init__
2025-06-14 21:39:33:     self.rhs = self.get_prep_lookup()
2025-06-14 21:39:33:   File "/root/selambingo3/venv/lib/python3.8/site-packages/django/db/models/lookups.py", line 341, in get_prep_lookup
2025-06-14 21:39:33:     return super().get_prep_lookup()
2025-06-14 21:39:33:   File "/root/selambingo3/venv/lib/python3.8/site-packages/django/db/models/lookups.py", line 85, in get_prep_lookup
2025-06-14 21:39:33:     return self.lhs.output_field.get_prep_value(self.rhs)
2025-06-14 21:39:33:   File "/root/selambingo3/venv/lib/python3.8/site-packages/django/db/models/fields/__init__.py", line 2057, in get_prep_value
2025-06-14 21:39:33:     raise e.__class__(
2025-06-14 21:39:33: ValueError: Field 'telegram_id' expected a number but got 'add-balance'.
2025-06-14 21:41:18: Bad Request: /payments/balance/
2025-06-14 21:44:35: Not Found: /accounts/filter-users/7256955065/
2025-06-14 21:45:00: Bad Request: /accounts/register/
2025-06-14 21:46:58: Bad Request: /accounts/register/
2025-06-14 21:47:27: Bad Request: /payments/balance/
2025-06-14 21:47:55: Not Found: /accounts/filter-users/7822933011/
2025-06-14 21:54:19: Bad Request: /payments/balance/
2025-06-14 21:54:48: Bad Request: /payments/balance/
2025-06-14 21:55:52: Not Found: /accounts/filter-users/5757775979/
2025-06-14 21:56:09: Not Found: /accounts/filter-users/5757775979/
2025-06-14 22:01:58: Not Found: /accounts/filter-users/1680878842/
2025-06-14 22:03:31: Not Found: /accounts/filter-users/8077359225/
2025-06-14 22:19:37: Invalid HTTP_HOST header: '188.245.75.205:8000'. You may need to add '188.245.75.205' to ALLOWED_HOSTS.
2025-06-14 22:19:37: Traceback (most recent call last):
2025-06-14 22:19:37:   File "/root/selambingo3/venv/lib/python3.8/site-packages/django/core/handlers/exception.py", line 55, in inner
2025-06-14 22:19:37:     response = get_response(request)
2025-06-14 22:19:37:   File "/root/selambingo3/venv/lib/python3.8/site-packages/django/utils/deprecation.py", line 133, in __call__
2025-06-14 22:19:37:     response = self.process_request(request)
2025-06-14 22:19:37:   File "/root/selambingo3/venv/lib/python3.8/site-packages/django/middleware/common.py", line 48, in process_request
2025-06-14 22:19:37:     host = request.get_host()
2025-06-14 22:19:37:   File "/root/selambingo3/venv/lib/python3.8/site-packages/django/http/request.py", line 167, in get_host
2025-06-14 22:19:37:     raise DisallowedHost(msg)
2025-06-14 22:19:37: django.core.exceptions.DisallowedHost: Invalid HTTP_HOST header: '188.245.75.205:8000'. You may need to add '188.245.75.205' to ALLOWED_HOSTS.
2025-06-14 22:19:37: Bad Request: /
2025-06-14 22:23:46: Bad Request: /payments/balance/
2025-06-14 22:23:52: Bad Request: /payments/balance/
2025-06-14 22:27:05: Not Found: /accounts/filter-users/1184503717/
2025-06-14 22:40:23: Invalid HTTP_HOST header: '188.245.75.205:8000'. You may need to add '188.245.75.205' to ALLOWED_HOSTS.
2025-06-14 22:40:23: Traceback (most recent call last):
2025-06-14 22:40:23:   File "/root/selambingo3/venv/lib/python3.8/site-packages/django/core/handlers/exception.py", line 55, in inner
2025-06-14 22:40:23:     response = get_response(request)
2025-06-14 22:40:23:   File "/root/selambingo3/venv/lib/python3.8/site-packages/django/utils/deprecation.py", line 133, in __call__
2025-06-14 22:40:23:     response = self.process_request(request)
2025-06-14 22:40:23:   File "/root/selambingo3/venv/lib/python3.8/site-packages/django/middleware/common.py", line 48, in process_request
2025-06-14 22:40:23:     host = request.get_host()
2025-06-14 22:40:23:   File "/root/selambingo3/venv/lib/python3.8/site-packages/django/http/request.py", line 167, in get_host
2025-06-14 22:40:23:     raise DisallowedHost(msg)
2025-06-14 22:40:23: django.core.exceptions.DisallowedHost: Invalid HTTP_HOST header: '188.245.75.205:8000'. You may need to add '188.245.75.205' to ALLOWED_HOSTS.
2025-06-14 22:40:23: Bad Request: /
2025-06-14 22:54:53: Not Found: /accounts/filter-users/2141987593/
2025-06-14 23:38:00: Not Found: /accounts/filter-users/7356120343/
2025-06-15 00:20:29: Invalid HTTP_HOST header: '188.245.75.205:8000'. You may need to add '188.245.75.205' to ALLOWED_HOSTS.
2025-06-15 00:20:29: Traceback (most recent call last):
2025-06-15 00:20:29:   File "/root/selambingo3/venv/lib/python3.8/site-packages/django/core/handlers/exception.py", line 55, in inner
2025-06-15 00:20:29:     response = get_response(request)
2025-06-15 00:20:29:   File "/root/selambingo3/venv/lib/python3.8/site-packages/django/utils/deprecation.py", line 133, in __call__
2025-06-15 00:20:29:     response = self.process_request(request)
2025-06-15 00:20:29:   File "/root/selambingo3/venv/lib/python3.8/site-packages/django/middleware/common.py", line 48, in process_request
2025-06-15 00:20:29:     host = request.get_host()
2025-06-15 00:20:29:   File "/root/selambingo3/venv/lib/python3.8/site-packages/django/http/request.py", line 167, in get_host
2025-06-15 00:20:29:     raise DisallowedHost(msg)
2025-06-15 00:20:29: django.core.exceptions.DisallowedHost: Invalid HTTP_HOST header: '188.245.75.205:8000'. You may need to add '188.245.75.205' to ALLOWED_HOSTS.
2025-06-15 00:20:29: Bad Request: /
2025-06-15 01:27:17: Invalid HTTP_HOST header: '188.245.75.205:8000'. You may need to add '188.245.75.205' to ALLOWED_HOSTS.
2025-06-15 01:27:17: Traceback (most recent call last):
2025-06-15 01:27:17:   File "/root/selambingo3/venv/lib/python3.8/site-packages/django/core/handlers/exception.py", line 55, in inner
2025-06-15 01:27:17:     response = get_response(request)
2025-06-15 01:27:17:   File "/root/selambingo3/venv/lib/python3.8/site-packages/django/utils/deprecation.py", line 133, in __call__
2025-06-15 01:27:17:     response = self.process_request(request)
2025-06-15 01:27:17:   File "/root/selambingo3/venv/lib/python3.8/site-packages/django/middleware/common.py", line 48, in process_request
2025-06-15 01:27:17:     host = request.get_host()
2025-06-15 01:27:17:   File "/root/selambingo3/venv/lib/python3.8/site-packages/django/http/request.py", line 167, in get_host
2025-06-15 01:27:17:     raise DisallowedHost(msg)
2025-06-15 01:27:17: django.core.exceptions.DisallowedHost: Invalid HTTP_HOST header: '188.245.75.205:8000'. You may need to add '188.245.75.205' to ALLOWED_HOSTS.
2025-06-15 01:27:17: Bad Request: /
2025-06-15 01:42:09: Invalid HTTP_HOST header: '188.245.75.205:8000'. You may need to add '188.245.75.205' to ALLOWED_HOSTS.
2025-06-15 01:42:09: Traceback (most recent call last):
2025-06-15 01:42:09:   File "/root/selambingo3/venv/lib/python3.8/site-packages/django/core/handlers/exception.py", line 55, in inner
2025-06-15 01:42:09:     response = get_response(request)
2025-06-15 01:42:09:   File "/root/selambingo3/venv/lib/python3.8/site-packages/django/utils/deprecation.py", line 133, in __call__
2025-06-15 01:42:09:     response = self.process_request(request)
2025-06-15 01:42:09:   File "/root/selambingo3/venv/lib/python3.8/site-packages/django/middleware/common.py", line 48, in process_request
2025-06-15 01:42:09:     host = request.get_host()
2025-06-15 01:42:09:   File "/root/selambingo3/venv/lib/python3.8/site-packages/django/http/request.py", line 167, in get_host
2025-06-15 01:42:09:     raise DisallowedHost(msg)
2025-06-15 01:42:09: django.core.exceptions.DisallowedHost: Invalid HTTP_HOST header: '188.245.75.205:8000'. You may need to add '188.245.75.205' to ALLOWED_HOSTS.
2025-06-15 01:42:09: Bad Request: /
2025-06-15 01:43:32: Invalid HTTP_HOST header: '188.245.75.205:8000'. You may need to add '188.245.75.205' to ALLOWED_HOSTS.
2025-06-15 01:43:32: Traceback (most recent call last):
2025-06-15 01:43:32:   File "/root/selambingo3/venv/lib/python3.8/site-packages/django/core/handlers/exception.py", line 55, in inner
2025-06-15 01:43:32:     response = get_response(request)
2025-06-15 01:43:32:   File "/root/selambingo3/venv/lib/python3.8/site-packages/django/utils/deprecation.py", line 133, in __call__
2025-06-15 01:43:32:     response = self.process_request(request)
2025-06-15 01:43:32:   File "/root/selambingo3/venv/lib/python3.8/site-packages/django/middleware/common.py", line 48, in process_request
2025-06-15 01:43:32:     host = request.get_host()
2025-06-15 01:43:32:   File "/root/selambingo3/venv/lib/python3.8/site-packages/django/http/request.py", line 167, in get_host
2025-06-15 01:43:32:     raise DisallowedHost(msg)
2025-06-15 01:43:32: django.core.exceptions.DisallowedHost: Invalid HTTP_HOST header: '188.245.75.205:8000'. You may need to add '188.245.75.205' to ALLOWED_HOSTS.
2025-06-15 01:43:32: Bad Request: /
2025-06-15 01:43:55: Invalid HTTP_HOST header: '188.245.75.205'. You may need to add '188.245.75.205' to ALLOWED_HOSTS.
2025-06-15 01:43:55: Traceback (most recent call last):
2025-06-15 01:43:55:   File "/root/selambingo3/venv/lib/python3.8/site-packages/django/core/handlers/exception.py", line 55, in inner
2025-06-15 01:43:55:     response = get_response(request)
2025-06-15 01:43:55:   File "/root/selambingo3/venv/lib/python3.8/site-packages/django/utils/deprecation.py", line 133, in __call__
2025-06-15 01:43:55:     response = self.process_request(request)
2025-06-15 01:43:55:   File "/root/selambingo3/venv/lib/python3.8/site-packages/django/middleware/common.py", line 48, in process_request
2025-06-15 01:43:55:     host = request.get_host()
2025-06-15 01:43:55:   File "/root/selambingo3/venv/lib/python3.8/site-packages/django/http/request.py", line 167, in get_host
2025-06-15 01:43:55:     raise DisallowedHost(msg)
2025-06-15 01:43:55: django.core.exceptions.DisallowedHost: Invalid HTTP_HOST header: '188.245.75.205'. You may need to add '188.245.75.205' to ALLOWED_HOSTS.
2025-06-15 01:43:55: Bad Request: /
2025-06-15 01:43:55: Invalid HTTP_HOST header: '188.245.75.205'. You may need to add '188.245.75.205' to ALLOWED_HOSTS.
2025-06-15 01:43:55: Traceback (most recent call last):
2025-06-15 01:43:55:   File "/root/selambingo3/venv/lib/python3.8/site-packages/django/core/handlers/exception.py", line 55, in inner
2025-06-15 01:43:55:     response = get_response(request)
2025-06-15 01:43:55:   File "/root/selambingo3/venv/lib/python3.8/site-packages/django/utils/deprecation.py", line 133, in __call__
2025-06-15 01:43:55:     response = self.process_request(request)
2025-06-15 01:43:55:   File "/root/selambingo3/venv/lib/python3.8/site-packages/django/middleware/common.py", line 48, in process_request
2025-06-15 01:43:55:     host = request.get_host()
2025-06-15 01:43:55:   File "/root/selambingo3/venv/lib/python3.8/site-packages/django/http/request.py", line 167, in get_host
2025-06-15 01:43:55:     raise DisallowedHost(msg)
2025-06-15 01:43:55: django.core.exceptions.DisallowedHost: Invalid HTTP_HOST header: '188.245.75.205'. You may need to add '188.245.75.205' to ALLOWED_HOSTS.
2025-06-15 01:43:55: Bad Request: /favicon.ico
2025-06-15 01:52:06: Invalid HTTP_HOST header: '188.245.75.205:8000'. You may need to add '188.245.75.205' to ALLOWED_HOSTS.
2025-06-15 01:52:06: Traceback (most recent call last):
2025-06-15 01:52:06:   File "/root/selambingo3/venv/lib/python3.8/site-packages/django/core/handlers/exception.py", line 55, in inner
2025-06-15 01:52:06:     response = get_response(request)
2025-06-15 01:52:06:   File "/root/selambingo3/venv/lib/python3.8/site-packages/django/utils/deprecation.py", line 133, in __call__
2025-06-15 01:52:06:     response = self.process_request(request)
2025-06-15 01:52:06:   File "/root/selambingo3/venv/lib/python3.8/site-packages/django/middleware/common.py", line 48, in process_request
2025-06-15 01:52:06:     host = request.get_host()
2025-06-15 01:52:06:   File "/root/selambingo3/venv/lib/python3.8/site-packages/django/http/request.py", line 167, in get_host
2025-06-15 01:52:06:     raise DisallowedHost(msg)
2025-06-15 01:52:06: django.core.exceptions.DisallowedHost: Invalid HTTP_HOST header: '188.245.75.205:8000'. You may need to add '188.245.75.205' to ALLOWED_HOSTS.
2025-06-15 01:52:06: Bad Request: /favicon.ico
2025-06-15 02:16:16: Invalid HTTP_HOST header: '188.245.75.205:8000'. You may need to add '188.245.75.205' to ALLOWED_HOSTS.
2025-06-15 02:16:16: Traceback (most recent call last):
2025-06-15 02:16:16:   File "/root/selambingo3/venv/lib/python3.8/site-packages/django/core/handlers/exception.py", line 55, in inner
2025-06-15 02:16:16:     response = get_response(request)
2025-06-15 02:16:16:   File "/root/selambingo3/venv/lib/python3.8/site-packages/django/utils/deprecation.py", line 133, in __call__
2025-06-15 02:16:16:     response = self.process_request(request)
2025-06-15 02:16:16:   File "/root/selambingo3/venv/lib/python3.8/site-packages/django/middleware/common.py", line 48, in process_request
2025-06-15 02:16:16:     host = request.get_host()
2025-06-15 02:16:16:   File "/root/selambingo3/venv/lib/python3.8/site-packages/django/http/request.py", line 167, in get_host
2025-06-15 02:16:16:     raise DisallowedHost(msg)
2025-06-15 02:16:16: django.core.exceptions.DisallowedHost: Invalid HTTP_HOST header: '188.245.75.205:8000'. You may need to add '188.245.75.205' to ALLOWED_HOSTS.
2025-06-15 02:16:16: Bad Request: /
2025-06-15 02:35:02: Invalid HTTP_HOST header: '188.245.75.205:8000'. You may need to add '188.245.75.205' to ALLOWED_HOSTS.
2025-06-15 02:35:02: Traceback (most recent call last):
2025-06-15 02:35:02:   File "/root/selambingo3/venv/lib/python3.8/site-packages/django/core/handlers/exception.py", line 55, in inner
2025-06-15 02:35:02:     response = get_response(request)
2025-06-15 02:35:02:   File "/root/selambingo3/venv/lib/python3.8/site-packages/django/utils/deprecation.py", line 133, in __call__
2025-06-15 02:35:02:     response = self.process_request(request)
2025-06-15 02:35:02:   File "/root/selambingo3/venv/lib/python3.8/site-packages/django/middleware/common.py", line 48, in process_request
2025-06-15 02:35:02:     host = request.get_host()
2025-06-15 02:35:02:   File "/root/selambingo3/venv/lib/python3.8/site-packages/django/http/request.py", line 167, in get_host
2025-06-15 02:35:02:     raise DisallowedHost(msg)
2025-06-15 02:35:02: django.core.exceptions.DisallowedHost: Invalid HTTP_HOST header: '188.245.75.205:8000'. You may need to add '188.245.75.205' to ALLOWED_HOSTS.
2025-06-15 02:35:02: Bad Request: /
2025-06-15 02:44:15: Not Found: /
2025-06-15 02:45:23: Invalid HTTP_HOST header: '188.245.75.205:8000'. You may need to add '188.245.75.205' to ALLOWED_HOSTS.
2025-06-15 02:45:23: Traceback (most recent call last):
2025-06-15 02:45:23:   File "/root/selambingo3/venv/lib/python3.8/site-packages/django/core/handlers/exception.py", line 55, in inner
2025-06-15 02:45:23:     response = get_response(request)
2025-06-15 02:45:23:   File "/root/selambingo3/venv/lib/python3.8/site-packages/django/utils/deprecation.py", line 133, in __call__
2025-06-15 02:45:23:     response = self.process_request(request)
2025-06-15 02:45:23:   File "/root/selambingo3/venv/lib/python3.8/site-packages/django/middleware/common.py", line 48, in process_request
2025-06-15 02:45:23:     host = request.get_host()
2025-06-15 02:45:23:   File "/root/selambingo3/venv/lib/python3.8/site-packages/django/http/request.py", line 167, in get_host
2025-06-15 02:45:23:     raise DisallowedHost(msg)
2025-06-15 02:45:23: django.core.exceptions.DisallowedHost: Invalid HTTP_HOST header: '188.245.75.205:8000'. You may need to add '188.245.75.205' to ALLOWED_HOSTS.
2025-06-15 02:45:23: Bad Request: /favicon.ico
2025-06-15 03:02:18: Invalid HTTP_HOST header: '188.245.75.205:8000'. You may need to add '188.245.75.205' to ALLOWED_HOSTS.
2025-06-15 03:02:18: Traceback (most recent call last):
2025-06-15 03:02:18:   File "/root/selambingo3/venv/lib/python3.8/site-packages/django/core/handlers/exception.py", line 55, in inner
2025-06-15 03:02:18:     response = get_response(request)
2025-06-15 03:02:18:   File "/root/selambingo3/venv/lib/python3.8/site-packages/django/utils/deprecation.py", line 133, in __call__
2025-06-15 03:02:18:     response = self.process_request(request)
2025-06-15 03:02:18:   File "/root/selambingo3/venv/lib/python3.8/site-packages/django/middleware/common.py", line 48, in process_request
2025-06-15 03:02:18:     host = request.get_host()
2025-06-15 03:02:18:   File "/root/selambingo3/venv/lib/python3.8/site-packages/django/http/request.py", line 167, in get_host
2025-06-15 03:02:18:     raise DisallowedHost(msg)
2025-06-15 03:02:18: django.core.exceptions.DisallowedHost: Invalid HTTP_HOST header: '188.245.75.205:8000'. You may need to add '188.245.75.205' to ALLOWED_HOSTS.
2025-06-15 03:02:18: Bad Request: /
2025-06-15 03:09:08: Not Found: /accounts/filter-users/7357048786/
2025-06-15 04:03:21: Not Found: /accounts/filter-users/1620187770/
2025-06-15 04:10:38: Invalid HTTP_HOST header: '188.245.75.205:8000'. You may need to add '188.245.75.205' to ALLOWED_HOSTS.
2025-06-15 04:10:38: Traceback (most recent call last):
2025-06-15 04:10:38:   File "/root/selambingo3/venv/lib/python3.8/site-packages/django/core/handlers/exception.py", line 55, in inner
2025-06-15 04:10:38:     response = get_response(request)
2025-06-15 04:10:38:   File "/root/selambingo3/venv/lib/python3.8/site-packages/django/utils/deprecation.py", line 133, in __call__
2025-06-15 04:10:38:     response = self.process_request(request)
2025-06-15 04:10:38:   File "/root/selambingo3/venv/lib/python3.8/site-packages/django/middleware/common.py", line 48, in process_request
2025-06-15 04:10:38:     host = request.get_host()
2025-06-15 04:10:38:   File "/root/selambingo3/venv/lib/python3.8/site-packages/django/http/request.py", line 167, in get_host
2025-06-15 04:10:38:     raise DisallowedHost(msg)
2025-06-15 04:10:38: django.core.exceptions.DisallowedHost: Invalid HTTP_HOST header: '188.245.75.205:8000'. You may need to add '188.245.75.205' to ALLOWED_HOSTS.
2025-06-15 04:10:38: Bad Request: /
2025-06-15 04:15:35: Not Found: /accounts/filter-users/7808488250/
2025-06-15 04:17:52: Internal Server Error: /payments/wallet/add-balance/
2025-06-15 04:17:52: Traceback (most recent call last):
2025-06-15 04:17:52:   File "/root/selambingo3/venv/lib/python3.8/site-packages/django/db/models/fields/__init__.py", line 2055, in get_prep_value
2025-06-15 04:17:52:     return int(value)
2025-06-15 04:17:52: ValueError: invalid literal for int() with base 10: 'add-balance'
2025-06-15 04:17:52: 
2025-06-15 04:17:52: The above exception was the direct cause of the following exception:
2025-06-15 04:17:52: 
2025-06-15 04:17:52: Traceback (most recent call last):
2025-06-15 04:17:52:   File "/root/selambingo3/venv/lib/python3.8/site-packages/django/core/handlers/exception.py", line 55, in inner
2025-06-15 04:17:52:     response = get_response(request)
2025-06-15 04:17:52:   File "/root/selambingo3/venv/lib/python3.8/site-packages/django/core/handlers/base.py", line 197, in _get_response
2025-06-15 04:17:52:     response = wrapped_callback(request, *callback_args, **callback_kwargs)
2025-06-15 04:17:52:   File "/root/selambingo3/venv/lib/python3.8/site-packages/django/views/decorators/csrf.py", line 56, in wrapper_view
2025-06-15 04:17:52:     return view_func(*args, **kwargs)
2025-06-15 04:17:52:   File "/root/selambingo3/payments/views.py", line 37, in get_wallet
2025-06-15 04:17:52:     telegram_user = TelegramUser.objects.filter(telegram_id=user_id).first()
2025-06-15 04:17:52:   File "/root/selambingo3/venv/lib/python3.8/site-packages/django/db/models/manager.py", line 87, in manager_method
2025-06-15 04:17:52:     return getattr(self.get_queryset(), name)(*args, **kwargs)
2025-06-15 04:17:52:   File "/root/selambingo3/venv/lib/python3.8/site-packages/django/db/models/query.py", line 1436, in filter
2025-06-15 04:17:52:     return self._filter_or_exclude(False, args, kwargs)
2025-06-15 04:17:52:   File "/root/selambingo3/venv/lib/python3.8/site-packages/django/db/models/query.py", line 1454, in _filter_or_exclude
2025-06-15 04:17:52:     clone._filter_or_exclude_inplace(negate, args, kwargs)
2025-06-15 04:17:52:   File "/root/selambingo3/venv/lib/python3.8/site-packages/django/db/models/query.py", line 1461, in _filter_or_exclude_inplace
2025-06-15 04:17:52:     self._query.add_q(Q(*args, **kwargs))
2025-06-15 04:17:52:   File "/root/selambingo3/venv/lib/python3.8/site-packages/django/db/models/sql/query.py", line 1498, in add_q
2025-06-15 04:17:52:     clause, _ = self._add_q(q_object, self.used_aliases)
2025-06-15 04:17:52:   File "/root/selambingo3/venv/lib/python3.8/site-packages/django/db/models/sql/query.py", line 1529, in _add_q
2025-06-15 04:17:52:     child_clause, needed_inner = self.build_filter(
2025-06-15 04:17:52:   File "/root/selambingo3/venv/lib/python3.8/site-packages/django/db/models/sql/query.py", line 1444, in build_filter
2025-06-15 04:17:52:     condition = self.build_lookup(lookups, col, value)
2025-06-15 04:17:52:   File "/root/selambingo3/venv/lib/python3.8/site-packages/django/db/models/sql/query.py", line 1271, in build_lookup
2025-06-15 04:17:52:     lookup = lookup_class(lhs, rhs)
2025-06-15 04:17:52:   File "/root/selambingo3/venv/lib/python3.8/site-packages/django/db/models/lookups.py", line 27, in __init__
2025-06-15 04:17:52:     self.rhs = self.get_prep_lookup()
2025-06-15 04:17:52:   File "/root/selambingo3/venv/lib/python3.8/site-packages/django/db/models/lookups.py", line 341, in get_prep_lookup
2025-06-15 04:17:52:     return super().get_prep_lookup()
2025-06-15 04:17:52:   File "/root/selambingo3/venv/lib/python3.8/site-packages/django/db/models/lookups.py", line 85, in get_prep_lookup
2025-06-15 04:17:52:     return self.lhs.output_field.get_prep_value(self.rhs)
2025-06-15 04:17:52:   File "/root/selambingo3/venv/lib/python3.8/site-packages/django/db/models/fields/__init__.py", line 2057, in get_prep_value
2025-06-15 04:17:52:     raise e.__class__(
2025-06-15 04:17:52: ValueError: Field 'telegram_id' expected a number but got 'add-balance'.
2025-06-15 04:18:28: Not Found: /accounts/filter-users/7005092885/
2025-06-15 04:18:55: Not Found: /accounts/filter-users/939359292/
2025-06-15 04:19:26: Not Found: /accounts/filter-users/7428321913/
2025-06-15 04:19:48: Not Found: /accounts/filter-users/7709236516/
2025-06-15 04:20:08: Not Found: /accounts/filter-users/7803278641/
2025-06-15 04:20:28: Not Found: /accounts/filter-users/6753713351/
2025-06-15 04:20:30: Bad Request: /payments/balance/
2025-06-15 04:20:53: Not Found: /accounts/filter-users/8011288902/
2025-06-15 04:21:14: Not Found: /accounts/filter-users/7706240615/
2025-06-15 04:22:33: Not Found: /accounts/filter-users/7572587371/
2025-06-15 04:23:16: Not Found: /accounts/filter-users/7803923256/
2025-06-15 04:23:58: Not Found: /accounts/filter-users/8022992012/
2025-06-15 04:24:42: Not Found: /accounts/filter-users/7957429147/
2025-06-15 04:25:08: Not Found: /accounts/filter-users/7558554561/
2025-06-15 04:25:47: Not Found: /accounts/filter-users/7500312384/
2025-06-15 04:26:22: Not Found: /accounts/filter-users/7035018530/
2025-06-15 04:26:44: Not Found: /accounts/filter-users/7631975328/
2025-06-15 04:27:57: Not Found: /accounts/filter-users/6988302176/
2025-06-15 04:28:23: Not Found: /accounts/filter-users/7543776391/
2025-06-15 04:28:48: Not Found: /accounts/filter-users/7978019021/
2025-06-15 04:29:03: Not Found: /accounts/filter-users/7977248759/
2025-06-15 04:29:54: Not Found: /accounts/filter-users/7652089575/
2025-06-15 04:30:33: Not Found: /accounts/filter-users/8101582340/
2025-06-15 04:30:59: Not Found: /accounts/filter-users/7594730648/
2025-06-15 04:31:37: Bad Request: /accounts/register/
2025-06-15 04:34:33: Not Found: /accounts/filter-users/5655060275/
2025-06-15 04:36:11: Internal Server Error: /payments/wallet/add-balance/
2025-06-15 04:36:11: Traceback (most recent call last):
2025-06-15 04:36:11:   File "/root/selambingo3/venv/lib/python3.8/site-packages/django/db/models/fields/__init__.py", line 2055, in get_prep_value
2025-06-15 04:36:11:     return int(value)
2025-06-15 04:36:11: ValueError: invalid literal for int() with base 10: 'add-balance'
2025-06-15 04:36:11: 
2025-06-15 04:36:11: The above exception was the direct cause of the following exception:
2025-06-15 04:36:11: 
2025-06-15 04:36:11: Traceback (most recent call last):
2025-06-15 04:36:11:   File "/root/selambingo3/venv/lib/python3.8/site-packages/django/core/handlers/exception.py", line 55, in inner
2025-06-15 04:36:11:     response = get_response(request)
2025-06-15 04:36:11:   File "/root/selambingo3/venv/lib/python3.8/site-packages/django/core/handlers/base.py", line 197, in _get_response
2025-06-15 04:36:11:     response = wrapped_callback(request, *callback_args, **callback_kwargs)
2025-06-15 04:36:11:   File "/root/selambingo3/venv/lib/python3.8/site-packages/django/views/decorators/csrf.py", line 56, in wrapper_view
2025-06-15 04:36:11:     return view_func(*args, **kwargs)
2025-06-15 04:36:11:   File "/root/selambingo3/payments/views.py", line 37, in get_wallet
2025-06-15 04:36:11:     telegram_user = TelegramUser.objects.filter(telegram_id=user_id).first()
2025-06-15 04:36:11:   File "/root/selambingo3/venv/lib/python3.8/site-packages/django/db/models/manager.py", line 87, in manager_method
2025-06-15 04:36:11:     return getattr(self.get_queryset(), name)(*args, **kwargs)
2025-06-15 04:36:11:   File "/root/selambingo3/venv/lib/python3.8/site-packages/django/db/models/query.py", line 1436, in filter
2025-06-15 04:36:11:     return self._filter_or_exclude(False, args, kwargs)
2025-06-15 04:36:11:   File "/root/selambingo3/venv/lib/python3.8/site-packages/django/db/models/query.py", line 1454, in _filter_or_exclude
2025-06-15 04:36:11:     clone._filter_or_exclude_inplace(negate, args, kwargs)
2025-06-15 04:36:11:   File "/root/selambingo3/venv/lib/python3.8/site-packages/django/db/models/query.py", line 1461, in _filter_or_exclude_inplace
2025-06-15 04:36:11:     self._query.add_q(Q(*args, **kwargs))
2025-06-15 04:36:11:   File "/root/selambingo3/venv/lib/python3.8/site-packages/django/db/models/sql/query.py", line 1498, in add_q
2025-06-15 04:36:11:     clause, _ = self._add_q(q_object, self.used_aliases)
2025-06-15 04:36:11:   File "/root/selambingo3/venv/lib/python3.8/site-packages/django/db/models/sql/query.py", line 1529, in _add_q
2025-06-15 04:36:11:     child_clause, needed_inner = self.build_filter(
2025-06-15 04:36:11:   File "/root/selambingo3/venv/lib/python3.8/site-packages/django/db/models/sql/query.py", line 1444, in build_filter
2025-06-15 04:36:11:     condition = self.build_lookup(lookups, col, value)
2025-06-15 04:36:11:   File "/root/selambingo3/venv/lib/python3.8/site-packages/django/db/models/sql/query.py", line 1271, in build_lookup
2025-06-15 04:36:11:     lookup = lookup_class(lhs, rhs)
2025-06-15 04:36:11:   File "/root/selambingo3/venv/lib/python3.8/site-packages/django/db/models/lookups.py", line 27, in __init__
2025-06-15 04:36:11:     self.rhs = self.get_prep_lookup()
2025-06-15 04:36:11:   File "/root/selambingo3/venv/lib/python3.8/site-packages/django/db/models/lookups.py", line 341, in get_prep_lookup
2025-06-15 04:36:11:     return super().get_prep_lookup()
2025-06-15 04:36:11:   File "/root/selambingo3/venv/lib/python3.8/site-packages/django/db/models/lookups.py", line 85, in get_prep_lookup
2025-06-15 04:36:11:     return self.lhs.output_field.get_prep_value(self.rhs)
2025-06-15 04:36:11:   File "/root/selambingo3/venv/lib/python3.8/site-packages/django/db/models/fields/__init__.py", line 2057, in get_prep_value
2025-06-15 04:36:11:     raise e.__class__(
2025-06-15 04:36:11: ValueError: Field 'telegram_id' expected a number but got 'add-balance'.
2025-06-15 04:39:03: Not Found: /accounts/filter-users/7435053133/
2025-06-15 04:40:44: Not Found: /accounts/filter-users/5208784795/
2025-06-15 04:54:19: Not Found: /accounts/filter-users/7330486392/
2025-06-15 04:59:11: Not Found: /accounts/filter-users/7849825573/
2025-06-15 05:01:25: Not Found: /accounts/filter-users/8047341626/
2025-06-15 05:03:24: Not Found: /accounts/filter-users/7299076718/
2025-06-15 05:04:43: Bad Request: /payments/balance/
2025-06-15 05:07:31: Internal Server Error: /payments/wallet/add-balance/
2025-06-15 05:07:31: Traceback (most recent call last):
2025-06-15 05:07:31:   File "/root/selambingo3/venv/lib/python3.8/site-packages/django/db/models/fields/__init__.py", line 2055, in get_prep_value
2025-06-15 05:07:31:     return int(value)
2025-06-15 05:07:31: ValueError: invalid literal for int() with base 10: 'add-balance'
2025-06-15 05:07:31: 
2025-06-15 05:07:31: The above exception was the direct cause of the following exception:
2025-06-15 05:07:31: 
2025-06-15 05:07:31: Traceback (most recent call last):
2025-06-15 05:07:31:   File "/root/selambingo3/venv/lib/python3.8/site-packages/django/core/handlers/exception.py", line 55, in inner
2025-06-15 05:07:31:     response = get_response(request)
2025-06-15 05:07:31:   File "/root/selambingo3/venv/lib/python3.8/site-packages/django/core/handlers/base.py", line 197, in _get_response
2025-06-15 05:07:31:     response = wrapped_callback(request, *callback_args, **callback_kwargs)
2025-06-15 05:07:31:   File "/root/selambingo3/venv/lib/python3.8/site-packages/django/views/decorators/csrf.py", line 56, in wrapper_view
2025-06-15 05:07:31:     return view_func(*args, **kwargs)
2025-06-15 05:07:31:   File "/root/selambingo3/payments/views.py", line 37, in get_wallet
2025-06-15 05:07:31:     telegram_user = TelegramUser.objects.filter(telegram_id=user_id).first()
2025-06-15 05:07:31:   File "/root/selambingo3/venv/lib/python3.8/site-packages/django/db/models/manager.py", line 87, in manager_method
2025-06-15 05:07:31:     return getattr(self.get_queryset(), name)(*args, **kwargs)
2025-06-15 05:07:31:   File "/root/selambingo3/venv/lib/python3.8/site-packages/django/db/models/query.py", line 1436, in filter
2025-06-15 05:07:31:     return self._filter_or_exclude(False, args, kwargs)
2025-06-15 05:07:31:   File "/root/selambingo3/venv/lib/python3.8/site-packages/django/db/models/query.py", line 1454, in _filter_or_exclude
2025-06-15 05:07:31:     clone._filter_or_exclude_inplace(negate, args, kwargs)
2025-06-15 05:07:31:   File "/root/selambingo3/venv/lib/python3.8/site-packages/django/db/models/query.py", line 1461, in _filter_or_exclude_inplace
2025-06-15 05:07:31:     self._query.add_q(Q(*args, **kwargs))
2025-06-15 05:07:31:   File "/root/selambingo3/venv/lib/python3.8/site-packages/django/db/models/sql/query.py", line 1498, in add_q
2025-06-15 05:07:31:     clause, _ = self._add_q(q_object, self.used_aliases)
2025-06-15 05:07:31:   File "/root/selambingo3/venv/lib/python3.8/site-packages/django/db/models/sql/query.py", line 1529, in _add_q
2025-06-15 05:07:31:     child_clause, needed_inner = self.build_filter(
2025-06-15 05:07:31:   File "/root/selambingo3/venv/lib/python3.8/site-packages/django/db/models/sql/query.py", line 1444, in build_filter
2025-06-15 05:07:31:     condition = self.build_lookup(lookups, col, value)
2025-06-15 05:07:31:   File "/root/selambingo3/venv/lib/python3.8/site-packages/django/db/models/sql/query.py", line 1271, in build_lookup
2025-06-15 05:07:31:     lookup = lookup_class(lhs, rhs)
2025-06-15 05:07:31:   File "/root/selambingo3/venv/lib/python3.8/site-packages/django/db/models/lookups.py", line 27, in __init__
2025-06-15 05:07:31:     self.rhs = self.get_prep_lookup()
2025-06-15 05:07:31:   File "/root/selambingo3/venv/lib/python3.8/site-packages/django/db/models/lookups.py", line 341, in get_prep_lookup
2025-06-15 05:07:31:     return super().get_prep_lookup()
2025-06-15 05:07:31:   File "/root/selambingo3/venv/lib/python3.8/site-packages/django/db/models/lookups.py", line 85, in get_prep_lookup
2025-06-15 05:07:31:     return self.lhs.output_field.get_prep_value(self.rhs)
2025-06-15 05:07:31:   File "/root/selambingo3/venv/lib/python3.8/site-packages/django/db/models/fields/__init__.py", line 2057, in get_prep_value
2025-06-15 05:07:31:     raise e.__class__(
2025-06-15 05:07:31: ValueError: Field 'telegram_id' expected a number but got 'add-balance'.
2025-06-15 05:08:14: Not Found: /accounts/filter-users/1922495586/
2025-06-15 05:08:34: Not Found: /accounts/filter-users/7839565146/
2025-06-15 05:13:27: Not Found: /accounts/filter-users/7753730105/
2025-06-15 05:13:33: Bad Request: /accounts/register/
2025-06-15 05:14:28: Bad Request: /accounts/register/
2025-06-15 05:14:35: Bad Request: /payments/balance/
2025-06-15 05:14:36: Not Found: /accounts/filter-users/7753730105/
2025-06-15 05:14:46: Bad Request: /accounts/register/
2025-06-15 05:23:14: Bad Request: /payments/win/
2025-06-15 05:26:35: Not Found: /accounts/filter-users/7691892869/
2025-06-15 05:27:42: Invalid HTTP_HOST header: '188.245.75.205:8000'. You may need to add '188.245.75.205' to ALLOWED_HOSTS.
2025-06-15 05:27:42: Traceback (most recent call last):
2025-06-15 05:27:42:   File "/root/selambingo3/venv/lib/python3.8/site-packages/django/core/handlers/exception.py", line 55, in inner
2025-06-15 05:27:42:     response = get_response(request)
2025-06-15 05:27:42:   File "/root/selambingo3/venv/lib/python3.8/site-packages/django/utils/deprecation.py", line 133, in __call__
2025-06-15 05:27:42:     response = self.process_request(request)
2025-06-15 05:27:42:   File "/root/selambingo3/venv/lib/python3.8/site-packages/django/middleware/common.py", line 48, in process_request
2025-06-15 05:27:42:     host = request.get_host()
2025-06-15 05:27:42:   File "/root/selambingo3/venv/lib/python3.8/site-packages/django/http/request.py", line 167, in get_host
2025-06-15 05:27:42:     raise DisallowedHost(msg)
2025-06-15 05:27:42: django.core.exceptions.DisallowedHost: Invalid HTTP_HOST header: '188.245.75.205:8000'. You may need to add '188.245.75.205' to ALLOWED_HOSTS.
2025-06-15 05:27:42: Bad Request: /
2025-06-15 05:28:01: Bad Request: /payments/balance/
2025-06-15 05:37:53: Invalid HTTP_HOST header: '188.245.75.205:8000'. You may need to add '188.245.75.205' to ALLOWED_HOSTS.
2025-06-15 05:37:53: Traceback (most recent call last):
2025-06-15 05:37:53:   File "/root/selambingo3/venv/lib/python3.8/site-packages/django/core/handlers/exception.py", line 55, in inner
2025-06-15 05:37:53:     response = get_response(request)
2025-06-15 05:37:53:   File "/root/selambingo3/venv/lib/python3.8/site-packages/django/utils/deprecation.py", line 133, in __call__
2025-06-15 05:37:53:     response = self.process_request(request)
2025-06-15 05:37:53:   File "/root/selambingo3/venv/lib/python3.8/site-packages/django/middleware/common.py", line 48, in process_request
2025-06-15 05:37:53:     host = request.get_host()
2025-06-15 05:37:53:   File "/root/selambingo3/venv/lib/python3.8/site-packages/django/http/request.py", line 167, in get_host
2025-06-15 05:37:53:     raise DisallowedHost(msg)
2025-06-15 05:37:53: django.core.exceptions.DisallowedHost: Invalid HTTP_HOST header: '188.245.75.205:8000'. You may need to add '188.245.75.205' to ALLOWED_HOSTS.
2025-06-15 05:37:53: Bad Request: /
2025-06-15 05:53:27: Internal Server Error: /payments/wallet/add-balance/
2025-06-15 05:53:27: Traceback (most recent call last):
2025-06-15 05:53:27:   File "/root/selambingo3/venv/lib/python3.8/site-packages/django/db/models/fields/__init__.py", line 2055, in get_prep_value
2025-06-15 05:53:27:     return int(value)
2025-06-15 05:53:27: ValueError: invalid literal for int() with base 10: 'add-balance'
2025-06-15 05:53:27: 
2025-06-15 05:53:27: The above exception was the direct cause of the following exception:
2025-06-15 05:53:27: 
2025-06-15 05:53:27: Traceback (most recent call last):
2025-06-15 05:53:27:   File "/root/selambingo3/venv/lib/python3.8/site-packages/django/core/handlers/exception.py", line 55, in inner
2025-06-15 05:53:27:     response = get_response(request)
2025-06-15 05:53:27:   File "/root/selambingo3/venv/lib/python3.8/site-packages/django/core/handlers/base.py", line 197, in _get_response
2025-06-15 05:53:27:     response = wrapped_callback(request, *callback_args, **callback_kwargs)
2025-06-15 05:53:27:   File "/root/selambingo3/venv/lib/python3.8/site-packages/django/views/decorators/csrf.py", line 56, in wrapper_view
2025-06-15 05:53:27:     return view_func(*args, **kwargs)
2025-06-15 05:53:27:   File "/root/selambingo3/payments/views.py", line 37, in get_wallet
2025-06-15 05:53:27:     telegram_user = TelegramUser.objects.filter(telegram_id=user_id).first()
2025-06-15 05:53:27:   File "/root/selambingo3/venv/lib/python3.8/site-packages/django/db/models/manager.py", line 87, in manager_method
2025-06-15 05:53:27:     return getattr(self.get_queryset(), name)(*args, **kwargs)
2025-06-15 05:53:27:   File "/root/selambingo3/venv/lib/python3.8/site-packages/django/db/models/query.py", line 1436, in filter
2025-06-15 05:53:27:     return self._filter_or_exclude(False, args, kwargs)
2025-06-15 05:53:27:   File "/root/selambingo3/venv/lib/python3.8/site-packages/django/db/models/query.py", line 1454, in _filter_or_exclude
2025-06-15 05:53:27:     clone._filter_or_exclude_inplace(negate, args, kwargs)
2025-06-15 05:53:27:   File "/root/selambingo3/venv/lib/python3.8/site-packages/django/db/models/query.py", line 1461, in _filter_or_exclude_inplace
2025-06-15 05:53:27:     self._query.add_q(Q(*args, **kwargs))
2025-06-15 05:53:27:   File "/root/selambingo3/venv/lib/python3.8/site-packages/django/db/models/sql/query.py", line 1498, in add_q
2025-06-15 05:53:27:     clause, _ = self._add_q(q_object, self.used_aliases)
2025-06-15 05:53:27:   File "/root/selambingo3/venv/lib/python3.8/site-packages/django/db/models/sql/query.py", line 1529, in _add_q
2025-06-15 05:53:27:     child_clause, needed_inner = self.build_filter(
2025-06-15 05:53:27:   File "/root/selambingo3/venv/lib/python3.8/site-packages/django/db/models/sql/query.py", line 1444, in build_filter
2025-06-15 05:53:27:     condition = self.build_lookup(lookups, col, value)
2025-06-15 05:53:27:   File "/root/selambingo3/venv/lib/python3.8/site-packages/django/db/models/sql/query.py", line 1271, in build_lookup
2025-06-15 05:53:27:     lookup = lookup_class(lhs, rhs)
2025-06-15 05:53:27:   File "/root/selambingo3/venv/lib/python3.8/site-packages/django/db/models/lookups.py", line 27, in __init__
2025-06-15 05:53:27:     self.rhs = self.get_prep_lookup()
2025-06-15 05:53:27:   File "/root/selambingo3/venv/lib/python3.8/site-packages/django/db/models/lookups.py", line 341, in get_prep_lookup
2025-06-15 05:53:27:     return super().get_prep_lookup()
2025-06-15 05:53:27:   File "/root/selambingo3/venv/lib/python3.8/site-packages/django/db/models/lookups.py", line 85, in get_prep_lookup
2025-06-15 05:53:27:     return self.lhs.output_field.get_prep_value(self.rhs)
2025-06-15 05:53:27:   File "/root/selambingo3/venv/lib/python3.8/site-packages/django/db/models/fields/__init__.py", line 2057, in get_prep_value
2025-06-15 05:53:27:     raise e.__class__(
2025-06-15 05:53:27: ValueError: Field 'telegram_id' expected a number but got 'add-balance'.
2025-06-15 05:53:50: Bad Request: /payments/balance/
2025-06-15 05:56:32: Internal Server Error: /payments/wallet/add-balance/
2025-06-15 05:56:32: Traceback (most recent call last):
2025-06-15 05:56:32:   File "/root/selambingo3/venv/lib/python3.8/site-packages/django/db/models/fields/__init__.py", line 2055, in get_prep_value
2025-06-15 05:56:32:     return int(value)
2025-06-15 05:56:32: ValueError: invalid literal for int() with base 10: 'add-balance'
2025-06-15 05:56:32: 
2025-06-15 05:56:32: The above exception was the direct cause of the following exception:
2025-06-15 05:56:32: 
2025-06-15 05:56:32: Traceback (most recent call last):
2025-06-15 05:56:32:   File "/root/selambingo3/venv/lib/python3.8/site-packages/django/core/handlers/exception.py", line 55, in inner
2025-06-15 05:56:32:     response = get_response(request)
2025-06-15 05:56:32:   File "/root/selambingo3/venv/lib/python3.8/site-packages/django/core/handlers/base.py", line 197, in _get_response
2025-06-15 05:56:32:     response = wrapped_callback(request, *callback_args, **callback_kwargs)
2025-06-15 05:56:32:   File "/root/selambingo3/venv/lib/python3.8/site-packages/django/views/decorators/csrf.py", line 56, in wrapper_view
2025-06-15 05:56:32:     return view_func(*args, **kwargs)
2025-06-15 05:56:32:   File "/root/selambingo3/payments/views.py", line 37, in get_wallet
2025-06-15 05:56:32:     telegram_user = TelegramUser.objects.filter(telegram_id=user_id).first()
2025-06-15 05:56:32:   File "/root/selambingo3/venv/lib/python3.8/site-packages/django/db/models/manager.py", line 87, in manager_method
2025-06-15 05:56:32:     return getattr(self.get_queryset(), name)(*args, **kwargs)
2025-06-15 05:56:32:   File "/root/selambingo3/venv/lib/python3.8/site-packages/django/db/models/query.py", line 1436, in filter
2025-06-15 05:56:32:     return self._filter_or_exclude(False, args, kwargs)
2025-06-15 05:56:32:   File "/root/selambingo3/venv/lib/python3.8/site-packages/django/db/models/query.py", line 1454, in _filter_or_exclude
2025-06-15 05:56:32:     clone._filter_or_exclude_inplace(negate, args, kwargs)
2025-06-15 05:56:32:   File "/root/selambingo3/venv/lib/python3.8/site-packages/django/db/models/query.py", line 1461, in _filter_or_exclude_inplace
2025-06-15 05:56:32:     self._query.add_q(Q(*args, **kwargs))
2025-06-15 05:56:32:   File "/root/selambingo3/venv/lib/python3.8/site-packages/django/db/models/sql/query.py", line 1498, in add_q
2025-06-15 05:56:32:     clause, _ = self._add_q(q_object, self.used_aliases)
2025-06-15 05:56:32:   File "/root/selambingo3/venv/lib/python3.8/site-packages/django/db/models/sql/query.py", line 1529, in _add_q
2025-06-15 05:56:32:     child_clause, needed_inner = self.build_filter(
2025-06-15 05:56:32:   File "/root/selambingo3/venv/lib/python3.8/site-packages/django/db/models/sql/query.py", line 1444, in build_filter
2025-06-15 05:56:32:     condition = self.build_lookup(lookups, col, value)
2025-06-15 05:56:32:   File "/root/selambingo3/venv/lib/python3.8/site-packages/django/db/models/sql/query.py", line 1271, in build_lookup
2025-06-15 05:56:32:     lookup = lookup_class(lhs, rhs)
2025-06-15 05:56:32:   File "/root/selambingo3/venv/lib/python3.8/site-packages/django/db/models/lookups.py", line 27, in __init__
2025-06-15 05:56:32:     self.rhs = self.get_prep_lookup()
2025-06-15 05:56:32:   File "/root/selambingo3/venv/lib/python3.8/site-packages/django/db/models/lookups.py", line 341, in get_prep_lookup
2025-06-15 05:56:32:     return super().get_prep_lookup()
2025-06-15 05:56:32:   File "/root/selambingo3/venv/lib/python3.8/site-packages/django/db/models/lookups.py", line 85, in get_prep_lookup
2025-06-15 05:56:32:     return self.lhs.output_field.get_prep_value(self.rhs)
2025-06-15 05:56:32:   File "/root/selambingo3/venv/lib/python3.8/site-packages/django/db/models/fields/__init__.py", line 2057, in get_prep_value
2025-06-15 05:56:32:     raise e.__class__(
2025-06-15 05:56:32: ValueError: Field 'telegram_id' expected a number but got 'add-balance'.
2025-06-15 05:59:04: Not Found: /accounts/filter-users/902366449/
2025-06-15 05:59:56: Bad Request: /payments/balance/
2025-06-15 06:01:11: Not Found: /
2025-06-15 06:01:15: Not Found: /
2025-06-15 06:01:16: Not Found: /
2025-06-15 06:01:16: Not Found: /
2025-06-15 06:10:19: Not Found: /accounts/filter-users/7855668298/
2025-06-15 06:33:33: Not Found: /accounts/filter-users/6912930791/
2025-06-15 06:42:18: Invalid HTTP_HOST header: '188.245.75.205:8000'. You may need to add '188.245.75.205' to ALLOWED_HOSTS.
2025-06-15 06:42:18: Traceback (most recent call last):
2025-06-15 06:42:18:   File "/root/selambingo3/venv/lib/python3.8/site-packages/django/core/handlers/exception.py", line 55, in inner
2025-06-15 06:42:18:     response = get_response(request)
2025-06-15 06:42:18:   File "/root/selambingo3/venv/lib/python3.8/site-packages/django/utils/deprecation.py", line 133, in __call__
2025-06-15 06:42:18:     response = self.process_request(request)
2025-06-15 06:42:18:   File "/root/selambingo3/venv/lib/python3.8/site-packages/django/middleware/common.py", line 48, in process_request
2025-06-15 06:42:18:     host = request.get_host()
2025-06-15 06:42:18:   File "/root/selambingo3/venv/lib/python3.8/site-packages/django/http/request.py", line 167, in get_host
2025-06-15 06:42:18:     raise DisallowedHost(msg)
2025-06-15 06:42:18: django.core.exceptions.DisallowedHost: Invalid HTTP_HOST header: '188.245.75.205:8000'. You may need to add '188.245.75.205' to ALLOWED_HOSTS.
2025-06-15 06:42:18: Bad Request: /
2025-06-15 06:58:53: Internal Server Error: /payments/message/
2025-06-15 06:58:53: Traceback (most recent call last):
2025-06-15 06:58:53:   File "/root/selambingo3/venv/lib/python3.8/site-packages/django/core/handlers/exception.py", line 55, in inner
2025-06-15 06:58:53:     response = get_response(request)
2025-06-15 06:58:53:   File "/root/selambingo3/venv/lib/python3.8/site-packages/django/core/handlers/base.py", line 197, in _get_response
2025-06-15 06:58:53:     response = wrapped_callback(request, *callback_args, **callback_kwargs)
2025-06-15 06:58:53:   File "/root/selambingo3/venv/lib/python3.8/site-packages/django/views/decorators/csrf.py", line 56, in wrapper_view
2025-06-15 06:58:53:     return view_func(*args, **kwargs)
2025-06-15 06:58:53:   File "/root/selambingo3/payments/views.py", line 415, in deposit_message
2025-06-15 06:58:53:     transaction_number = transaction_match.group(1)
2025-06-15 06:58:53: AttributeError: 'NoneType' object has no attribute 'group'
2025-06-15 06:58:56: Internal Server Error: /payments/message/
2025-06-15 06:58:56: Traceback (most recent call last):
2025-06-15 06:58:56:   File "/root/selambingo3/venv/lib/python3.8/site-packages/django/core/handlers/exception.py", line 55, in inner
2025-06-15 06:58:56:     response = get_response(request)
2025-06-15 06:58:56:   File "/root/selambingo3/venv/lib/python3.8/site-packages/django/core/handlers/base.py", line 197, in _get_response
2025-06-15 06:58:56:     response = wrapped_callback(request, *callback_args, **callback_kwargs)
2025-06-15 06:58:56:   File "/root/selambingo3/venv/lib/python3.8/site-packages/django/views/decorators/csrf.py", line 56, in wrapper_view
2025-06-15 06:58:56:     return view_func(*args, **kwargs)
2025-06-15 06:58:56:   File "/root/selambingo3/payments/views.py", line 415, in deposit_message
2025-06-15 06:58:56:     transaction_number = transaction_match.group(1)
2025-06-15 06:58:56: AttributeError: 'NoneType' object has no attribute 'group'
2025-06-15 06:59:00: Internal Server Error: /payments/message/
2025-06-15 06:59:00: Traceback (most recent call last):
2025-06-15 06:59:00:   File "/root/selambingo3/venv/lib/python3.8/site-packages/django/core/handlers/exception.py", line 55, in inner
2025-06-15 06:59:00:     response = get_response(request)
2025-06-15 06:59:00:   File "/root/selambingo3/venv/lib/python3.8/site-packages/django/core/handlers/base.py", line 197, in _get_response
2025-06-15 06:59:00:     response = wrapped_callback(request, *callback_args, **callback_kwargs)
2025-06-15 06:59:00:   File "/root/selambingo3/venv/lib/python3.8/site-packages/django/views/decorators/csrf.py", line 56, in wrapper_view
2025-06-15 06:59:00:     return view_func(*args, **kwargs)
2025-06-15 06:59:00:   File "/root/selambingo3/payments/views.py", line 415, in deposit_message
2025-06-15 06:59:00:     transaction_number = transaction_match.group(1)
2025-06-15 06:59:00: AttributeError: 'NoneType' object has no attribute 'group'
2025-06-15 06:59:03: Internal Server Error: /payments/message/
2025-06-15 06:59:03: Traceback (most recent call last):
2025-06-15 06:59:03:   File "/root/selambingo3/venv/lib/python3.8/site-packages/django/core/handlers/exception.py", line 55, in inner
2025-06-15 06:59:03:     response = get_response(request)
2025-06-15 06:59:03:   File "/root/selambingo3/venv/lib/python3.8/site-packages/django/core/handlers/base.py", line 197, in _get_response
2025-06-15 06:59:03:     response = wrapped_callback(request, *callback_args, **callback_kwargs)
2025-06-15 06:59:03:   File "/root/selambingo3/venv/lib/python3.8/site-packages/django/views/decorators/csrf.py", line 56, in wrapper_view
2025-06-15 06:59:03:     return view_func(*args, **kwargs)
2025-06-15 06:59:03:   File "/root/selambingo3/payments/views.py", line 415, in deposit_message
2025-06-15 06:59:03:     transaction_number = transaction_match.group(1)
2025-06-15 06:59:03: AttributeError: 'NoneType' object has no attribute 'group'
2025-06-15 06:59:07: Internal Server Error: /payments/message/
2025-06-15 06:59:07: Traceback (most recent call last):
2025-06-15 06:59:07:   File "/root/selambingo3/venv/lib/python3.8/site-packages/django/core/handlers/exception.py", line 55, in inner
2025-06-15 06:59:07:     response = get_response(request)
2025-06-15 06:59:07:   File "/root/selambingo3/venv/lib/python3.8/site-packages/django/core/handlers/base.py", line 197, in _get_response
2025-06-15 06:59:07:     response = wrapped_callback(request, *callback_args, **callback_kwargs)
2025-06-15 06:59:07:   File "/root/selambingo3/venv/lib/python3.8/site-packages/django/views/decorators/csrf.py", line 56, in wrapper_view
2025-06-15 06:59:07:     return view_func(*args, **kwargs)
2025-06-15 06:59:07:   File "/root/selambingo3/payments/views.py", line 415, in deposit_message
2025-06-15 06:59:07:     transaction_number = transaction_match.group(1)
2025-06-15 06:59:07: AttributeError: 'NoneType' object has no attribute 'group'
2025-06-15 07:12:45: Not Found: /accounts/filter-users/7789069439/
2025-06-15 07:20:01: Not Found: /accounts/filter-users/5871917215/
2025-06-15 07:28:25: Bad Request: /payments/balance/
2025-06-15 07:28:57: Not Found: /accounts/filter-users/7891245363/
2025-06-15 07:38:05: Bad Request: /accounts/register/
2025-06-15 07:38:13: Bad Request: /payments/balance/
2025-06-15 07:38:16: Not Found: /accounts/filter-users/6320967531/
2025-06-15 07:41:51: Invalid HTTP_HOST header: '188.245.75.205:8000'. You may need to add '188.245.75.205' to ALLOWED_HOSTS.
2025-06-15 07:41:51: Traceback (most recent call last):
2025-06-15 07:41:51:   File "/root/selambingo3/venv/lib/python3.8/site-packages/django/core/handlers/exception.py", line 55, in inner
2025-06-15 07:41:51:     response = get_response(request)
2025-06-15 07:41:51:   File "/root/selambingo3/venv/lib/python3.8/site-packages/django/utils/deprecation.py", line 133, in __call__
2025-06-15 07:41:51:     response = self.process_request(request)
2025-06-15 07:41:51:   File "/root/selambingo3/venv/lib/python3.8/site-packages/django/middleware/common.py", line 48, in process_request
2025-06-15 07:41:51:     host = request.get_host()
2025-06-15 07:41:51:   File "/root/selambingo3/venv/lib/python3.8/site-packages/django/http/request.py", line 167, in get_host
2025-06-15 07:41:51:     raise DisallowedHost(msg)
2025-06-15 07:41:51: django.core.exceptions.DisallowedHost: Invalid HTTP_HOST header: '188.245.75.205:8000'. You may need to add '188.245.75.205' to ALLOWED_HOSTS.
2025-06-15 07:41:51: Bad Request: /sse
2025-06-15 07:42:14: Not Found: /accounts/filter-users/970512191/
2025-06-15 07:43:54: Invalid HTTP_HOST header: '188.245.75.205:8000'. You may need to add '188.245.75.205' to ALLOWED_HOSTS.
2025-06-15 07:43:54: Traceback (most recent call last):
2025-06-15 07:43:54:   File "/root/selambingo3/venv/lib/python3.8/site-packages/django/core/handlers/exception.py", line 55, in inner
2025-06-15 07:43:54:     response = get_response(request)
2025-06-15 07:43:54:   File "/root/selambingo3/venv/lib/python3.8/site-packages/django/utils/deprecation.py", line 133, in __call__
2025-06-15 07:43:54:     response = self.process_request(request)
2025-06-15 07:43:54:   File "/root/selambingo3/venv/lib/python3.8/site-packages/django/middleware/common.py", line 48, in process_request
2025-06-15 07:43:54:     host = request.get_host()
2025-06-15 07:43:54:   File "/root/selambingo3/venv/lib/python3.8/site-packages/django/http/request.py", line 167, in get_host
2025-06-15 07:43:54:     raise DisallowedHost(msg)
2025-06-15 07:43:54: django.core.exceptions.DisallowedHost: Invalid HTTP_HOST header: '188.245.75.205:8000'. You may need to add '188.245.75.205' to ALLOWED_HOSTS.
2025-06-15 07:43:54: Bad Request: /
2025-06-15 08:20:49: Invalid HTTP_HOST header: '188.245.75.205:8000'. You may need to add '188.245.75.205' to ALLOWED_HOSTS.
2025-06-15 08:20:49: Traceback (most recent call last):
2025-06-15 08:20:49:   File "/root/selambingo3/venv/lib/python3.8/site-packages/django/core/handlers/exception.py", line 55, in inner
2025-06-15 08:20:49:     response = get_response(request)
2025-06-15 08:20:49:   File "/root/selambingo3/venv/lib/python3.8/site-packages/django/utils/deprecation.py", line 133, in __call__
2025-06-15 08:20:49:     response = self.process_request(request)
2025-06-15 08:20:49:   File "/root/selambingo3/venv/lib/python3.8/site-packages/django/middleware/common.py", line 48, in process_request
2025-06-15 08:20:49:     host = request.get_host()
2025-06-15 08:20:49:   File "/root/selambingo3/venv/lib/python3.8/site-packages/django/http/request.py", line 167, in get_host
2025-06-15 08:20:49:     raise DisallowedHost(msg)
2025-06-15 08:20:49: django.core.exceptions.DisallowedHost: Invalid HTTP_HOST header: '188.245.75.205:8000'. You may need to add '188.245.75.205' to ALLOWED_HOSTS.
2025-06-15 08:20:49: Bad Request: /
2025-06-15 08:40:26: Not Found: /accounts/filter-users/6635565679/
2025-06-15 08:44:19: Not Found: /accounts/filter-users/565506131/
2025-06-15 08:46:15: Invalid HTTP_HOST header: '188.245.75.205:8000'. You may need to add '188.245.75.205' to ALLOWED_HOSTS.
2025-06-15 08:46:15: Traceback (most recent call last):
2025-06-15 08:46:15:   File "/root/selambingo3/venv/lib/python3.8/site-packages/django/core/handlers/exception.py", line 55, in inner
2025-06-15 08:46:15:     response = get_response(request)
2025-06-15 08:46:15:   File "/root/selambingo3/venv/lib/python3.8/site-packages/django/utils/deprecation.py", line 133, in __call__
2025-06-15 08:46:15:     response = self.process_request(request)
2025-06-15 08:46:15:   File "/root/selambingo3/venv/lib/python3.8/site-packages/django/middleware/common.py", line 48, in process_request
2025-06-15 08:46:15:     host = request.get_host()
2025-06-15 08:46:15:   File "/root/selambingo3/venv/lib/python3.8/site-packages/django/http/request.py", line 167, in get_host
2025-06-15 08:46:15:     raise DisallowedHost(msg)
2025-06-15 08:46:15: django.core.exceptions.DisallowedHost: Invalid HTTP_HOST header: '188.245.75.205:8000'. You may need to add '188.245.75.205' to ALLOWED_HOSTS.
2025-06-15 08:46:15: Bad Request: /
2025-06-15 08:58:59: Bad Request: /payments/balance/
2025-06-15 09:23:52: Not Found: /accounts/filter-users/6954047369/
2025-06-15 09:27:14: Not Found: /accounts/filter-users/6597340698/
2025-06-15 09:27:17: Bad Request: /accounts/register/
2025-06-15 09:39:17: Invalid HTTP_HOST header: '188.245.75.205:8000'. You may need to add '188.245.75.205' to ALLOWED_HOSTS.
2025-06-15 09:39:17: Traceback (most recent call last):
2025-06-15 09:39:17:   File "/root/selambingo3/venv/lib/python3.8/site-packages/django/core/handlers/exception.py", line 55, in inner
2025-06-15 09:39:17:     response = get_response(request)
2025-06-15 09:39:17:   File "/root/selambingo3/venv/lib/python3.8/site-packages/django/utils/deprecation.py", line 133, in __call__
2025-06-15 09:39:17:     response = self.process_request(request)
2025-06-15 09:39:17:   File "/root/selambingo3/venv/lib/python3.8/site-packages/django/middleware/common.py", line 48, in process_request
2025-06-15 09:39:17:     host = request.get_host()
2025-06-15 09:39:17:   File "/root/selambingo3/venv/lib/python3.8/site-packages/django/http/request.py", line 167, in get_host
2025-06-15 09:39:17:     raise DisallowedHost(msg)
2025-06-15 09:39:17: django.core.exceptions.DisallowedHost: Invalid HTTP_HOST header: '188.245.75.205:8000'. You may need to add '188.245.75.205' to ALLOWED_HOSTS.
2025-06-15 09:39:17: Bad Request: /
2025-06-15 09:51:26: Not Found: /accounts/filter-users/7648717911/
2025-06-15 10:03:05: Not Found: /accounts/filter-users/7076458613/
2025-06-15 10:21:31: Bad Request: /payments/balance/
2025-06-15 10:30:14: Not Found: /accounts/filter-users/943886392/
2025-06-15 10:30:19: Not Found: /accounts/filter-users/943886392/
2025-06-15 10:31:03: Internal Server Error: /payments/wallet/add-balance/
2025-06-15 10:31:03: Traceback (most recent call last):
2025-06-15 10:31:03:   File "/root/selambingo3/venv/lib/python3.8/site-packages/django/db/models/fields/__init__.py", line 2055, in get_prep_value
2025-06-15 10:31:03:     return int(value)
2025-06-15 10:31:03: ValueError: invalid literal for int() with base 10: 'add-balance'
2025-06-15 10:31:03: 
2025-06-15 10:31:03: The above exception was the direct cause of the following exception:
2025-06-15 10:31:03: 
2025-06-15 10:31:03: Traceback (most recent call last):
2025-06-15 10:31:03:   File "/root/selambingo3/venv/lib/python3.8/site-packages/django/core/handlers/exception.py", line 55, in inner
2025-06-15 10:31:03:     response = get_response(request)
2025-06-15 10:31:03:   File "/root/selambingo3/venv/lib/python3.8/site-packages/django/core/handlers/base.py", line 197, in _get_response
2025-06-15 10:31:03:     response = wrapped_callback(request, *callback_args, **callback_kwargs)
2025-06-15 10:31:03:   File "/root/selambingo3/venv/lib/python3.8/site-packages/django/views/decorators/csrf.py", line 56, in wrapper_view
2025-06-15 10:31:03:     return view_func(*args, **kwargs)
2025-06-15 10:31:03:   File "/root/selambingo3/payments/views.py", line 37, in get_wallet
2025-06-15 10:31:03:     telegram_user = TelegramUser.objects.filter(telegram_id=user_id).first()
2025-06-15 10:31:03:   File "/root/selambingo3/venv/lib/python3.8/site-packages/django/db/models/manager.py", line 87, in manager_method
2025-06-15 10:31:03:     return getattr(self.get_queryset(), name)(*args, **kwargs)
2025-06-15 10:31:03:   File "/root/selambingo3/venv/lib/python3.8/site-packages/django/db/models/query.py", line 1436, in filter
2025-06-15 10:31:03:     return self._filter_or_exclude(False, args, kwargs)
2025-06-15 10:31:03:   File "/root/selambingo3/venv/lib/python3.8/site-packages/django/db/models/query.py", line 1454, in _filter_or_exclude
2025-06-15 10:31:03:     clone._filter_or_exclude_inplace(negate, args, kwargs)
2025-06-15 10:31:03:   File "/root/selambingo3/venv/lib/python3.8/site-packages/django/db/models/query.py", line 1461, in _filter_or_exclude_inplace
2025-06-15 10:31:03:     self._query.add_q(Q(*args, **kwargs))
2025-06-15 10:31:03:   File "/root/selambingo3/venv/lib/python3.8/site-packages/django/db/models/sql/query.py", line 1498, in add_q
2025-06-15 10:31:03:     clause, _ = self._add_q(q_object, self.used_aliases)
2025-06-15 10:31:03:   File "/root/selambingo3/venv/lib/python3.8/site-packages/django/db/models/sql/query.py", line 1529, in _add_q
2025-06-15 10:31:03:     child_clause, needed_inner = self.build_filter(
2025-06-15 10:31:03:   File "/root/selambingo3/venv/lib/python3.8/site-packages/django/db/models/sql/query.py", line 1444, in build_filter
2025-06-15 10:31:03:     condition = self.build_lookup(lookups, col, value)
2025-06-15 10:31:03:   File "/root/selambingo3/venv/lib/python3.8/site-packages/django/db/models/sql/query.py", line 1271, in build_lookup
2025-06-15 10:31:03:     lookup = lookup_class(lhs, rhs)
2025-06-15 10:31:03:   File "/root/selambingo3/venv/lib/python3.8/site-packages/django/db/models/lookups.py", line 27, in __init__
2025-06-15 10:31:03:     self.rhs = self.get_prep_lookup()
2025-06-15 10:31:03:   File "/root/selambingo3/venv/lib/python3.8/site-packages/django/db/models/lookups.py", line 341, in get_prep_lookup
2025-06-15 10:31:03:     return super().get_prep_lookup()
2025-06-15 10:31:03:   File "/root/selambingo3/venv/lib/python3.8/site-packages/django/db/models/lookups.py", line 85, in get_prep_lookup
2025-06-15 10:31:03:     return self.lhs.output_field.get_prep_value(self.rhs)
2025-06-15 10:31:03:   File "/root/selambingo3/venv/lib/python3.8/site-packages/django/db/models/fields/__init__.py", line 2057, in get_prep_value
2025-06-15 10:31:03:     raise e.__class__(
2025-06-15 10:31:03: ValueError: Field 'telegram_id' expected a number but got 'add-balance'.
2025-06-15 10:36:02: Not Found: /accounts/filter-users/8196550923/
2025-06-15 10:36:05: Bad Request: /accounts/register/
2025-06-15 10:36:27: Invalid HTTP_HOST header: '188.245.75.205:8000'. You may need to add '188.245.75.205' to ALLOWED_HOSTS.
2025-06-15 10:36:27: Traceback (most recent call last):
2025-06-15 10:36:27:   File "/root/selambingo3/venv/lib/python3.8/site-packages/django/core/handlers/exception.py", line 55, in inner
2025-06-15 10:36:27:     response = get_response(request)
2025-06-15 10:36:27:   File "/root/selambingo3/venv/lib/python3.8/site-packages/django/utils/deprecation.py", line 133, in __call__
2025-06-15 10:36:27:     response = self.process_request(request)
2025-06-15 10:36:27:   File "/root/selambingo3/venv/lib/python3.8/site-packages/django/middleware/common.py", line 48, in process_request
2025-06-15 10:36:27:     host = request.get_host()
2025-06-15 10:36:27:   File "/root/selambingo3/venv/lib/python3.8/site-packages/django/http/request.py", line 167, in get_host
2025-06-15 10:36:27:     raise DisallowedHost(msg)
2025-06-15 10:36:27: django.core.exceptions.DisallowedHost: Invalid HTTP_HOST header: '188.245.75.205:8000'. You may need to add '188.245.75.205' to ALLOWED_HOSTS.
2025-06-15 10:36:27: Bad Request: /
2025-06-15 10:36:28: Bad Request: /accounts/register/
2025-06-15 10:36:47: Invalid HTTP_HOST header: 'api.ipify.org'. You may need to add 'api.ipify.org' to ALLOWED_HOSTS.
2025-06-15 10:36:47: Traceback (most recent call last):
2025-06-15 10:36:47:   File "/root/selambingo3/venv/lib/python3.8/site-packages/django/core/handlers/exception.py", line 55, in inner
2025-06-15 10:36:47:     response = get_response(request)
2025-06-15 10:36:47:   File "/root/selambingo3/venv/lib/python3.8/site-packages/django/utils/deprecation.py", line 133, in __call__
2025-06-15 10:36:47:     response = self.process_request(request)
2025-06-15 10:36:47:   File "/root/selambingo3/venv/lib/python3.8/site-packages/django/middleware/common.py", line 48, in process_request
2025-06-15 10:36:47:     host = request.get_host()
2025-06-15 10:36:47:   File "/root/selambingo3/venv/lib/python3.8/site-packages/django/http/request.py", line 167, in get_host
2025-06-15 10:36:47:     raise DisallowedHost(msg)
2025-06-15 10:36:47: django.core.exceptions.DisallowedHost: Invalid HTTP_HOST header: 'api.ipify.org'. You may need to add 'api.ipify.org' to ALLOWED_HOSTS.
2025-06-15 10:36:47: Bad Request: /
2025-06-15 10:36:50: Invalid HTTP_HOST header: 'www.shadowserver.org'. You may need to add 'www.shadowserver.org' to ALLOWED_HOSTS.
2025-06-15 10:36:50: Traceback (most recent call last):
2025-06-15 10:36:50:   File "/root/selambingo3/venv/lib/python3.8/site-packages/django/core/handlers/exception.py", line 55, in inner
2025-06-15 10:36:50:     response = get_response(request)
2025-06-15 10:36:50:   File "/root/selambingo3/venv/lib/python3.8/site-packages/django/utils/deprecation.py", line 133, in __call__
2025-06-15 10:36:50:     response = self.process_request(request)
2025-06-15 10:36:50:   File "/root/selambingo3/venv/lib/python3.8/site-packages/django/middleware/common.py", line 48, in process_request
2025-06-15 10:36:50:     host = request.get_host()
2025-06-15 10:36:50:   File "/root/selambingo3/venv/lib/python3.8/site-packages/django/http/request.py", line 167, in get_host
2025-06-15 10:36:50:     raise DisallowedHost(msg)
2025-06-15 10:36:50: django.core.exceptions.DisallowedHost: Invalid HTTP_HOST header: 'www.shadowserver.org'. You may need to add 'www.shadowserver.org' to ALLOWED_HOSTS.
2025-06-15 10:36:50: Bad Request: /www.shadowserver.org:443
2025-06-15 10:43:25: Internal Server Error: /payments/wallet/add-balance/
2025-06-15 10:43:25: Traceback (most recent call last):
2025-06-15 10:43:25:   File "/root/selambingo3/venv/lib/python3.8/site-packages/django/db/models/fields/__init__.py", line 2055, in get_prep_value
2025-06-15 10:43:25:     return int(value)
2025-06-15 10:43:25: ValueError: invalid literal for int() with base 10: 'add-balance'
2025-06-15 10:43:25: 
2025-06-15 10:43:25: The above exception was the direct cause of the following exception:
2025-06-15 10:43:25: 
2025-06-15 10:43:25: Traceback (most recent call last):
2025-06-15 10:43:25:   File "/root/selambingo3/venv/lib/python3.8/site-packages/django/core/handlers/exception.py", line 55, in inner
2025-06-15 10:43:25:     response = get_response(request)
2025-06-15 10:43:25:   File "/root/selambingo3/venv/lib/python3.8/site-packages/django/core/handlers/base.py", line 197, in _get_response
2025-06-15 10:43:25:     response = wrapped_callback(request, *callback_args, **callback_kwargs)
2025-06-15 10:43:25:   File "/root/selambingo3/venv/lib/python3.8/site-packages/django/views/decorators/csrf.py", line 56, in wrapper_view
2025-06-15 10:43:25:     return view_func(*args, **kwargs)
2025-06-15 10:43:25:   File "/root/selambingo3/payments/views.py", line 37, in get_wallet
2025-06-15 10:43:25:     telegram_user = TelegramUser.objects.filter(telegram_id=user_id).first()
2025-06-15 10:43:25:   File "/root/selambingo3/venv/lib/python3.8/site-packages/django/db/models/manager.py", line 87, in manager_method
2025-06-15 10:43:25:     return getattr(self.get_queryset(), name)(*args, **kwargs)
2025-06-15 10:43:25:   File "/root/selambingo3/venv/lib/python3.8/site-packages/django/db/models/query.py", line 1436, in filter
2025-06-15 10:43:25:     return self._filter_or_exclude(False, args, kwargs)
2025-06-15 10:43:25:   File "/root/selambingo3/venv/lib/python3.8/site-packages/django/db/models/query.py", line 1454, in _filter_or_exclude
2025-06-15 10:43:25:     clone._filter_or_exclude_inplace(negate, args, kwargs)
2025-06-15 10:43:25:   File "/root/selambingo3/venv/lib/python3.8/site-packages/django/db/models/query.py", line 1461, in _filter_or_exclude_inplace
2025-06-15 10:43:25:     self._query.add_q(Q(*args, **kwargs))
2025-06-15 10:43:25:   File "/root/selambingo3/venv/lib/python3.8/site-packages/django/db/models/sql/query.py", line 1498, in add_q
2025-06-15 10:43:25:     clause, _ = self._add_q(q_object, self.used_aliases)
2025-06-15 10:43:25:   File "/root/selambingo3/venv/lib/python3.8/site-packages/django/db/models/sql/query.py", line 1529, in _add_q
2025-06-15 10:43:25:     child_clause, needed_inner = self.build_filter(
2025-06-15 10:43:25:   File "/root/selambingo3/venv/lib/python3.8/site-packages/django/db/models/sql/query.py", line 1444, in build_filter
2025-06-15 10:43:25:     condition = self.build_lookup(lookups, col, value)
2025-06-15 10:43:25:   File "/root/selambingo3/venv/lib/python3.8/site-packages/django/db/models/sql/query.py", line 1271, in build_lookup
2025-06-15 10:43:25:     lookup = lookup_class(lhs, rhs)
2025-06-15 10:43:25:   File "/root/selambingo3/venv/lib/python3.8/site-packages/django/db/models/lookups.py", line 27, in __init__
2025-06-15 10:43:25:     self.rhs = self.get_prep_lookup()
2025-06-15 10:43:25:   File "/root/selambingo3/venv/lib/python3.8/site-packages/django/db/models/lookups.py", line 341, in get_prep_lookup
2025-06-15 10:43:25:     return super().get_prep_lookup()
2025-06-15 10:43:25:   File "/root/selambingo3/venv/lib/python3.8/site-packages/django/db/models/lookups.py", line 85, in get_prep_lookup
2025-06-15 10:43:25:     return self.lhs.output_field.get_prep_value(self.rhs)
2025-06-15 10:43:25:   File "/root/selambingo3/venv/lib/python3.8/site-packages/django/db/models/fields/__init__.py", line 2057, in get_prep_value
2025-06-15 10:43:25:     raise e.__class__(
2025-06-15 10:43:25: ValueError: Field 'telegram_id' expected a number but got 'add-balance'.
2025-06-15 10:43:28: Bad Request: /payments/balance/
2025-06-15 10:47:03: Not Found: /accounts/filter-users/5439629881/
2025-06-15 10:51:44: Invalid HTTP_HOST header: '188.245.75.205:8000'. You may need to add '188.245.75.205' to ALLOWED_HOSTS.
2025-06-15 10:51:44: Traceback (most recent call last):
2025-06-15 10:51:44:   File "/root/selambingo3/venv/lib/python3.8/site-packages/django/core/handlers/exception.py", line 55, in inner
2025-06-15 10:51:44:     response = get_response(request)
2025-06-15 10:51:44:   File "/root/selambingo3/venv/lib/python3.8/site-packages/django/utils/deprecation.py", line 133, in __call__
2025-06-15 10:51:44:     response = self.process_request(request)
2025-06-15 10:51:44:   File "/root/selambingo3/venv/lib/python3.8/site-packages/django/middleware/common.py", line 48, in process_request
2025-06-15 10:51:44:     host = request.get_host()
2025-06-15 10:51:44:   File "/root/selambingo3/venv/lib/python3.8/site-packages/django/http/request.py", line 167, in get_host
2025-06-15 10:51:44:     raise DisallowedHost(msg)
2025-06-15 10:51:44: django.core.exceptions.DisallowedHost: Invalid HTTP_HOST header: '188.245.75.205:8000'. You may need to add '188.245.75.205' to ALLOWED_HOSTS.
2025-06-15 10:51:44: Bad Request: /
2025-06-15 11:06:57: Internal Server Error: /payments/message/
2025-06-15 11:06:57: Traceback (most recent call last):
2025-06-15 11:06:57:   File "/root/selambingo3/venv/lib/python3.8/site-packages/django/core/handlers/exception.py", line 55, in inner
2025-06-15 11:06:57:     response = get_response(request)
2025-06-15 11:06:57:   File "/root/selambingo3/venv/lib/python3.8/site-packages/django/core/handlers/base.py", line 197, in _get_response
2025-06-15 11:06:57:     response = wrapped_callback(request, *callback_args, **callback_kwargs)
2025-06-15 11:06:57:   File "/root/selambingo3/venv/lib/python3.8/site-packages/django/views/decorators/csrf.py", line 56, in wrapper_view
2025-06-15 11:06:57:     return view_func(*args, **kwargs)
2025-06-15 11:06:57:   File "/root/selambingo3/payments/views.py", line 415, in deposit_message
2025-06-15 11:06:57:     transaction_number = transaction_match.group(1)
2025-06-15 11:06:57: AttributeError: 'NoneType' object has no attribute 'group'
2025-06-15 11:07:00: Internal Server Error: /payments/message/
2025-06-15 11:07:00: Traceback (most recent call last):
2025-06-15 11:07:00:   File "/root/selambingo3/venv/lib/python3.8/site-packages/django/core/handlers/exception.py", line 55, in inner
2025-06-15 11:07:00:     response = get_response(request)
2025-06-15 11:07:00:   File "/root/selambingo3/venv/lib/python3.8/site-packages/django/core/handlers/base.py", line 197, in _get_response
2025-06-15 11:07:00:     response = wrapped_callback(request, *callback_args, **callback_kwargs)
2025-06-15 11:07:00:   File "/root/selambingo3/venv/lib/python3.8/site-packages/django/views/decorators/csrf.py", line 56, in wrapper_view
2025-06-15 11:07:00:     return view_func(*args, **kwargs)
2025-06-15 11:07:00:   File "/root/selambingo3/payments/views.py", line 415, in deposit_message
2025-06-15 11:07:00:     transaction_number = transaction_match.group(1)
2025-06-15 11:07:00: AttributeError: 'NoneType' object has no attribute 'group'
2025-06-15 11:07:04: Internal Server Error: /payments/message/
2025-06-15 11:07:04: Traceback (most recent call last):
2025-06-15 11:07:04:   File "/root/selambingo3/venv/lib/python3.8/site-packages/django/core/handlers/exception.py", line 55, in inner
2025-06-15 11:07:04:     response = get_response(request)
2025-06-15 11:07:04:   File "/root/selambingo3/venv/lib/python3.8/site-packages/django/core/handlers/base.py", line 197, in _get_response
2025-06-15 11:07:04:     response = wrapped_callback(request, *callback_args, **callback_kwargs)
2025-06-15 11:07:04:   File "/root/selambingo3/venv/lib/python3.8/site-packages/django/views/decorators/csrf.py", line 56, in wrapper_view
2025-06-15 11:07:04:     return view_func(*args, **kwargs)
2025-06-15 11:07:04:   File "/root/selambingo3/payments/views.py", line 415, in deposit_message
2025-06-15 11:07:04:     transaction_number = transaction_match.group(1)
2025-06-15 11:07:04: AttributeError: 'NoneType' object has no attribute 'group'
2025-06-15 11:07:08: Internal Server Error: /payments/message/
2025-06-15 11:07:08: Traceback (most recent call last):
2025-06-15 11:07:08:   File "/root/selambingo3/venv/lib/python3.8/site-packages/django/core/handlers/exception.py", line 55, in inner
2025-06-15 11:07:08:     response = get_response(request)
2025-06-15 11:07:08:   File "/root/selambingo3/venv/lib/python3.8/site-packages/django/core/handlers/base.py", line 197, in _get_response
2025-06-15 11:07:08:     response = wrapped_callback(request, *callback_args, **callback_kwargs)
2025-06-15 11:07:08:   File "/root/selambingo3/venv/lib/python3.8/site-packages/django/views/decorators/csrf.py", line 56, in wrapper_view
2025-06-15 11:07:08:     return view_func(*args, **kwargs)
2025-06-15 11:07:08:   File "/root/selambingo3/payments/views.py", line 415, in deposit_message
2025-06-15 11:07:08:     transaction_number = transaction_match.group(1)
2025-06-15 11:07:08: AttributeError: 'NoneType' object has no attribute 'group'
2025-06-15 11:07:12: Internal Server Error: /payments/message/
2025-06-15 11:07:12: Traceback (most recent call last):
2025-06-15 11:07:12:   File "/root/selambingo3/venv/lib/python3.8/site-packages/django/core/handlers/exception.py", line 55, in inner
2025-06-15 11:07:12:     response = get_response(request)
2025-06-15 11:07:12:   File "/root/selambingo3/venv/lib/python3.8/site-packages/django/core/handlers/base.py", line 197, in _get_response
2025-06-15 11:07:12:     response = wrapped_callback(request, *callback_args, **callback_kwargs)
2025-06-15 11:07:12:   File "/root/selambingo3/venv/lib/python3.8/site-packages/django/views/decorators/csrf.py", line 56, in wrapper_view
2025-06-15 11:07:12:     return view_func(*args, **kwargs)
2025-06-15 11:07:12:   File "/root/selambingo3/payments/views.py", line 415, in deposit_message
2025-06-15 11:07:12:     transaction_number = transaction_match.group(1)
2025-06-15 11:07:12: AttributeError: 'NoneType' object has no attribute 'group'
2025-06-15 11:13:35: Internal Server Error: /payments/message/
2025-06-15 11:13:35: Traceback (most recent call last):
2025-06-15 11:13:35:   File "/root/selambingo3/venv/lib/python3.8/site-packages/django/core/handlers/exception.py", line 55, in inner
2025-06-15 11:13:35:     response = get_response(request)
2025-06-15 11:13:35:   File "/root/selambingo3/venv/lib/python3.8/site-packages/django/core/handlers/base.py", line 197, in _get_response
2025-06-15 11:13:35:     response = wrapped_callback(request, *callback_args, **callback_kwargs)
2025-06-15 11:13:35:   File "/root/selambingo3/venv/lib/python3.8/site-packages/django/views/decorators/csrf.py", line 56, in wrapper_view
2025-06-15 11:13:35:     return view_func(*args, **kwargs)
2025-06-15 11:13:35:   File "/root/selambingo3/payments/views.py", line 415, in deposit_message
2025-06-15 11:13:35:     transaction_number = transaction_match.group(1)
2025-06-15 11:13:35: AttributeError: 'NoneType' object has no attribute 'group'
2025-06-15 11:13:39: Internal Server Error: /payments/message/
2025-06-15 11:13:39: Traceback (most recent call last):
2025-06-15 11:13:39:   File "/root/selambingo3/venv/lib/python3.8/site-packages/django/core/handlers/exception.py", line 55, in inner
2025-06-15 11:13:39:     response = get_response(request)
2025-06-15 11:13:39:   File "/root/selambingo3/venv/lib/python3.8/site-packages/django/core/handlers/base.py", line 197, in _get_response
2025-06-15 11:13:39:     response = wrapped_callback(request, *callback_args, **callback_kwargs)
2025-06-15 11:13:39:   File "/root/selambingo3/venv/lib/python3.8/site-packages/django/views/decorators/csrf.py", line 56, in wrapper_view
2025-06-15 11:13:39:     return view_func(*args, **kwargs)
2025-06-15 11:13:39:   File "/root/selambingo3/payments/views.py", line 415, in deposit_message
2025-06-15 11:13:39:     transaction_number = transaction_match.group(1)
2025-06-15 11:13:39: AttributeError: 'NoneType' object has no attribute 'group'
2025-06-15 11:13:42: Internal Server Error: /payments/message/
2025-06-15 11:13:42: Traceback (most recent call last):
2025-06-15 11:13:42:   File "/root/selambingo3/venv/lib/python3.8/site-packages/django/core/handlers/exception.py", line 55, in inner
2025-06-15 11:13:42:     response = get_response(request)
2025-06-15 11:13:42:   File "/root/selambingo3/venv/lib/python3.8/site-packages/django/core/handlers/base.py", line 197, in _get_response
2025-06-15 11:13:42:     response = wrapped_callback(request, *callback_args, **callback_kwargs)
2025-06-15 11:13:42:   File "/root/selambingo3/venv/lib/python3.8/site-packages/django/views/decorators/csrf.py", line 56, in wrapper_view
2025-06-15 11:13:42:     return view_func(*args, **kwargs)
2025-06-15 11:13:42:   File "/root/selambingo3/payments/views.py", line 415, in deposit_message
2025-06-15 11:13:42:     transaction_number = transaction_match.group(1)
2025-06-15 11:13:42: AttributeError: 'NoneType' object has no attribute 'group'
2025-06-15 11:13:46: Internal Server Error: /payments/message/
2025-06-15 11:13:46: Traceback (most recent call last):
2025-06-15 11:13:46:   File "/root/selambingo3/venv/lib/python3.8/site-packages/django/core/handlers/exception.py", line 55, in inner
2025-06-15 11:13:46:     response = get_response(request)
2025-06-15 11:13:46:   File "/root/selambingo3/venv/lib/python3.8/site-packages/django/core/handlers/base.py", line 197, in _get_response
2025-06-15 11:13:46:     response = wrapped_callback(request, *callback_args, **callback_kwargs)
2025-06-15 11:13:46:   File "/root/selambingo3/venv/lib/python3.8/site-packages/django/views/decorators/csrf.py", line 56, in wrapper_view
2025-06-15 11:13:46:     return view_func(*args, **kwargs)
2025-06-15 11:13:46:   File "/root/selambingo3/payments/views.py", line 415, in deposit_message
2025-06-15 11:13:46:     transaction_number = transaction_match.group(1)
2025-06-15 11:13:46: AttributeError: 'NoneType' object has no attribute 'group'
2025-06-15 11:13:49: Internal Server Error: /payments/message/
2025-06-15 11:13:49: Traceback (most recent call last):
2025-06-15 11:13:49:   File "/root/selambingo3/venv/lib/python3.8/site-packages/django/core/handlers/exception.py", line 55, in inner
2025-06-15 11:13:49:     response = get_response(request)
2025-06-15 11:13:49:   File "/root/selambingo3/venv/lib/python3.8/site-packages/django/core/handlers/base.py", line 197, in _get_response
2025-06-15 11:13:49:     response = wrapped_callback(request, *callback_args, **callback_kwargs)
2025-06-15 11:13:49:   File "/root/selambingo3/venv/lib/python3.8/site-packages/django/views/decorators/csrf.py", line 56, in wrapper_view
2025-06-15 11:13:49:     return view_func(*args, **kwargs)
2025-06-15 11:13:49:   File "/root/selambingo3/payments/views.py", line 415, in deposit_message
2025-06-15 11:13:49:     transaction_number = transaction_match.group(1)
2025-06-15 11:13:49: AttributeError: 'NoneType' object has no attribute 'group'
2025-06-15 11:16:09: Invalid HTTP_HOST header: '188.245.75.205:8000'. You may need to add '188.245.75.205' to ALLOWED_HOSTS.
2025-06-15 11:16:09: Traceback (most recent call last):
2025-06-15 11:16:09:   File "/root/selambingo3/venv/lib/python3.8/site-packages/django/core/handlers/exception.py", line 55, in inner
2025-06-15 11:16:09:     response = get_response(request)
2025-06-15 11:16:09:   File "/root/selambingo3/venv/lib/python3.8/site-packages/django/utils/deprecation.py", line 133, in __call__
2025-06-15 11:16:09:     response = self.process_request(request)
2025-06-15 11:16:09:   File "/root/selambingo3/venv/lib/python3.8/site-packages/django/middleware/common.py", line 48, in process_request
2025-06-15 11:16:09:     host = request.get_host()
2025-06-15 11:16:09:   File "/root/selambingo3/venv/lib/python3.8/site-packages/django/http/request.py", line 167, in get_host
2025-06-15 11:16:09:     raise DisallowedHost(msg)
2025-06-15 11:16:09: django.core.exceptions.DisallowedHost: Invalid HTTP_HOST header: '188.245.75.205:8000'. You may need to add '188.245.75.205' to ALLOWED_HOSTS.
2025-06-15 11:16:09: Bad Request: /
2025-06-15 11:17:23: Bad Request: /payments/balance/
2025-06-15 11:18:00: [2025-06-15 11:18:00 +0000] [206891] [WARNING] Invalid request from ip=139.162.173.209: Invalid HTTP request line: ''
2025-06-15 11:18:00: Invalid HTTP_HOST header: '0.0.0.0:8000'. You may need to add '0.0.0.0' to ALLOWED_HOSTS.
2025-06-15 11:18:00: Traceback (most recent call last):
2025-06-15 11:18:00:   File "/root/selambingo3/venv/lib/python3.8/site-packages/django/core/handlers/exception.py", line 55, in inner
2025-06-15 11:18:00:     response = get_response(request)
2025-06-15 11:18:00:   File "/root/selambingo3/venv/lib/python3.8/site-packages/django/utils/deprecation.py", line 133, in __call__
2025-06-15 11:18:00:     response = self.process_request(request)
2025-06-15 11:18:00:   File "/root/selambingo3/venv/lib/python3.8/site-packages/django/middleware/common.py", line 48, in process_request
2025-06-15 11:18:00:     host = request.get_host()
2025-06-15 11:18:00:   File "/root/selambingo3/venv/lib/python3.8/site-packages/django/http/request.py", line 167, in get_host
2025-06-15 11:18:00:     raise DisallowedHost(msg)
2025-06-15 11:18:00: django.core.exceptions.DisallowedHost: Invalid HTTP_HOST header: '0.0.0.0:8000'. You may need to add '0.0.0.0' to ALLOWED_HOSTS.
2025-06-15 11:18:00: Bad Request: /
2025-06-15 11:18:05: Invalid HTTP_HOST header: '0.0.0.0:8000'. You may need to add '0.0.0.0' to ALLOWED_HOSTS.
2025-06-15 11:18:05: Traceback (most recent call last):
2025-06-15 11:18:05:   File "/root/selambingo3/venv/lib/python3.8/site-packages/django/core/handlers/exception.py", line 55, in inner
2025-06-15 11:18:05:     response = get_response(request)
2025-06-15 11:18:05:   File "/root/selambingo3/venv/lib/python3.8/site-packages/django/utils/deprecation.py", line 133, in __call__
2025-06-15 11:18:05:     response = self.process_request(request)
2025-06-15 11:18:05:   File "/root/selambingo3/venv/lib/python3.8/site-packages/django/middleware/common.py", line 48, in process_request
2025-06-15 11:18:05:     host = request.get_host()
2025-06-15 11:18:05:   File "/root/selambingo3/venv/lib/python3.8/site-packages/django/http/request.py", line 167, in get_host
2025-06-15 11:18:05:     raise DisallowedHost(msg)
2025-06-15 11:18:05: django.core.exceptions.DisallowedHost: Invalid HTTP_HOST header: '0.0.0.0:8000'. You may need to add '0.0.0.0' to ALLOWED_HOSTS.
2025-06-15 11:18:05: Bad Request: /nice ports,/Trinity.txt.bak
2025-06-15 11:18:05: [2025-06-15 11:18:05 +0000] [206882] [WARNING] Invalid request from ip=139.162.173.209: Invalid HTTP method: '\x05\x04\x00\x01\x02\x80\x05\x01\x00\x03\ngoogle.com\x00PGET'
2025-06-15 11:18:10: Invalid HTTP_HOST header: '0.0.0.0:8000'. You may need to add '0.0.0.0' to ALLOWED_HOSTS.
2025-06-15 11:18:10: Traceback (most recent call last):
2025-06-15 11:18:10:   File "/root/selambingo3/venv/lib/python3.8/site-packages/django/core/handlers/exception.py", line 55, in inner
2025-06-15 11:18:10:     response = get_response(request)
2025-06-15 11:18:10:   File "/root/selambingo3/venv/lib/python3.8/site-packages/django/utils/deprecation.py", line 133, in __call__
2025-06-15 11:18:10:     response = self.process_request(request)
2025-06-15 11:18:10:   File "/root/selambingo3/venv/lib/python3.8/site-packages/django/middleware/common.py", line 48, in process_request
2025-06-15 11:18:10:     host = request.get_host()
2025-06-15 11:18:10:   File "/root/selambingo3/venv/lib/python3.8/site-packages/django/http/request.py", line 167, in get_host
2025-06-15 11:18:10:     raise DisallowedHost(msg)
2025-06-15 11:18:10: django.core.exceptions.DisallowedHost: Invalid HTTP_HOST header: '0.0.0.0:8000'. You may need to add '0.0.0.0' to ALLOWED_HOSTS.
2025-06-15 11:18:10: Bad Request: /
2025-06-15 11:18:10: [2025-06-15 11:18:10 +0000] [206886] [WARNING] Invalid request from ip=139.162.173.209: Invalid HTTP Version: 'RTSP/1.0'
2025-06-15 11:18:20: [2025-06-15 11:18:20 +0000] [206891] [WARNING] Invalid request from ip=139.162.173.209: Invalid HTTP request line: 'HELP'
2025-06-15 11:18:40: [2025-06-15 11:18:40 +0000] [206891] [WARNING] Invalid request from ip=139.162.173.209: Invalid HTTP Version: 'SIP/2.0'
2025-06-15 11:18:45: Invalid HTTP_HOST header: 'static.205.75.245.188.clients.your-server.de:8000'. You may need to add 'static.205.75.245.188.clients.your-server.de' to ALLOWED_HOSTS.
2025-06-15 11:18:45: Traceback (most recent call last):
2025-06-15 11:18:45:   File "/root/selambingo3/venv/lib/python3.8/site-packages/django/core/handlers/exception.py", line 55, in inner
2025-06-15 11:18:45:     response = get_response(request)
2025-06-15 11:18:45:   File "/root/selambingo3/venv/lib/python3.8/site-packages/django/utils/deprecation.py", line 133, in __call__
2025-06-15 11:18:45:     response = self.process_request(request)
2025-06-15 11:18:45:   File "/root/selambingo3/venv/lib/python3.8/site-packages/django/middleware/common.py", line 48, in process_request
2025-06-15 11:18:45:     host = request.get_host()
2025-06-15 11:18:45:   File "/root/selambingo3/venv/lib/python3.8/site-packages/django/http/request.py", line 167, in get_host
2025-06-15 11:18:45:     raise DisallowedHost(msg)
2025-06-15 11:18:45: django.core.exceptions.DisallowedHost: Invalid HTTP_HOST header: 'static.205.75.245.188.clients.your-server.de:8000'. You may need to add 'static.205.75.245.188.clients.your-server.de' to ALLOWED_HOSTS.
2025-06-15 11:18:45: Bad Request: /
2025-06-15 11:18:46: Invalid HTTP_HOST header: 'static.205.75.245.188.clients.your-server.de:8000'. You may need to add 'static.205.75.245.188.clients.your-server.de' to ALLOWED_HOSTS.
2025-06-15 11:18:46: Traceback (most recent call last):
2025-06-15 11:18:46:   File "/root/selambingo3/venv/lib/python3.8/site-packages/django/core/handlers/exception.py", line 55, in inner
2025-06-15 11:18:46:     response = get_response(request)
2025-06-15 11:18:46:   File "/root/selambingo3/venv/lib/python3.8/site-packages/django/utils/deprecation.py", line 133, in __call__
2025-06-15 11:18:46:     response = self.process_request(request)
2025-06-15 11:18:46:   File "/root/selambingo3/venv/lib/python3.8/site-packages/django/middleware/common.py", line 48, in process_request
2025-06-15 11:18:46:     host = request.get_host()
2025-06-15 11:18:46:   File "/root/selambingo3/venv/lib/python3.8/site-packages/django/http/request.py", line 167, in get_host
2025-06-15 11:18:46:     raise DisallowedHost(msg)
2025-06-15 11:18:46: django.core.exceptions.DisallowedHost: Invalid HTTP_HOST header: 'static.205.75.245.188.clients.your-server.de:8000'. You may need to add 'static.205.75.245.188.clients.your-server.de' to ALLOWED_HOSTS.
2025-06-15 11:18:46: Bad Request: /favicon.ico
2025-06-15 11:19:00: Invalid HTTP_HOST header: 'static.205.75.245.188.clients.your-server.de'. You may need to add 'static.205.75.245.188.clients.your-server.de' to ALLOWED_HOSTS.
2025-06-15 11:19:00: Traceback (most recent call last):
2025-06-15 11:19:00:   File "/root/selambingo3/venv/lib/python3.8/site-packages/django/core/handlers/exception.py", line 55, in inner
2025-06-15 11:19:00:     response = get_response(request)
2025-06-15 11:19:00:   File "/root/selambingo3/venv/lib/python3.8/site-packages/django/utils/deprecation.py", line 133, in __call__
2025-06-15 11:19:00:     response = self.process_request(request)
2025-06-15 11:19:00:   File "/root/selambingo3/venv/lib/python3.8/site-packages/django/middleware/common.py", line 48, in process_request
2025-06-15 11:19:00:     host = request.get_host()
2025-06-15 11:19:00:   File "/root/selambingo3/venv/lib/python3.8/site-packages/django/http/request.py", line 167, in get_host
2025-06-15 11:19:00:     raise DisallowedHost(msg)
2025-06-15 11:19:00: django.core.exceptions.DisallowedHost: Invalid HTTP_HOST header: 'static.205.75.245.188.clients.your-server.de'. You may need to add 'static.205.75.245.188.clients.your-server.de' to ALLOWED_HOSTS.
2025-06-15 11:19:00: Bad Request: /
2025-06-15 11:31:56: Bad Request: /payments/balance/
2025-06-15 11:38:58: Not Found: /accounts/filter-users/7628541455/
2025-06-15 11:44:08: Not Found: /accounts/filter-users/7413139962/
2025-06-15 11:49:49: Not Found: /accounts/filter-users/7363730123/
2025-06-15 11:53:54: Not Found: /accounts/filter-users/7786103599/
2025-06-15 12:04:04: Not Found: /accounts/filter-users/7847228445/
2025-06-15 12:11:33: Not Found: /accounts/filter-users/8184768863/
2025-06-15 12:14:05: Bad Request: /payments/balance/
2025-06-15 12:18:55: Not Found: /accounts/filter-users/7367060987/
2025-06-15 12:18:57: Bad Request: /accounts/register/
2025-06-15 12:19:07: Bad Request: /accounts/register/
2025-06-15 12:21:59: Bad Request: /payments/balance/
2025-06-15 12:33:17: Internal Server Error: /payments/message/
2025-06-15 12:33:17: Traceback (most recent call last):
2025-06-15 12:33:17:   File "/root/selambingo3/venv/lib/python3.8/site-packages/django/core/handlers/exception.py", line 55, in inner
2025-06-15 12:33:17:     response = get_response(request)
2025-06-15 12:33:17:   File "/root/selambingo3/venv/lib/python3.8/site-packages/django/core/handlers/base.py", line 197, in _get_response
2025-06-15 12:33:17:     response = wrapped_callback(request, *callback_args, **callback_kwargs)
2025-06-15 12:33:17:   File "/root/selambingo3/venv/lib/python3.8/site-packages/django/views/decorators/csrf.py", line 56, in wrapper_view
2025-06-15 12:33:17:     return view_func(*args, **kwargs)
2025-06-15 12:33:17:   File "/root/selambingo3/payments/views.py", line 415, in deposit_message
2025-06-15 12:33:17:     transaction_number = transaction_match.group(1)
2025-06-15 12:33:17: AttributeError: 'NoneType' object has no attribute 'group'
2025-06-15 12:33:21: Internal Server Error: /payments/message/
2025-06-15 12:33:21: Traceback (most recent call last):
2025-06-15 12:33:21:   File "/root/selambingo3/venv/lib/python3.8/site-packages/django/core/handlers/exception.py", line 55, in inner
2025-06-15 12:33:21:     response = get_response(request)
2025-06-15 12:33:21:   File "/root/selambingo3/venv/lib/python3.8/site-packages/django/core/handlers/base.py", line 197, in _get_response
2025-06-15 12:33:21:     response = wrapped_callback(request, *callback_args, **callback_kwargs)
2025-06-15 12:33:21:   File "/root/selambingo3/venv/lib/python3.8/site-packages/django/views/decorators/csrf.py", line 56, in wrapper_view
2025-06-15 12:33:21:     return view_func(*args, **kwargs)
2025-06-15 12:33:21:   File "/root/selambingo3/payments/views.py", line 415, in deposit_message
2025-06-15 12:33:21:     transaction_number = transaction_match.group(1)
2025-06-15 12:33:21: AttributeError: 'NoneType' object has no attribute 'group'
2025-06-15 12:33:24: Internal Server Error: /payments/message/
2025-06-15 12:33:24: Traceback (most recent call last):
2025-06-15 12:33:24:   File "/root/selambingo3/venv/lib/python3.8/site-packages/django/core/handlers/exception.py", line 55, in inner
2025-06-15 12:33:24:     response = get_response(request)
2025-06-15 12:33:24:   File "/root/selambingo3/venv/lib/python3.8/site-packages/django/core/handlers/base.py", line 197, in _get_response
2025-06-15 12:33:24:     response = wrapped_callback(request, *callback_args, **callback_kwargs)
2025-06-15 12:33:24:   File "/root/selambingo3/venv/lib/python3.8/site-packages/django/views/decorators/csrf.py", line 56, in wrapper_view
2025-06-15 12:33:24:     return view_func(*args, **kwargs)
2025-06-15 12:33:24:   File "/root/selambingo3/payments/views.py", line 415, in deposit_message
2025-06-15 12:33:24:     transaction_number = transaction_match.group(1)
2025-06-15 12:33:24: AttributeError: 'NoneType' object has no attribute 'group'
2025-06-15 12:33:28: Internal Server Error: /payments/message/
2025-06-15 12:33:28: Traceback (most recent call last):
2025-06-15 12:33:28:   File "/root/selambingo3/venv/lib/python3.8/site-packages/django/core/handlers/exception.py", line 55, in inner
2025-06-15 12:33:28:     response = get_response(request)
2025-06-15 12:33:28:   File "/root/selambingo3/venv/lib/python3.8/site-packages/django/core/handlers/base.py", line 197, in _get_response
2025-06-15 12:33:28:     response = wrapped_callback(request, *callback_args, **callback_kwargs)
2025-06-15 12:33:28:   File "/root/selambingo3/venv/lib/python3.8/site-packages/django/views/decorators/csrf.py", line 56, in wrapper_view
2025-06-15 12:33:28:     return view_func(*args, **kwargs)
2025-06-15 12:33:28:   File "/root/selambingo3/payments/views.py", line 415, in deposit_message
2025-06-15 12:33:28:     transaction_number = transaction_match.group(1)
2025-06-15 12:33:28: AttributeError: 'NoneType' object has no attribute 'group'
2025-06-15 12:33:31: Internal Server Error: /payments/message/
2025-06-15 12:33:31: Traceback (most recent call last):
2025-06-15 12:33:31:   File "/root/selambingo3/venv/lib/python3.8/site-packages/django/core/handlers/exception.py", line 55, in inner
2025-06-15 12:33:31:     response = get_response(request)
2025-06-15 12:33:31:   File "/root/selambingo3/venv/lib/python3.8/site-packages/django/core/handlers/base.py", line 197, in _get_response
2025-06-15 12:33:31:     response = wrapped_callback(request, *callback_args, **callback_kwargs)
2025-06-15 12:33:31:   File "/root/selambingo3/venv/lib/python3.8/site-packages/django/views/decorators/csrf.py", line 56, in wrapper_view
2025-06-15 12:33:31:     return view_func(*args, **kwargs)
2025-06-15 12:33:31:   File "/root/selambingo3/payments/views.py", line 415, in deposit_message
2025-06-15 12:33:31:     transaction_number = transaction_match.group(1)
2025-06-15 12:33:31: AttributeError: 'NoneType' object has no attribute 'group'
2025-06-15 12:34:50: Bad Request: /accounts/register/
2025-06-15 12:35:55: Internal Server Error: /payments/wallet/add-balance/
2025-06-15 12:35:55: Traceback (most recent call last):
2025-06-15 12:35:55:   File "/root/selambingo3/venv/lib/python3.8/site-packages/django/db/models/fields/__init__.py", line 2055, in get_prep_value
2025-06-15 12:35:55:     return int(value)
2025-06-15 12:35:55: ValueError: invalid literal for int() with base 10: 'add-balance'
2025-06-15 12:35:55: 
2025-06-15 12:35:55: The above exception was the direct cause of the following exception:
2025-06-15 12:35:55: 
2025-06-15 12:35:55: Traceback (most recent call last):
2025-06-15 12:35:55:   File "/root/selambingo3/venv/lib/python3.8/site-packages/django/core/handlers/exception.py", line 55, in inner
2025-06-15 12:35:55:     response = get_response(request)
2025-06-15 12:35:55:   File "/root/selambingo3/venv/lib/python3.8/site-packages/django/core/handlers/base.py", line 197, in _get_response
2025-06-15 12:35:55:     response = wrapped_callback(request, *callback_args, **callback_kwargs)
2025-06-15 12:35:55:   File "/root/selambingo3/venv/lib/python3.8/site-packages/django/views/decorators/csrf.py", line 56, in wrapper_view
2025-06-15 12:35:55:     return view_func(*args, **kwargs)
2025-06-15 12:35:55:   File "/root/selambingo3/payments/views.py", line 37, in get_wallet
2025-06-15 12:35:55:     telegram_user = TelegramUser.objects.filter(telegram_id=user_id).first()
2025-06-15 12:35:55:   File "/root/selambingo3/venv/lib/python3.8/site-packages/django/db/models/manager.py", line 87, in manager_method
2025-06-15 12:35:55:     return getattr(self.get_queryset(), name)(*args, **kwargs)
2025-06-15 12:35:55:   File "/root/selambingo3/venv/lib/python3.8/site-packages/django/db/models/query.py", line 1436, in filter
2025-06-15 12:35:55:     return self._filter_or_exclude(False, args, kwargs)
2025-06-15 12:35:55:   File "/root/selambingo3/venv/lib/python3.8/site-packages/django/db/models/query.py", line 1454, in _filter_or_exclude
2025-06-15 12:35:55:     clone._filter_or_exclude_inplace(negate, args, kwargs)
2025-06-15 12:35:55:   File "/root/selambingo3/venv/lib/python3.8/site-packages/django/db/models/query.py", line 1461, in _filter_or_exclude_inplace
2025-06-15 12:35:55:     self._query.add_q(Q(*args, **kwargs))
2025-06-15 12:35:55:   File "/root/selambingo3/venv/lib/python3.8/site-packages/django/db/models/sql/query.py", line 1498, in add_q
2025-06-15 12:35:55:     clause, _ = self._add_q(q_object, self.used_aliases)
2025-06-15 12:35:55:   File "/root/selambingo3/venv/lib/python3.8/site-packages/django/db/models/sql/query.py", line 1529, in _add_q
2025-06-15 12:35:55:     child_clause, needed_inner = self.build_filter(
2025-06-15 12:35:55:   File "/root/selambingo3/venv/lib/python3.8/site-packages/django/db/models/sql/query.py", line 1444, in build_filter
2025-06-15 12:35:55:     condition = self.build_lookup(lookups, col, value)
2025-06-15 12:35:55:   File "/root/selambingo3/venv/lib/python3.8/site-packages/django/db/models/sql/query.py", line 1271, in build_lookup
2025-06-15 12:35:55:     lookup = lookup_class(lhs, rhs)
2025-06-15 12:35:55:   File "/root/selambingo3/venv/lib/python3.8/site-packages/django/db/models/lookups.py", line 27, in __init__
2025-06-15 12:35:55:     self.rhs = self.get_prep_lookup()
2025-06-15 12:35:55:   File "/root/selambingo3/venv/lib/python3.8/site-packages/django/db/models/lookups.py", line 341, in get_prep_lookup
2025-06-15 12:35:55:     return super().get_prep_lookup()
2025-06-15 12:35:55:   File "/root/selambingo3/venv/lib/python3.8/site-packages/django/db/models/lookups.py", line 85, in get_prep_lookup
2025-06-15 12:35:55:     return self.lhs.output_field.get_prep_value(self.rhs)
2025-06-15 12:35:55:   File "/root/selambingo3/venv/lib/python3.8/site-packages/django/db/models/fields/__init__.py", line 2057, in get_prep_value
2025-06-15 12:35:55:     raise e.__class__(
2025-06-15 12:35:55: ValueError: Field 'telegram_id' expected a number but got 'add-balance'.
2025-06-15 12:39:19: Invalid HTTP_HOST header: '188.245.75.205:8000'. You may need to add '188.245.75.205' to ALLOWED_HOSTS.
2025-06-15 12:39:19: Traceback (most recent call last):
2025-06-15 12:39:19:   File "/root/selambingo3/venv/lib/python3.8/site-packages/django/core/handlers/exception.py", line 55, in inner
2025-06-15 12:39:19:     response = get_response(request)
2025-06-15 12:39:19:   File "/root/selambingo3/venv/lib/python3.8/site-packages/django/utils/deprecation.py", line 133, in __call__
2025-06-15 12:39:19:     response = self.process_request(request)
2025-06-15 12:39:19:   File "/root/selambingo3/venv/lib/python3.8/site-packages/django/middleware/common.py", line 48, in process_request
2025-06-15 12:39:19:     host = request.get_host()
2025-06-15 12:39:19:   File "/root/selambingo3/venv/lib/python3.8/site-packages/django/http/request.py", line 167, in get_host
2025-06-15 12:39:19:     raise DisallowedHost(msg)
2025-06-15 12:39:19: django.core.exceptions.DisallowedHost: Invalid HTTP_HOST header: '188.245.75.205:8000'. You may need to add '188.245.75.205' to ALLOWED_HOSTS.
2025-06-15 12:39:19: Bad Request: /
2025-06-15 12:45:35: Not Found: /accounts/filter-users/7581138475/
2025-06-15 13:03:11: Not Found: /accounts/filter-users/7727583784/
2025-06-15 13:04:23: Bad Request: /accounts/register/
2025-06-15 13:04:48: Not Found: /accounts/filter-users/7911264872/
2025-06-15 13:04:59: Not Found: /accounts/filter-users/7911264872/
2025-06-15 13:05:17: Not Found: /accounts/filter-users/7911264872/
2025-06-15 13:08:06: Not Found: /accounts/filter-users/7715504020/
2025-06-15 13:08:13: Not Found: /accounts/filter-users/7336142667/
2025-06-15 13:08:58: Not Found: /accounts/filter-users/7911264872/
2025-06-15 13:09:00: Not Found: /accounts/filter-users/7911264872/
2025-06-15 13:13:30: Not Found: /accounts/filter-users/7741680863/
2025-06-15 13:21:23: Invalid HTTP_HOST header: '188.245.75.205:8000'. You may need to add '188.245.75.205' to ALLOWED_HOSTS.
2025-06-15 13:21:23: Traceback (most recent call last):
2025-06-15 13:21:23:   File "/root/selambingo3/venv/lib/python3.8/site-packages/django/core/handlers/exception.py", line 55, in inner
2025-06-15 13:21:23:     response = get_response(request)
2025-06-15 13:21:23:   File "/root/selambingo3/venv/lib/python3.8/site-packages/django/utils/deprecation.py", line 133, in __call__
2025-06-15 13:21:23:     response = self.process_request(request)
2025-06-15 13:21:23:   File "/root/selambingo3/venv/lib/python3.8/site-packages/django/middleware/common.py", line 48, in process_request
2025-06-15 13:21:23:     host = request.get_host()
2025-06-15 13:21:23:   File "/root/selambingo3/venv/lib/python3.8/site-packages/django/http/request.py", line 167, in get_host
2025-06-15 13:21:23:     raise DisallowedHost(msg)
2025-06-15 13:21:23: django.core.exceptions.DisallowedHost: Invalid HTTP_HOST header: '188.245.75.205:8000'. You may need to add '188.245.75.205' to ALLOWED_HOSTS.
2025-06-15 13:21:23: Bad Request: /
2025-06-15 13:25:18: Not Found: /accounts/filter-users/650370817/
2025-06-15 13:30:31: Invalid HTTP_HOST header: '188.245.75.205:8000'. You may need to add '188.245.75.205' to ALLOWED_HOSTS.
2025-06-15 13:30:31: Traceback (most recent call last):
2025-06-15 13:30:31:   File "/root/selambingo3/venv/lib/python3.8/site-packages/django/core/handlers/exception.py", line 55, in inner
2025-06-15 13:30:31:     response = get_response(request)
2025-06-15 13:30:31:   File "/root/selambingo3/venv/lib/python3.8/site-packages/django/utils/deprecation.py", line 133, in __call__
2025-06-15 13:30:31:     response = self.process_request(request)
2025-06-15 13:30:31:   File "/root/selambingo3/venv/lib/python3.8/site-packages/django/middleware/common.py", line 48, in process_request
2025-06-15 13:30:31:     host = request.get_host()
2025-06-15 13:30:31:   File "/root/selambingo3/venv/lib/python3.8/site-packages/django/http/request.py", line 167, in get_host
2025-06-15 13:30:31:     raise DisallowedHost(msg)
2025-06-15 13:30:31: django.core.exceptions.DisallowedHost: Invalid HTTP_HOST header: '188.245.75.205:8000'. You may need to add '188.245.75.205' to ALLOWED_HOSTS.
2025-06-15 13:30:31: Bad Request: /
2025-06-15 13:30:53: Internal Server Error: /payments/wallet/add-balance/
2025-06-15 13:30:53: Traceback (most recent call last):
2025-06-15 13:30:53:   File "/root/selambingo3/venv/lib/python3.8/site-packages/django/db/models/fields/__init__.py", line 2055, in get_prep_value
2025-06-15 13:30:53:     return int(value)
2025-06-15 13:30:53: ValueError: invalid literal for int() with base 10: 'add-balance'
2025-06-15 13:30:53: 
2025-06-15 13:30:53: The above exception was the direct cause of the following exception:
2025-06-15 13:30:53: 
2025-06-15 13:30:53: Traceback (most recent call last):
2025-06-15 13:30:53:   File "/root/selambingo3/venv/lib/python3.8/site-packages/django/core/handlers/exception.py", line 55, in inner
2025-06-15 13:30:53:     response = get_response(request)
2025-06-15 13:30:53:   File "/root/selambingo3/venv/lib/python3.8/site-packages/django/core/handlers/base.py", line 197, in _get_response
2025-06-15 13:30:53:     response = wrapped_callback(request, *callback_args, **callback_kwargs)
2025-06-15 13:30:53:   File "/root/selambingo3/venv/lib/python3.8/site-packages/django/views/decorators/csrf.py", line 56, in wrapper_view
2025-06-15 13:30:53:     return view_func(*args, **kwargs)
2025-06-15 13:30:53:   File "/root/selambingo3/payments/views.py", line 37, in get_wallet
2025-06-15 13:30:53:     telegram_user = TelegramUser.objects.filter(telegram_id=user_id).first()
2025-06-15 13:30:53:   File "/root/selambingo3/venv/lib/python3.8/site-packages/django/db/models/manager.py", line 87, in manager_method
2025-06-15 13:30:53:     return getattr(self.get_queryset(), name)(*args, **kwargs)
2025-06-15 13:30:53:   File "/root/selambingo3/venv/lib/python3.8/site-packages/django/db/models/query.py", line 1436, in filter
2025-06-15 13:30:53:     return self._filter_or_exclude(False, args, kwargs)
2025-06-15 13:30:53:   File "/root/selambingo3/venv/lib/python3.8/site-packages/django/db/models/query.py", line 1454, in _filter_or_exclude
2025-06-15 13:30:53:     clone._filter_or_exclude_inplace(negate, args, kwargs)
2025-06-15 13:30:53:   File "/root/selambingo3/venv/lib/python3.8/site-packages/django/db/models/query.py", line 1461, in _filter_or_exclude_inplace
2025-06-15 13:30:53:     self._query.add_q(Q(*args, **kwargs))
2025-06-15 13:30:53:   File "/root/selambingo3/venv/lib/python3.8/site-packages/django/db/models/sql/query.py", line 1498, in add_q
2025-06-15 13:30:53:     clause, _ = self._add_q(q_object, self.used_aliases)
2025-06-15 13:30:53:   File "/root/selambingo3/venv/lib/python3.8/site-packages/django/db/models/sql/query.py", line 1529, in _add_q
2025-06-15 13:30:53:     child_clause, needed_inner = self.build_filter(
2025-06-15 13:30:53:   File "/root/selambingo3/venv/lib/python3.8/site-packages/django/db/models/sql/query.py", line 1444, in build_filter
2025-06-15 13:30:53:     condition = self.build_lookup(lookups, col, value)
2025-06-15 13:30:53:   File "/root/selambingo3/venv/lib/python3.8/site-packages/django/db/models/sql/query.py", line 1271, in build_lookup
2025-06-15 13:30:53:     lookup = lookup_class(lhs, rhs)
2025-06-15 13:30:53:   File "/root/selambingo3/venv/lib/python3.8/site-packages/django/db/models/lookups.py", line 27, in __init__
2025-06-15 13:30:53:     self.rhs = self.get_prep_lookup()
2025-06-15 13:30:53:   File "/root/selambingo3/venv/lib/python3.8/site-packages/django/db/models/lookups.py", line 341, in get_prep_lookup
2025-06-15 13:30:53:     return super().get_prep_lookup()
2025-06-15 13:30:53:   File "/root/selambingo3/venv/lib/python3.8/site-packages/django/db/models/lookups.py", line 85, in get_prep_lookup
2025-06-15 13:30:53:     return self.lhs.output_field.get_prep_value(self.rhs)
2025-06-15 13:30:53:   File "/root/selambingo3/venv/lib/python3.8/site-packages/django/db/models/fields/__init__.py", line 2057, in get_prep_value
2025-06-15 13:30:53:     raise e.__class__(
2025-06-15 13:30:53: ValueError: Field 'telegram_id' expected a number but got 'add-balance'.
2025-06-15 13:32:46: Not Found: /accounts/filter-users/7611372688/
2025-06-15 13:37:51: Not Found: /accounts/filter-users/7808697803/
2025-06-15 13:43:42: Bad Request: /payments/balance/
2025-06-15 13:46:39: Not Found: /accounts/filter-users/7814163878/
2025-06-15 13:48:13: Not Found: /accounts/filter-users/6500516163/
2025-06-15 13:54:07: Not Found: /accounts/filter-users/8066197263/
2025-06-15 13:56:05: Not Found: /accounts/filter-users/8134204375/
2025-06-15 13:56:24: Bad Request: /payments/balance/
2025-06-15 13:56:52: Bad Request: /accounts/register/
2025-06-15 13:56:58: Not Found: /accounts/filter-users/7566717289/
2025-06-15 14:04:45: Internal Server Error: /payments/wallet/add-balance/
2025-06-15 14:04:45: Traceback (most recent call last):
2025-06-15 14:04:45:   File "/root/selambingo3/venv/lib/python3.8/site-packages/django/db/models/fields/__init__.py", line 2055, in get_prep_value
2025-06-15 14:04:45:     return int(value)
2025-06-15 14:04:45: ValueError: invalid literal for int() with base 10: 'add-balance'
2025-06-15 14:04:45: 
2025-06-15 14:04:45: The above exception was the direct cause of the following exception:
2025-06-15 14:04:45: 
2025-06-15 14:04:45: Traceback (most recent call last):
2025-06-15 14:04:45:   File "/root/selambingo3/venv/lib/python3.8/site-packages/django/core/handlers/exception.py", line 55, in inner
2025-06-15 14:04:45:     response = get_response(request)
2025-06-15 14:04:45:   File "/root/selambingo3/venv/lib/python3.8/site-packages/django/core/handlers/base.py", line 197, in _get_response
2025-06-15 14:04:45:     response = wrapped_callback(request, *callback_args, **callback_kwargs)
2025-06-15 14:04:45:   File "/root/selambingo3/venv/lib/python3.8/site-packages/django/views/decorators/csrf.py", line 56, in wrapper_view
2025-06-15 14:04:45:     return view_func(*args, **kwargs)
2025-06-15 14:04:45:   File "/root/selambingo3/payments/views.py", line 37, in get_wallet
2025-06-15 14:04:45:     telegram_user = TelegramUser.objects.filter(telegram_id=user_id).first()
2025-06-15 14:04:45:   File "/root/selambingo3/venv/lib/python3.8/site-packages/django/db/models/manager.py", line 87, in manager_method
2025-06-15 14:04:45:     return getattr(self.get_queryset(), name)(*args, **kwargs)
2025-06-15 14:04:45:   File "/root/selambingo3/venv/lib/python3.8/site-packages/django/db/models/query.py", line 1436, in filter
2025-06-15 14:04:45:     return self._filter_or_exclude(False, args, kwargs)
2025-06-15 14:04:45:   File "/root/selambingo3/venv/lib/python3.8/site-packages/django/db/models/query.py", line 1454, in _filter_or_exclude
2025-06-15 14:04:45:     clone._filter_or_exclude_inplace(negate, args, kwargs)
2025-06-15 14:04:45:   File "/root/selambingo3/venv/lib/python3.8/site-packages/django/db/models/query.py", line 1461, in _filter_or_exclude_inplace
2025-06-15 14:04:45:     self._query.add_q(Q(*args, **kwargs))
2025-06-15 14:04:45:   File "/root/selambingo3/venv/lib/python3.8/site-packages/django/db/models/sql/query.py", line 1498, in add_q
2025-06-15 14:04:45:     clause, _ = self._add_q(q_object, self.used_aliases)
2025-06-15 14:04:45:   File "/root/selambingo3/venv/lib/python3.8/site-packages/django/db/models/sql/query.py", line 1529, in _add_q
2025-06-15 14:04:45:     child_clause, needed_inner = self.build_filter(
2025-06-15 14:04:45:   File "/root/selambingo3/venv/lib/python3.8/site-packages/django/db/models/sql/query.py", line 1444, in build_filter
2025-06-15 14:04:45:     condition = self.build_lookup(lookups, col, value)
2025-06-15 14:04:45:   File "/root/selambingo3/venv/lib/python3.8/site-packages/django/db/models/sql/query.py", line 1271, in build_lookup
2025-06-15 14:04:45:     lookup = lookup_class(lhs, rhs)
2025-06-15 14:04:45:   File "/root/selambingo3/venv/lib/python3.8/site-packages/django/db/models/lookups.py", line 27, in __init__
2025-06-15 14:04:45:     self.rhs = self.get_prep_lookup()
2025-06-15 14:04:45:   File "/root/selambingo3/venv/lib/python3.8/site-packages/django/db/models/lookups.py", line 341, in get_prep_lookup
2025-06-15 14:04:45:     return super().get_prep_lookup()
2025-06-15 14:04:45:   File "/root/selambingo3/venv/lib/python3.8/site-packages/django/db/models/lookups.py", line 85, in get_prep_lookup
2025-06-15 14:04:45:     return self.lhs.output_field.get_prep_value(self.rhs)
2025-06-15 14:04:45:   File "/root/selambingo3/venv/lib/python3.8/site-packages/django/db/models/fields/__init__.py", line 2057, in get_prep_value
2025-06-15 14:04:45:     raise e.__class__(
2025-06-15 14:04:45: ValueError: Field 'telegram_id' expected a number but got 'add-balance'.
2025-06-15 14:06:41: [2025-06-15 14:06:41 +0000] [206882] [WARNING] Invalid request from ip=88.214.25.125: Invalid HTTP request line: '\x03\x00\x00/*à\x00\x00\x00\x00\x00Cookie: mstshash=Administr'
2025-06-15 14:08:36: Not Found: /accounts/filter-users/8028316992/
2025-06-15 14:08:47: Not Found: /accounts/filter-users/7591727958/
2025-06-15 14:10:20: Bad Request: /payments/balance/
2025-06-15 14:10:21: Not Found: /accounts/filter-users/7808697803/
2025-06-15 14:10:31: Not Found: /accounts/filter-users/7808697803/
2025-06-15 14:10:48: Not Found: /accounts/filter-users/6436908604/
2025-06-15 14:11:14: Not Found: /accounts/filter-users/6294457879/
2025-06-15 14:11:17: Bad Request: /accounts/register/
2025-06-15 14:11:44: Not Found: /accounts/filter-users/7576640282/
2025-06-15 14:12:32: Not Found: /accounts/filter-users/8155647631/
2025-06-15 14:13:07: Internal Server Error: /payments/wallet/add-balance/
2025-06-15 14:13:07: Traceback (most recent call last):
2025-06-15 14:13:07:   File "/root/selambingo3/venv/lib/python3.8/site-packages/django/db/models/fields/__init__.py", line 2055, in get_prep_value
2025-06-15 14:13:07:     return int(value)
2025-06-15 14:13:07: ValueError: invalid literal for int() with base 10: 'add-balance'
2025-06-15 14:13:07: 
2025-06-15 14:13:07: The above exception was the direct cause of the following exception:
2025-06-15 14:13:07: 
2025-06-15 14:13:07: Traceback (most recent call last):
2025-06-15 14:13:07:   File "/root/selambingo3/venv/lib/python3.8/site-packages/django/core/handlers/exception.py", line 55, in inner
2025-06-15 14:13:07:     response = get_response(request)
2025-06-15 14:13:07:   File "/root/selambingo3/venv/lib/python3.8/site-packages/django/core/handlers/base.py", line 197, in _get_response
2025-06-15 14:13:07:     response = wrapped_callback(request, *callback_args, **callback_kwargs)
2025-06-15 14:13:07:   File "/root/selambingo3/venv/lib/python3.8/site-packages/django/views/decorators/csrf.py", line 56, in wrapper_view
2025-06-15 14:13:07:     return view_func(*args, **kwargs)
2025-06-15 14:13:07:   File "/root/selambingo3/payments/views.py", line 37, in get_wallet
2025-06-15 14:13:07:     telegram_user = TelegramUser.objects.filter(telegram_id=user_id).first()
2025-06-15 14:13:07:   File "/root/selambingo3/venv/lib/python3.8/site-packages/django/db/models/manager.py", line 87, in manager_method
2025-06-15 14:13:07:     return getattr(self.get_queryset(), name)(*args, **kwargs)
2025-06-15 14:13:07:   File "/root/selambingo3/venv/lib/python3.8/site-packages/django/db/models/query.py", line 1436, in filter
2025-06-15 14:13:07:     return self._filter_or_exclude(False, args, kwargs)
2025-06-15 14:13:07:   File "/root/selambingo3/venv/lib/python3.8/site-packages/django/db/models/query.py", line 1454, in _filter_or_exclude
2025-06-15 14:13:07:     clone._filter_or_exclude_inplace(negate, args, kwargs)
2025-06-15 14:13:07:   File "/root/selambingo3/venv/lib/python3.8/site-packages/django/db/models/query.py", line 1461, in _filter_or_exclude_inplace
2025-06-15 14:13:07:     self._query.add_q(Q(*args, **kwargs))
2025-06-15 14:13:07:   File "/root/selambingo3/venv/lib/python3.8/site-packages/django/db/models/sql/query.py", line 1498, in add_q
2025-06-15 14:13:07:     clause, _ = self._add_q(q_object, self.used_aliases)
2025-06-15 14:13:07:   File "/root/selambingo3/venv/lib/python3.8/site-packages/django/db/models/sql/query.py", line 1529, in _add_q
2025-06-15 14:13:07:     child_clause, needed_inner = self.build_filter(
2025-06-15 14:13:07:   File "/root/selambingo3/venv/lib/python3.8/site-packages/django/db/models/sql/query.py", line 1444, in build_filter
2025-06-15 14:13:07:     condition = self.build_lookup(lookups, col, value)
2025-06-15 14:13:07:   File "/root/selambingo3/venv/lib/python3.8/site-packages/django/db/models/sql/query.py", line 1271, in build_lookup
2025-06-15 14:13:07:     lookup = lookup_class(lhs, rhs)
2025-06-15 14:13:07:   File "/root/selambingo3/venv/lib/python3.8/site-packages/django/db/models/lookups.py", line 27, in __init__
2025-06-15 14:13:07:     self.rhs = self.get_prep_lookup()
2025-06-15 14:13:07:   File "/root/selambingo3/venv/lib/python3.8/site-packages/django/db/models/lookups.py", line 341, in get_prep_lookup
2025-06-15 14:13:07:     return super().get_prep_lookup()
2025-06-15 14:13:07:   File "/root/selambingo3/venv/lib/python3.8/site-packages/django/db/models/lookups.py", line 85, in get_prep_lookup
2025-06-15 14:13:07:     return self.lhs.output_field.get_prep_value(self.rhs)
2025-06-15 14:13:07:   File "/root/selambingo3/venv/lib/python3.8/site-packages/django/db/models/fields/__init__.py", line 2057, in get_prep_value
2025-06-15 14:13:07:     raise e.__class__(
2025-06-15 14:13:07: ValueError: Field 'telegram_id' expected a number but got 'add-balance'.
2025-06-15 14:19:49: Not Found: /accounts/filter-users/7568430156/
2025-06-15 14:20:01: Bad Request: /payments/balance/
2025-06-15 14:20:13: Internal Server Error: /payments/wallet/add-balance/
2025-06-15 14:20:13: Traceback (most recent call last):
2025-06-15 14:20:13:   File "/root/selambingo3/venv/lib/python3.8/site-packages/django/db/models/fields/__init__.py", line 2055, in get_prep_value
2025-06-15 14:20:13:     return int(value)
2025-06-15 14:20:13: ValueError: invalid literal for int() with base 10: 'add-balance'
2025-06-15 14:20:13: 
2025-06-15 14:20:13: The above exception was the direct cause of the following exception:
2025-06-15 14:20:13: 
2025-06-15 14:20:13: Traceback (most recent call last):
2025-06-15 14:20:13:   File "/root/selambingo3/venv/lib/python3.8/site-packages/django/core/handlers/exception.py", line 55, in inner
2025-06-15 14:20:13:     response = get_response(request)
2025-06-15 14:20:13:   File "/root/selambingo3/venv/lib/python3.8/site-packages/django/core/handlers/base.py", line 197, in _get_response
2025-06-15 14:20:13:     response = wrapped_callback(request, *callback_args, **callback_kwargs)
2025-06-15 14:20:13:   File "/root/selambingo3/venv/lib/python3.8/site-packages/django/views/decorators/csrf.py", line 56, in wrapper_view
2025-06-15 14:20:13:     return view_func(*args, **kwargs)
2025-06-15 14:20:13:   File "/root/selambingo3/payments/views.py", line 37, in get_wallet
2025-06-15 14:20:13:     telegram_user = TelegramUser.objects.filter(telegram_id=user_id).first()
2025-06-15 14:20:13:   File "/root/selambingo3/venv/lib/python3.8/site-packages/django/db/models/manager.py", line 87, in manager_method
2025-06-15 14:20:13:     return getattr(self.get_queryset(), name)(*args, **kwargs)
2025-06-15 14:20:13:   File "/root/selambingo3/venv/lib/python3.8/site-packages/django/db/models/query.py", line 1436, in filter
2025-06-15 14:20:13:     return self._filter_or_exclude(False, args, kwargs)
2025-06-15 14:20:13:   File "/root/selambingo3/venv/lib/python3.8/site-packages/django/db/models/query.py", line 1454, in _filter_or_exclude
2025-06-15 14:20:13:     clone._filter_or_exclude_inplace(negate, args, kwargs)
2025-06-15 14:20:13:   File "/root/selambingo3/venv/lib/python3.8/site-packages/django/db/models/query.py", line 1461, in _filter_or_exclude_inplace
2025-06-15 14:20:13:     self._query.add_q(Q(*args, **kwargs))
2025-06-15 14:20:13:   File "/root/selambingo3/venv/lib/python3.8/site-packages/django/db/models/sql/query.py", line 1498, in add_q
2025-06-15 14:20:13:     clause, _ = self._add_q(q_object, self.used_aliases)
2025-06-15 14:20:13:   File "/root/selambingo3/venv/lib/python3.8/site-packages/django/db/models/sql/query.py", line 1529, in _add_q
2025-06-15 14:20:13:     child_clause, needed_inner = self.build_filter(
2025-06-15 14:20:13:   File "/root/selambingo3/venv/lib/python3.8/site-packages/django/db/models/sql/query.py", line 1444, in build_filter
2025-06-15 14:20:13:     condition = self.build_lookup(lookups, col, value)
2025-06-15 14:20:13:   File "/root/selambingo3/venv/lib/python3.8/site-packages/django/db/models/sql/query.py", line 1271, in build_lookup
2025-06-15 14:20:13:     lookup = lookup_class(lhs, rhs)
2025-06-15 14:20:13:   File "/root/selambingo3/venv/lib/python3.8/site-packages/django/db/models/lookups.py", line 27, in __init__
2025-06-15 14:20:13:     self.rhs = self.get_prep_lookup()
2025-06-15 14:20:13:   File "/root/selambingo3/venv/lib/python3.8/site-packages/django/db/models/lookups.py", line 341, in get_prep_lookup
2025-06-15 14:20:13:     return super().get_prep_lookup()
2025-06-15 14:20:13:   File "/root/selambingo3/venv/lib/python3.8/site-packages/django/db/models/lookups.py", line 85, in get_prep_lookup
2025-06-15 14:20:13:     return self.lhs.output_field.get_prep_value(self.rhs)
2025-06-15 14:20:13:   File "/root/selambingo3/venv/lib/python3.8/site-packages/django/db/models/fields/__init__.py", line 2057, in get_prep_value
2025-06-15 14:20:13:     raise e.__class__(
2025-06-15 14:20:13: ValueError: Field 'telegram_id' expected a number but got 'add-balance'.
2025-06-15 14:23:26: Not Found: /accounts/filter-users/5827488453/
2025-06-15 14:27:13: Not Found: /accounts/filter-users/6296277831/
2025-06-15 14:28:29: Internal Server Error: /payments/wallet/add-balance/
2025-06-15 14:28:29: Traceback (most recent call last):
2025-06-15 14:28:29:   File "/root/selambingo3/venv/lib/python3.8/site-packages/django/db/models/fields/__init__.py", line 2055, in get_prep_value
2025-06-15 14:28:29:     return int(value)
2025-06-15 14:28:29: ValueError: invalid literal for int() with base 10: 'add-balance'
2025-06-15 14:28:29: 
2025-06-15 14:28:29: The above exception was the direct cause of the following exception:
2025-06-15 14:28:29: 
2025-06-15 14:28:29: Traceback (most recent call last):
2025-06-15 14:28:29:   File "/root/selambingo3/venv/lib/python3.8/site-packages/django/core/handlers/exception.py", line 55, in inner
2025-06-15 14:28:29:     response = get_response(request)
2025-06-15 14:28:29:   File "/root/selambingo3/venv/lib/python3.8/site-packages/django/core/handlers/base.py", line 197, in _get_response
2025-06-15 14:28:29:     response = wrapped_callback(request, *callback_args, **callback_kwargs)
2025-06-15 14:28:29:   File "/root/selambingo3/venv/lib/python3.8/site-packages/django/views/decorators/csrf.py", line 56, in wrapper_view
2025-06-15 14:28:29:     return view_func(*args, **kwargs)
2025-06-15 14:28:29:   File "/root/selambingo3/payments/views.py", line 37, in get_wallet
2025-06-15 14:28:29:     telegram_user = TelegramUser.objects.filter(telegram_id=user_id).first()
2025-06-15 14:28:29:   File "/root/selambingo3/venv/lib/python3.8/site-packages/django/db/models/manager.py", line 87, in manager_method
2025-06-15 14:28:29:     return getattr(self.get_queryset(), name)(*args, **kwargs)
2025-06-15 14:28:29:   File "/root/selambingo3/venv/lib/python3.8/site-packages/django/db/models/query.py", line 1436, in filter
2025-06-15 14:28:29:     return self._filter_or_exclude(False, args, kwargs)
2025-06-15 14:28:29:   File "/root/selambingo3/venv/lib/python3.8/site-packages/django/db/models/query.py", line 1454, in _filter_or_exclude
2025-06-15 14:28:29:     clone._filter_or_exclude_inplace(negate, args, kwargs)
2025-06-15 14:28:29:   File "/root/selambingo3/venv/lib/python3.8/site-packages/django/db/models/query.py", line 1461, in _filter_or_exclude_inplace
2025-06-15 14:28:29:     self._query.add_q(Q(*args, **kwargs))
2025-06-15 14:28:29:   File "/root/selambingo3/venv/lib/python3.8/site-packages/django/db/models/sql/query.py", line 1498, in add_q
2025-06-15 14:28:29:     clause, _ = self._add_q(q_object, self.used_aliases)
2025-06-15 14:28:29:   File "/root/selambingo3/venv/lib/python3.8/site-packages/django/db/models/sql/query.py", line 1529, in _add_q
2025-06-15 14:28:29:     child_clause, needed_inner = self.build_filter(
2025-06-15 14:28:29:   File "/root/selambingo3/venv/lib/python3.8/site-packages/django/db/models/sql/query.py", line 1444, in build_filter
2025-06-15 14:28:29:     condition = self.build_lookup(lookups, col, value)
2025-06-15 14:28:29:   File "/root/selambingo3/venv/lib/python3.8/site-packages/django/db/models/sql/query.py", line 1271, in build_lookup
2025-06-15 14:28:29:     lookup = lookup_class(lhs, rhs)
2025-06-15 14:28:29:   File "/root/selambingo3/venv/lib/python3.8/site-packages/django/db/models/lookups.py", line 27, in __init__
2025-06-15 14:28:29:     self.rhs = self.get_prep_lookup()
2025-06-15 14:28:29:   File "/root/selambingo3/venv/lib/python3.8/site-packages/django/db/models/lookups.py", line 341, in get_prep_lookup
2025-06-15 14:28:29:     return super().get_prep_lookup()
2025-06-15 14:28:29:   File "/root/selambingo3/venv/lib/python3.8/site-packages/django/db/models/lookups.py", line 85, in get_prep_lookup
2025-06-15 14:28:29:     return self.lhs.output_field.get_prep_value(self.rhs)
2025-06-15 14:28:29:   File "/root/selambingo3/venv/lib/python3.8/site-packages/django/db/models/fields/__init__.py", line 2057, in get_prep_value
2025-06-15 14:28:29:     raise e.__class__(
2025-06-15 14:28:29: ValueError: Field 'telegram_id' expected a number but got 'add-balance'.
2025-06-15 14:34:56: Not Found: /accounts/filter-users/7829961827/
2025-06-15 14:35:15: Not Found: /accounts/filter-users/6740712281/
2025-06-15 14:36:26: Not Found: /accounts/filter-users/7634038881/
2025-06-15 14:42:41: Not Found: /accounts/filter-users/7557919156/
2025-06-15 14:42:49: Bad Request: /payments/balance/
2025-06-15 14:42:53: Not Found: /accounts/filter-users/7557919156/
2025-06-15 14:43:31: Not Found: /accounts/filter-users/7557919156/
2025-06-15 14:47:03: Not Found: /accounts/filter-users/7617982181/
2025-06-15 14:50:22: Not Found: /accounts/filter-users/7257282760/
2025-06-15 14:51:03: Bad Request: /payments/balance/
2025-06-15 14:51:05: Not Found: /accounts/filter-users/7088770429/
2025-06-15 14:51:15: Bad Request: /payments/balance/
2025-06-15 14:51:17: Not Found: /accounts/filter-users/7088770429/
2025-06-15 14:51:23: Not Found: /accounts/filter-users/7088770429/
2025-06-15 14:51:31: Internal Server Error: /payments/wallet/add-balance/
2025-06-15 14:51:31: Traceback (most recent call last):
2025-06-15 14:51:31:   File "/root/selambingo3/venv/lib/python3.8/site-packages/django/db/models/fields/__init__.py", line 2055, in get_prep_value
2025-06-15 14:51:31:     return int(value)
2025-06-15 14:51:31: ValueError: invalid literal for int() with base 10: 'add-balance'
2025-06-15 14:51:31: 
2025-06-15 14:51:31: The above exception was the direct cause of the following exception:
2025-06-15 14:51:31: 
2025-06-15 14:51:31: Traceback (most recent call last):
2025-06-15 14:51:31:   File "/root/selambingo3/venv/lib/python3.8/site-packages/django/core/handlers/exception.py", line 55, in inner
2025-06-15 14:51:31:     response = get_response(request)
2025-06-15 14:51:31:   File "/root/selambingo3/venv/lib/python3.8/site-packages/django/core/handlers/base.py", line 197, in _get_response
2025-06-15 14:51:31:     response = wrapped_callback(request, *callback_args, **callback_kwargs)
2025-06-15 14:51:31:   File "/root/selambingo3/venv/lib/python3.8/site-packages/django/views/decorators/csrf.py", line 56, in wrapper_view
2025-06-15 14:51:31:     return view_func(*args, **kwargs)
2025-06-15 14:51:31:   File "/root/selambingo3/payments/views.py", line 37, in get_wallet
2025-06-15 14:51:31:     telegram_user = TelegramUser.objects.filter(telegram_id=user_id).first()
2025-06-15 14:51:31:   File "/root/selambingo3/venv/lib/python3.8/site-packages/django/db/models/manager.py", line 87, in manager_method
2025-06-15 14:51:31:     return getattr(self.get_queryset(), name)(*args, **kwargs)
2025-06-15 14:51:31:   File "/root/selambingo3/venv/lib/python3.8/site-packages/django/db/models/query.py", line 1436, in filter
2025-06-15 14:51:31:     return self._filter_or_exclude(False, args, kwargs)
2025-06-15 14:51:31:   File "/root/selambingo3/venv/lib/python3.8/site-packages/django/db/models/query.py", line 1454, in _filter_or_exclude
2025-06-15 14:51:31:     clone._filter_or_exclude_inplace(negate, args, kwargs)
2025-06-15 14:51:31:   File "/root/selambingo3/venv/lib/python3.8/site-packages/django/db/models/query.py", line 1461, in _filter_or_exclude_inplace
2025-06-15 14:51:31:     self._query.add_q(Q(*args, **kwargs))
2025-06-15 14:51:31:   File "/root/selambingo3/venv/lib/python3.8/site-packages/django/db/models/sql/query.py", line 1498, in add_q
2025-06-15 14:51:31:     clause, _ = self._add_q(q_object, self.used_aliases)
2025-06-15 14:51:31:   File "/root/selambingo3/venv/lib/python3.8/site-packages/django/db/models/sql/query.py", line 1529, in _add_q
2025-06-15 14:51:31:     child_clause, needed_inner = self.build_filter(
2025-06-15 14:51:31:   File "/root/selambingo3/venv/lib/python3.8/site-packages/django/db/models/sql/query.py", line 1444, in build_filter
2025-06-15 14:51:31:     condition = self.build_lookup(lookups, col, value)
2025-06-15 14:51:31:   File "/root/selambingo3/venv/lib/python3.8/site-packages/django/db/models/sql/query.py", line 1271, in build_lookup
2025-06-15 14:51:31:     lookup = lookup_class(lhs, rhs)
2025-06-15 14:51:31:   File "/root/selambingo3/venv/lib/python3.8/site-packages/django/db/models/lookups.py", line 27, in __init__
2025-06-15 14:51:31:     self.rhs = self.get_prep_lookup()
2025-06-15 14:51:31:   File "/root/selambingo3/venv/lib/python3.8/site-packages/django/db/models/lookups.py", line 341, in get_prep_lookup
2025-06-15 14:51:31:     return super().get_prep_lookup()
2025-06-15 14:51:31:   File "/root/selambingo3/venv/lib/python3.8/site-packages/django/db/models/lookups.py", line 85, in get_prep_lookup
2025-06-15 14:51:31:     return self.lhs.output_field.get_prep_value(self.rhs)
2025-06-15 14:51:31:   File "/root/selambingo3/venv/lib/python3.8/site-packages/django/db/models/fields/__init__.py", line 2057, in get_prep_value
2025-06-15 14:51:31:     raise e.__class__(
2025-06-15 14:51:31: ValueError: Field 'telegram_id' expected a number but got 'add-balance'.
2025-06-15 14:51:42: Not Found: /accounts/filter-users/8141673484/
2025-06-15 14:52:26: Internal Server Error: /payments/wallet/add-balance/
2025-06-15 14:52:26: Traceback (most recent call last):
2025-06-15 14:52:26:   File "/root/selambingo3/venv/lib/python3.8/site-packages/django/db/models/fields/__init__.py", line 2055, in get_prep_value
2025-06-15 14:52:26:     return int(value)
2025-06-15 14:52:26: ValueError: invalid literal for int() with base 10: 'add-balance'
2025-06-15 14:52:26: 
2025-06-15 14:52:26: The above exception was the direct cause of the following exception:
2025-06-15 14:52:26: 
2025-06-15 14:52:26: Traceback (most recent call last):
2025-06-15 14:52:26:   File "/root/selambingo3/venv/lib/python3.8/site-packages/django/core/handlers/exception.py", line 55, in inner
2025-06-15 14:52:26:     response = get_response(request)
2025-06-15 14:52:26:   File "/root/selambingo3/venv/lib/python3.8/site-packages/django/core/handlers/base.py", line 197, in _get_response
2025-06-15 14:52:26:     response = wrapped_callback(request, *callback_args, **callback_kwargs)
2025-06-15 14:52:26:   File "/root/selambingo3/venv/lib/python3.8/site-packages/django/views/decorators/csrf.py", line 56, in wrapper_view
2025-06-15 14:52:26:     return view_func(*args, **kwargs)
2025-06-15 14:52:26:   File "/root/selambingo3/payments/views.py", line 37, in get_wallet
2025-06-15 14:52:26:     telegram_user = TelegramUser.objects.filter(telegram_id=user_id).first()
2025-06-15 14:52:26:   File "/root/selambingo3/venv/lib/python3.8/site-packages/django/db/models/manager.py", line 87, in manager_method
2025-06-15 14:52:26:     return getattr(self.get_queryset(), name)(*args, **kwargs)
2025-06-15 14:52:26:   File "/root/selambingo3/venv/lib/python3.8/site-packages/django/db/models/query.py", line 1436, in filter
2025-06-15 14:52:26:     return self._filter_or_exclude(False, args, kwargs)
2025-06-15 14:52:26:   File "/root/selambingo3/venv/lib/python3.8/site-packages/django/db/models/query.py", line 1454, in _filter_or_exclude
2025-06-15 14:52:26:     clone._filter_or_exclude_inplace(negate, args, kwargs)
2025-06-15 14:52:26:   File "/root/selambingo3/venv/lib/python3.8/site-packages/django/db/models/query.py", line 1461, in _filter_or_exclude_inplace
2025-06-15 14:52:26:     self._query.add_q(Q(*args, **kwargs))
2025-06-15 14:52:26:   File "/root/selambingo3/venv/lib/python3.8/site-packages/django/db/models/sql/query.py", line 1498, in add_q
2025-06-15 14:52:26:     clause, _ = self._add_q(q_object, self.used_aliases)
2025-06-15 14:52:26:   File "/root/selambingo3/venv/lib/python3.8/site-packages/django/db/models/sql/query.py", line 1529, in _add_q
2025-06-15 14:52:26:     child_clause, needed_inner = self.build_filter(
2025-06-15 14:52:26:   File "/root/selambingo3/venv/lib/python3.8/site-packages/django/db/models/sql/query.py", line 1444, in build_filter
2025-06-15 14:52:26:     condition = self.build_lookup(lookups, col, value)
2025-06-15 14:52:26:   File "/root/selambingo3/venv/lib/python3.8/site-packages/django/db/models/sql/query.py", line 1271, in build_lookup
2025-06-15 14:52:26:     lookup = lookup_class(lhs, rhs)
2025-06-15 14:52:26:   File "/root/selambingo3/venv/lib/python3.8/site-packages/django/db/models/lookups.py", line 27, in __init__
2025-06-15 14:52:26:     self.rhs = self.get_prep_lookup()
2025-06-15 14:52:26:   File "/root/selambingo3/venv/lib/python3.8/site-packages/django/db/models/lookups.py", line 341, in get_prep_lookup
2025-06-15 14:52:26:     return super().get_prep_lookup()
2025-06-15 14:52:26:   File "/root/selambingo3/venv/lib/python3.8/site-packages/django/db/models/lookups.py", line 85, in get_prep_lookup
2025-06-15 14:52:26:     return self.lhs.output_field.get_prep_value(self.rhs)
2025-06-15 14:52:26:   File "/root/selambingo3/venv/lib/python3.8/site-packages/django/db/models/fields/__init__.py", line 2057, in get_prep_value
2025-06-15 14:52:26:     raise e.__class__(
2025-06-15 14:52:26: ValueError: Field 'telegram_id' expected a number but got 'add-balance'.
2025-06-15 14:52:53: Internal Server Error: /payments/wallet/add-balance/
2025-06-15 14:52:53: Traceback (most recent call last):
2025-06-15 14:52:53:   File "/root/selambingo3/venv/lib/python3.8/site-packages/django/db/models/fields/__init__.py", line 2055, in get_prep_value
2025-06-15 14:52:53:     return int(value)
2025-06-15 14:52:53: ValueError: invalid literal for int() with base 10: 'add-balance'
2025-06-15 14:52:53: 
2025-06-15 14:52:53: The above exception was the direct cause of the following exception:
2025-06-15 14:52:53: 
2025-06-15 14:52:53: Traceback (most recent call last):
2025-06-15 14:52:53:   File "/root/selambingo3/venv/lib/python3.8/site-packages/django/core/handlers/exception.py", line 55, in inner
2025-06-15 14:52:53:     response = get_response(request)
2025-06-15 14:52:53:   File "/root/selambingo3/venv/lib/python3.8/site-packages/django/core/handlers/base.py", line 197, in _get_response
2025-06-15 14:52:53:     response = wrapped_callback(request, *callback_args, **callback_kwargs)
2025-06-15 14:52:53:   File "/root/selambingo3/venv/lib/python3.8/site-packages/django/views/decorators/csrf.py", line 56, in wrapper_view
2025-06-15 14:52:53:     return view_func(*args, **kwargs)
2025-06-15 14:52:53:   File "/root/selambingo3/payments/views.py", line 37, in get_wallet
2025-06-15 14:52:53:     telegram_user = TelegramUser.objects.filter(telegram_id=user_id).first()
2025-06-15 14:52:53:   File "/root/selambingo3/venv/lib/python3.8/site-packages/django/db/models/manager.py", line 87, in manager_method
2025-06-15 14:52:53:     return getattr(self.get_queryset(), name)(*args, **kwargs)
2025-06-15 14:52:53:   File "/root/selambingo3/venv/lib/python3.8/site-packages/django/db/models/query.py", line 1436, in filter
2025-06-15 14:52:53:     return self._filter_or_exclude(False, args, kwargs)
2025-06-15 14:52:53:   File "/root/selambingo3/venv/lib/python3.8/site-packages/django/db/models/query.py", line 1454, in _filter_or_exclude
2025-06-15 14:52:53:     clone._filter_or_exclude_inplace(negate, args, kwargs)
2025-06-15 14:52:53:   File "/root/selambingo3/venv/lib/python3.8/site-packages/django/db/models/query.py", line 1461, in _filter_or_exclude_inplace
2025-06-15 14:52:53:     self._query.add_q(Q(*args, **kwargs))
2025-06-15 14:52:53:   File "/root/selambingo3/venv/lib/python3.8/site-packages/django/db/models/sql/query.py", line 1498, in add_q
2025-06-15 14:52:53:     clause, _ = self._add_q(q_object, self.used_aliases)
2025-06-15 14:52:53:   File "/root/selambingo3/venv/lib/python3.8/site-packages/django/db/models/sql/query.py", line 1529, in _add_q
2025-06-15 14:52:53:     child_clause, needed_inner = self.build_filter(
2025-06-15 14:52:53:   File "/root/selambingo3/venv/lib/python3.8/site-packages/django/db/models/sql/query.py", line 1444, in build_filter
2025-06-15 14:52:53:     condition = self.build_lookup(lookups, col, value)
2025-06-15 14:52:53:   File "/root/selambingo3/venv/lib/python3.8/site-packages/django/db/models/sql/query.py", line 1271, in build_lookup
2025-06-15 14:52:53:     lookup = lookup_class(lhs, rhs)
2025-06-15 14:52:53:   File "/root/selambingo3/venv/lib/python3.8/site-packages/django/db/models/lookups.py", line 27, in __init__
2025-06-15 14:52:53:     self.rhs = self.get_prep_lookup()
2025-06-15 14:52:53:   File "/root/selambingo3/venv/lib/python3.8/site-packages/django/db/models/lookups.py", line 341, in get_prep_lookup
2025-06-15 14:52:53:     return super().get_prep_lookup()
2025-06-15 14:52:53:   File "/root/selambingo3/venv/lib/python3.8/site-packages/django/db/models/lookups.py", line 85, in get_prep_lookup
2025-06-15 14:52:53:     return self.lhs.output_field.get_prep_value(self.rhs)
2025-06-15 14:52:53:   File "/root/selambingo3/venv/lib/python3.8/site-packages/django/db/models/fields/__init__.py", line 2057, in get_prep_value
2025-06-15 14:52:53:     raise e.__class__(
2025-06-15 14:52:53: ValueError: Field 'telegram_id' expected a number but got 'add-balance'.
2025-06-15 14:53:17: Not Found: /accounts/filter-users/7745493633/
2025-06-15 14:54:52: Not Found: /accounts/filter-users/6482898132/
2025-06-15 14:55:12: Not Found: /accounts/filter-users/6482898132/
2025-06-15 14:55:43: Not Found: /accounts/filter-users/7678059943/
2025-06-15 14:55:59: Not Found: /accounts/filter-users/7727538085/
2025-06-15 14:57:13: Not Found: /accounts/filter-users/8019413489/
2025-06-15 14:58:49: Not Found: /accounts/filter-users/479093627/
2025-06-15 14:59:08: Internal Server Error: /payments/message/
2025-06-15 14:59:08: Traceback (most recent call last):
2025-06-15 14:59:08:   File "/root/selambingo3/venv/lib/python3.8/site-packages/django/core/handlers/exception.py", line 55, in inner
2025-06-15 14:59:08:     response = get_response(request)
2025-06-15 14:59:08:   File "/root/selambingo3/venv/lib/python3.8/site-packages/django/core/handlers/base.py", line 197, in _get_response
2025-06-15 14:59:08:     response = wrapped_callback(request, *callback_args, **callback_kwargs)
2025-06-15 14:59:08:   File "/root/selambingo3/venv/lib/python3.8/site-packages/django/views/decorators/csrf.py", line 56, in wrapper_view
2025-06-15 14:59:08:     return view_func(*args, **kwargs)
2025-06-15 14:59:08:   File "/root/selambingo3/payments/views.py", line 415, in deposit_message
2025-06-15 14:59:08:     transaction_number = transaction_match.group(1)
2025-06-15 14:59:08: AttributeError: 'NoneType' object has no attribute 'group'
2025-06-15 14:59:12: Internal Server Error: /payments/message/
2025-06-15 14:59:12: Traceback (most recent call last):
2025-06-15 14:59:12:   File "/root/selambingo3/venv/lib/python3.8/site-packages/django/core/handlers/exception.py", line 55, in inner
2025-06-15 14:59:12:     response = get_response(request)
2025-06-15 14:59:12:   File "/root/selambingo3/venv/lib/python3.8/site-packages/django/core/handlers/base.py", line 197, in _get_response
2025-06-15 14:59:12:     response = wrapped_callback(request, *callback_args, **callback_kwargs)
2025-06-15 14:59:12:   File "/root/selambingo3/venv/lib/python3.8/site-packages/django/views/decorators/csrf.py", line 56, in wrapper_view
2025-06-15 14:59:12:     return view_func(*args, **kwargs)
2025-06-15 14:59:12:   File "/root/selambingo3/payments/views.py", line 415, in deposit_message
2025-06-15 14:59:12:     transaction_number = transaction_match.group(1)
2025-06-15 14:59:12: AttributeError: 'NoneType' object has no attribute 'group'
2025-06-15 14:59:15: Internal Server Error: /payments/message/
2025-06-15 14:59:15: Traceback (most recent call last):
2025-06-15 14:59:15:   File "/root/selambingo3/venv/lib/python3.8/site-packages/django/core/handlers/exception.py", line 55, in inner
2025-06-15 14:59:15:     response = get_response(request)
2025-06-15 14:59:15:   File "/root/selambingo3/venv/lib/python3.8/site-packages/django/core/handlers/base.py", line 197, in _get_response
2025-06-15 14:59:15:     response = wrapped_callback(request, *callback_args, **callback_kwargs)
2025-06-15 14:59:15:   File "/root/selambingo3/venv/lib/python3.8/site-packages/django/views/decorators/csrf.py", line 56, in wrapper_view
2025-06-15 14:59:15:     return view_func(*args, **kwargs)
2025-06-15 14:59:15:   File "/root/selambingo3/payments/views.py", line 415, in deposit_message
2025-06-15 14:59:15:     transaction_number = transaction_match.group(1)
2025-06-15 14:59:15: AttributeError: 'NoneType' object has no attribute 'group'
2025-06-15 14:59:19: Internal Server Error: /payments/message/
2025-06-15 14:59:19: Traceback (most recent call last):
2025-06-15 14:59:19:   File "/root/selambingo3/venv/lib/python3.8/site-packages/django/core/handlers/exception.py", line 55, in inner
2025-06-15 14:59:19:     response = get_response(request)
2025-06-15 14:59:19:   File "/root/selambingo3/venv/lib/python3.8/site-packages/django/core/handlers/base.py", line 197, in _get_response
2025-06-15 14:59:19:     response = wrapped_callback(request, *callback_args, **callback_kwargs)
2025-06-15 14:59:19:   File "/root/selambingo3/venv/lib/python3.8/site-packages/django/views/decorators/csrf.py", line 56, in wrapper_view
2025-06-15 14:59:19:     return view_func(*args, **kwargs)
2025-06-15 14:59:19:   File "/root/selambingo3/payments/views.py", line 415, in deposit_message
2025-06-15 14:59:19:     transaction_number = transaction_match.group(1)
2025-06-15 14:59:19: AttributeError: 'NoneType' object has no attribute 'group'
2025-06-15 14:59:23: Internal Server Error: /payments/message/
2025-06-15 14:59:23: Traceback (most recent call last):
2025-06-15 14:59:23:   File "/root/selambingo3/venv/lib/python3.8/site-packages/django/core/handlers/exception.py", line 55, in inner
2025-06-15 14:59:23:     response = get_response(request)
2025-06-15 14:59:23:   File "/root/selambingo3/venv/lib/python3.8/site-packages/django/core/handlers/base.py", line 197, in _get_response
2025-06-15 14:59:23:     response = wrapped_callback(request, *callback_args, **callback_kwargs)
2025-06-15 14:59:23:   File "/root/selambingo3/venv/lib/python3.8/site-packages/django/views/decorators/csrf.py", line 56, in wrapper_view
2025-06-15 14:59:23:     return view_func(*args, **kwargs)
2025-06-15 14:59:23:   File "/root/selambingo3/payments/views.py", line 415, in deposit_message
2025-06-15 14:59:23:     transaction_number = transaction_match.group(1)
2025-06-15 14:59:23: AttributeError: 'NoneType' object has no attribute 'group'
2025-06-15 15:00:43: Not Found: /accounts/filter-users/1011928673/
2025-06-15 15:01:24: Internal Server Error: /payments/wallet/add-balance/
2025-06-15 15:01:24: Traceback (most recent call last):
2025-06-15 15:01:24:   File "/root/selambingo3/venv/lib/python3.8/site-packages/django/db/models/fields/__init__.py", line 2055, in get_prep_value
2025-06-15 15:01:24:     return int(value)
2025-06-15 15:01:24: ValueError: invalid literal for int() with base 10: 'add-balance'
2025-06-15 15:01:24: 
2025-06-15 15:01:24: The above exception was the direct cause of the following exception:
2025-06-15 15:01:24: 
2025-06-15 15:01:24: Traceback (most recent call last):
2025-06-15 15:01:24:   File "/root/selambingo3/venv/lib/python3.8/site-packages/django/core/handlers/exception.py", line 55, in inner
2025-06-15 15:01:24:     response = get_response(request)
2025-06-15 15:01:24:   File "/root/selambingo3/venv/lib/python3.8/site-packages/django/core/handlers/base.py", line 197, in _get_response
2025-06-15 15:01:24:     response = wrapped_callback(request, *callback_args, **callback_kwargs)
2025-06-15 15:01:24:   File "/root/selambingo3/venv/lib/python3.8/site-packages/django/views/decorators/csrf.py", line 56, in wrapper_view
2025-06-15 15:01:24:     return view_func(*args, **kwargs)
2025-06-15 15:01:24:   File "/root/selambingo3/payments/views.py", line 37, in get_wallet
2025-06-15 15:01:24:     telegram_user = TelegramUser.objects.filter(telegram_id=user_id).first()
2025-06-15 15:01:24:   File "/root/selambingo3/venv/lib/python3.8/site-packages/django/db/models/manager.py", line 87, in manager_method
2025-06-15 15:01:24:     return getattr(self.get_queryset(), name)(*args, **kwargs)
2025-06-15 15:01:24:   File "/root/selambingo3/venv/lib/python3.8/site-packages/django/db/models/query.py", line 1436, in filter
2025-06-15 15:01:24:     return self._filter_or_exclude(False, args, kwargs)
2025-06-15 15:01:24:   File "/root/selambingo3/venv/lib/python3.8/site-packages/django/db/models/query.py", line 1454, in _filter_or_exclude
2025-06-15 15:01:24:     clone._filter_or_exclude_inplace(negate, args, kwargs)
2025-06-15 15:01:24:   File "/root/selambingo3/venv/lib/python3.8/site-packages/django/db/models/query.py", line 1461, in _filter_or_exclude_inplace
2025-06-15 15:01:24:     self._query.add_q(Q(*args, **kwargs))
2025-06-15 15:01:24:   File "/root/selambingo3/venv/lib/python3.8/site-packages/django/db/models/sql/query.py", line 1498, in add_q
2025-06-15 15:01:24:     clause, _ = self._add_q(q_object, self.used_aliases)
2025-06-15 15:01:24:   File "/root/selambingo3/venv/lib/python3.8/site-packages/django/db/models/sql/query.py", line 1529, in _add_q
2025-06-15 15:01:24:     child_clause, needed_inner = self.build_filter(
2025-06-15 15:01:24:   File "/root/selambingo3/venv/lib/python3.8/site-packages/django/db/models/sql/query.py", line 1444, in build_filter
2025-06-15 15:01:24:     condition = self.build_lookup(lookups, col, value)
2025-06-15 15:01:24:   File "/root/selambingo3/venv/lib/python3.8/site-packages/django/db/models/sql/query.py", line 1271, in build_lookup
2025-06-15 15:01:24:     lookup = lookup_class(lhs, rhs)
2025-06-15 15:01:24:   File "/root/selambingo3/venv/lib/python3.8/site-packages/django/db/models/lookups.py", line 27, in __init__
2025-06-15 15:01:24:     self.rhs = self.get_prep_lookup()
2025-06-15 15:01:24:   File "/root/selambingo3/venv/lib/python3.8/site-packages/django/db/models/lookups.py", line 341, in get_prep_lookup
2025-06-15 15:01:24:     return super().get_prep_lookup()
2025-06-15 15:01:24:   File "/root/selambingo3/venv/lib/python3.8/site-packages/django/db/models/lookups.py", line 85, in get_prep_lookup
2025-06-15 15:01:24:     return self.lhs.output_field.get_prep_value(self.rhs)
2025-06-15 15:01:24:   File "/root/selambingo3/venv/lib/python3.8/site-packages/django/db/models/fields/__init__.py", line 2057, in get_prep_value
2025-06-15 15:01:24:     raise e.__class__(
2025-06-15 15:01:24: ValueError: Field 'telegram_id' expected a number but got 'add-balance'.
2025-06-15 15:03:25: Internal Server Error: /payments/wallet/add-balance/
2025-06-15 15:03:25: Traceback (most recent call last):
2025-06-15 15:03:25:   File "/root/selambingo3/venv/lib/python3.8/site-packages/django/db/models/fields/__init__.py", line 2055, in get_prep_value
2025-06-15 15:03:25:     return int(value)
2025-06-15 15:03:25: ValueError: invalid literal for int() with base 10: 'add-balance'
2025-06-15 15:03:25: 
2025-06-15 15:03:25: The above exception was the direct cause of the following exception:
2025-06-15 15:03:25: 
2025-06-15 15:03:25: Traceback (most recent call last):
2025-06-15 15:03:25:   File "/root/selambingo3/venv/lib/python3.8/site-packages/django/core/handlers/exception.py", line 55, in inner
2025-06-15 15:03:25:     response = get_response(request)
2025-06-15 15:03:25:   File "/root/selambingo3/venv/lib/python3.8/site-packages/django/core/handlers/base.py", line 197, in _get_response
2025-06-15 15:03:25:     response = wrapped_callback(request, *callback_args, **callback_kwargs)
2025-06-15 15:03:25:   File "/root/selambingo3/venv/lib/python3.8/site-packages/django/views/decorators/csrf.py", line 56, in wrapper_view
2025-06-15 15:03:25:     return view_func(*args, **kwargs)
2025-06-15 15:03:25:   File "/root/selambingo3/payments/views.py", line 37, in get_wallet
2025-06-15 15:03:25:     telegram_user = TelegramUser.objects.filter(telegram_id=user_id).first()
2025-06-15 15:03:25:   File "/root/selambingo3/venv/lib/python3.8/site-packages/django/db/models/manager.py", line 87, in manager_method
2025-06-15 15:03:25:     return getattr(self.get_queryset(), name)(*args, **kwargs)
2025-06-15 15:03:25:   File "/root/selambingo3/venv/lib/python3.8/site-packages/django/db/models/query.py", line 1436, in filter
2025-06-15 15:03:25:     return self._filter_or_exclude(False, args, kwargs)
2025-06-15 15:03:25:   File "/root/selambingo3/venv/lib/python3.8/site-packages/django/db/models/query.py", line 1454, in _filter_or_exclude
2025-06-15 15:03:25:     clone._filter_or_exclude_inplace(negate, args, kwargs)
2025-06-15 15:03:25:   File "/root/selambingo3/venv/lib/python3.8/site-packages/django/db/models/query.py", line 1461, in _filter_or_exclude_inplace
2025-06-15 15:03:25:     self._query.add_q(Q(*args, **kwargs))
2025-06-15 15:03:25:   File "/root/selambingo3/venv/lib/python3.8/site-packages/django/db/models/sql/query.py", line 1498, in add_q
2025-06-15 15:03:25:     clause, _ = self._add_q(q_object, self.used_aliases)
2025-06-15 15:03:25:   File "/root/selambingo3/venv/lib/python3.8/site-packages/django/db/models/sql/query.py", line 1529, in _add_q
2025-06-15 15:03:25:     child_clause, needed_inner = self.build_filter(
2025-06-15 15:03:25:   File "/root/selambingo3/venv/lib/python3.8/site-packages/django/db/models/sql/query.py", line 1444, in build_filter
2025-06-15 15:03:25:     condition = self.build_lookup(lookups, col, value)
2025-06-15 15:03:25:   File "/root/selambingo3/venv/lib/python3.8/site-packages/django/db/models/sql/query.py", line 1271, in build_lookup
2025-06-15 15:03:25:     lookup = lookup_class(lhs, rhs)
2025-06-15 15:03:25:   File "/root/selambingo3/venv/lib/python3.8/site-packages/django/db/models/lookups.py", line 27, in __init__
2025-06-15 15:03:25:     self.rhs = self.get_prep_lookup()
2025-06-15 15:03:25:   File "/root/selambingo3/venv/lib/python3.8/site-packages/django/db/models/lookups.py", line 341, in get_prep_lookup
2025-06-15 15:03:25:     return super().get_prep_lookup()
2025-06-15 15:03:25:   File "/root/selambingo3/venv/lib/python3.8/site-packages/django/db/models/lookups.py", line 85, in get_prep_lookup
2025-06-15 15:03:25:     return self.lhs.output_field.get_prep_value(self.rhs)
2025-06-15 15:03:25:   File "/root/selambingo3/venv/lib/python3.8/site-packages/django/db/models/fields/__init__.py", line 2057, in get_prep_value
2025-06-15 15:03:25:     raise e.__class__(
2025-06-15 15:03:25: ValueError: Field 'telegram_id' expected a number but got 'add-balance'.
2025-06-15 15:03:50: Internal Server Error: /payments/wallet/add-balance/
2025-06-15 15:03:50: Traceback (most recent call last):
2025-06-15 15:03:50:   File "/root/selambingo3/venv/lib/python3.8/site-packages/django/db/models/fields/__init__.py", line 2055, in get_prep_value
2025-06-15 15:03:50:     return int(value)
2025-06-15 15:03:50: ValueError: invalid literal for int() with base 10: 'add-balance'
2025-06-15 15:03:50: 
2025-06-15 15:03:50: The above exception was the direct cause of the following exception:
2025-06-15 15:03:50: 
2025-06-15 15:03:50: Traceback (most recent call last):
2025-06-15 15:03:50:   File "/root/selambingo3/venv/lib/python3.8/site-packages/django/core/handlers/exception.py", line 55, in inner
2025-06-15 15:03:50:     response = get_response(request)
2025-06-15 15:03:50:   File "/root/selambingo3/venv/lib/python3.8/site-packages/django/core/handlers/base.py", line 197, in _get_response
2025-06-15 15:03:50:     response = wrapped_callback(request, *callback_args, **callback_kwargs)
2025-06-15 15:03:50:   File "/root/selambingo3/venv/lib/python3.8/site-packages/django/views/decorators/csrf.py", line 56, in wrapper_view
2025-06-15 15:03:50:     return view_func(*args, **kwargs)
2025-06-15 15:03:50:   File "/root/selambingo3/payments/views.py", line 37, in get_wallet
2025-06-15 15:03:50:     telegram_user = TelegramUser.objects.filter(telegram_id=user_id).first()
2025-06-15 15:03:50:   File "/root/selambingo3/venv/lib/python3.8/site-packages/django/db/models/manager.py", line 87, in manager_method
2025-06-15 15:03:50:     return getattr(self.get_queryset(), name)(*args, **kwargs)
2025-06-15 15:03:50:   File "/root/selambingo3/venv/lib/python3.8/site-packages/django/db/models/query.py", line 1436, in filter
2025-06-15 15:03:50:     return self._filter_or_exclude(False, args, kwargs)
2025-06-15 15:03:50:   File "/root/selambingo3/venv/lib/python3.8/site-packages/django/db/models/query.py", line 1454, in _filter_or_exclude
2025-06-15 15:03:50:     clone._filter_or_exclude_inplace(negate, args, kwargs)
2025-06-15 15:03:50:   File "/root/selambingo3/venv/lib/python3.8/site-packages/django/db/models/query.py", line 1461, in _filter_or_exclude_inplace
2025-06-15 15:03:50:     self._query.add_q(Q(*args, **kwargs))
2025-06-15 15:03:50:   File "/root/selambingo3/venv/lib/python3.8/site-packages/django/db/models/sql/query.py", line 1498, in add_q
2025-06-15 15:03:50:     clause, _ = self._add_q(q_object, self.used_aliases)
2025-06-15 15:03:50:   File "/root/selambingo3/venv/lib/python3.8/site-packages/django/db/models/sql/query.py", line 1529, in _add_q
2025-06-15 15:03:50:     child_clause, needed_inner = self.build_filter(
2025-06-15 15:03:50:   File "/root/selambingo3/venv/lib/python3.8/site-packages/django/db/models/sql/query.py", line 1444, in build_filter
2025-06-15 15:03:50:     condition = self.build_lookup(lookups, col, value)
2025-06-15 15:03:50:   File "/root/selambingo3/venv/lib/python3.8/site-packages/django/db/models/sql/query.py", line 1271, in build_lookup
2025-06-15 15:03:50:     lookup = lookup_class(lhs, rhs)
2025-06-15 15:03:50:   File "/root/selambingo3/venv/lib/python3.8/site-packages/django/db/models/lookups.py", line 27, in __init__
2025-06-15 15:03:50:     self.rhs = self.get_prep_lookup()
2025-06-15 15:03:50:   File "/root/selambingo3/venv/lib/python3.8/site-packages/django/db/models/lookups.py", line 341, in get_prep_lookup
2025-06-15 15:03:50:     return super().get_prep_lookup()
2025-06-15 15:03:50:   File "/root/selambingo3/venv/lib/python3.8/site-packages/django/db/models/lookups.py", line 85, in get_prep_lookup
2025-06-15 15:03:50:     return self.lhs.output_field.get_prep_value(self.rhs)
2025-06-15 15:03:50:   File "/root/selambingo3/venv/lib/python3.8/site-packages/django/db/models/fields/__init__.py", line 2057, in get_prep_value
2025-06-15 15:03:50:     raise e.__class__(
2025-06-15 15:03:50: ValueError: Field 'telegram_id' expected a number but got 'add-balance'.
2025-06-15 15:04:29: Not Found: /accounts/filter-users/7950476719/
2025-06-15 15:06:53: Internal Server Error: /payments/wallet/add-balance/
2025-06-15 15:06:53: Traceback (most recent call last):
2025-06-15 15:06:53:   File "/root/selambingo3/venv/lib/python3.8/site-packages/django/db/models/fields/__init__.py", line 2055, in get_prep_value
2025-06-15 15:06:53:     return int(value)
2025-06-15 15:06:53: ValueError: invalid literal for int() with base 10: 'add-balance'
2025-06-15 15:06:53: 
2025-06-15 15:06:53: The above exception was the direct cause of the following exception:
2025-06-15 15:06:53: 
2025-06-15 15:06:53: Traceback (most recent call last):
2025-06-15 15:06:53:   File "/root/selambingo3/venv/lib/python3.8/site-packages/django/core/handlers/exception.py", line 55, in inner
2025-06-15 15:06:53:     response = get_response(request)
2025-06-15 15:06:53:   File "/root/selambingo3/venv/lib/python3.8/site-packages/django/core/handlers/base.py", line 197, in _get_response
2025-06-15 15:06:53:     response = wrapped_callback(request, *callback_args, **callback_kwargs)
2025-06-15 15:06:53:   File "/root/selambingo3/venv/lib/python3.8/site-packages/django/views/decorators/csrf.py", line 56, in wrapper_view
2025-06-15 15:06:53:     return view_func(*args, **kwargs)
2025-06-15 15:06:53:   File "/root/selambingo3/payments/views.py", line 37, in get_wallet
2025-06-15 15:06:53:     telegram_user = TelegramUser.objects.filter(telegram_id=user_id).first()
2025-06-15 15:06:53:   File "/root/selambingo3/venv/lib/python3.8/site-packages/django/db/models/manager.py", line 87, in manager_method
2025-06-15 15:06:53:     return getattr(self.get_queryset(), name)(*args, **kwargs)
2025-06-15 15:06:53:   File "/root/selambingo3/venv/lib/python3.8/site-packages/django/db/models/query.py", line 1436, in filter
2025-06-15 15:06:53:     return self._filter_or_exclude(False, args, kwargs)
2025-06-15 15:06:53:   File "/root/selambingo3/venv/lib/python3.8/site-packages/django/db/models/query.py", line 1454, in _filter_or_exclude
2025-06-15 15:06:53:     clone._filter_or_exclude_inplace(negate, args, kwargs)
2025-06-15 15:06:53:   File "/root/selambingo3/venv/lib/python3.8/site-packages/django/db/models/query.py", line 1461, in _filter_or_exclude_inplace
2025-06-15 15:06:53:     self._query.add_q(Q(*args, **kwargs))
2025-06-15 15:06:53:   File "/root/selambingo3/venv/lib/python3.8/site-packages/django/db/models/sql/query.py", line 1498, in add_q
2025-06-15 15:06:53:     clause, _ = self._add_q(q_object, self.used_aliases)
2025-06-15 15:06:53:   File "/root/selambingo3/venv/lib/python3.8/site-packages/django/db/models/sql/query.py", line 1529, in _add_q
2025-06-15 15:06:53:     child_clause, needed_inner = self.build_filter(
2025-06-15 15:06:53:   File "/root/selambingo3/venv/lib/python3.8/site-packages/django/db/models/sql/query.py", line 1444, in build_filter
2025-06-15 15:06:53:     condition = self.build_lookup(lookups, col, value)
2025-06-15 15:06:53:   File "/root/selambingo3/venv/lib/python3.8/site-packages/django/db/models/sql/query.py", line 1271, in build_lookup
2025-06-15 15:06:53:     lookup = lookup_class(lhs, rhs)
2025-06-15 15:06:53:   File "/root/selambingo3/venv/lib/python3.8/site-packages/django/db/models/lookups.py", line 27, in __init__
2025-06-15 15:06:53:     self.rhs = self.get_prep_lookup()
2025-06-15 15:06:53:   File "/root/selambingo3/venv/lib/python3.8/site-packages/django/db/models/lookups.py", line 341, in get_prep_lookup
2025-06-15 15:06:53:     return super().get_prep_lookup()
2025-06-15 15:06:53:   File "/root/selambingo3/venv/lib/python3.8/site-packages/django/db/models/lookups.py", line 85, in get_prep_lookup
2025-06-15 15:06:53:     return self.lhs.output_field.get_prep_value(self.rhs)
2025-06-15 15:06:53:   File "/root/selambingo3/venv/lib/python3.8/site-packages/django/db/models/fields/__init__.py", line 2057, in get_prep_value
2025-06-15 15:06:53:     raise e.__class__(
2025-06-15 15:06:53: ValueError: Field 'telegram_id' expected a number but got 'add-balance'.
2025-06-15 15:08:11: Bad Request: /payments/win/
2025-06-15 15:08:39: Invalid HTTP_HOST header: '188.245.75.205:8000'. You may need to add '188.245.75.205' to ALLOWED_HOSTS.
2025-06-15 15:08:39: Traceback (most recent call last):
2025-06-15 15:08:39:   File "/root/selambingo3/venv/lib/python3.8/site-packages/django/core/handlers/exception.py", line 55, in inner
2025-06-15 15:08:39:     response = get_response(request)
2025-06-15 15:08:39:   File "/root/selambingo3/venv/lib/python3.8/site-packages/django/utils/deprecation.py", line 133, in __call__
2025-06-15 15:08:39:     response = self.process_request(request)
2025-06-15 15:08:39:   File "/root/selambingo3/venv/lib/python3.8/site-packages/django/middleware/common.py", line 48, in process_request
2025-06-15 15:08:39:     host = request.get_host()
2025-06-15 15:08:39:   File "/root/selambingo3/venv/lib/python3.8/site-packages/django/http/request.py", line 167, in get_host
2025-06-15 15:08:39:     raise DisallowedHost(msg)
2025-06-15 15:08:39: django.core.exceptions.DisallowedHost: Invalid HTTP_HOST header: '188.245.75.205:8000'. You may need to add '188.245.75.205' to ALLOWED_HOSTS.
2025-06-15 15:08:39: Bad Request: /
2025-06-15 15:10:55: Bad Request: /payments/balance/
2025-06-15 15:10:59: Not Found: /accounts/filter-users/6482898132/
2025-06-15 15:13:49: Not Found: /accounts/filter-users/6365378512/
2025-06-15 15:20:07: Not Found: /accounts/filter-users/7619632428/
2025-06-15 15:20:39: Not Found: /accounts/filter-users/6530975760/
2025-06-15 15:21:41: Internal Server Error: /payments/wallet/add-balance/
2025-06-15 15:21:41: Traceback (most recent call last):
2025-06-15 15:21:41:   File "/root/selambingo3/venv/lib/python3.8/site-packages/django/db/models/fields/__init__.py", line 2055, in get_prep_value
2025-06-15 15:21:41:     return int(value)
2025-06-15 15:21:41: ValueError: invalid literal for int() with base 10: 'add-balance'
2025-06-15 15:21:41: 
2025-06-15 15:21:41: The above exception was the direct cause of the following exception:
2025-06-15 15:21:41: 
2025-06-15 15:21:41: Traceback (most recent call last):
2025-06-15 15:21:41:   File "/root/selambingo3/venv/lib/python3.8/site-packages/django/core/handlers/exception.py", line 55, in inner
2025-06-15 15:21:41:     response = get_response(request)
2025-06-15 15:21:41:   File "/root/selambingo3/venv/lib/python3.8/site-packages/django/core/handlers/base.py", line 197, in _get_response
2025-06-15 15:21:41:     response = wrapped_callback(request, *callback_args, **callback_kwargs)
2025-06-15 15:21:41:   File "/root/selambingo3/venv/lib/python3.8/site-packages/django/views/decorators/csrf.py", line 56, in wrapper_view
2025-06-15 15:21:41:     return view_func(*args, **kwargs)
2025-06-15 15:21:41:   File "/root/selambingo3/payments/views.py", line 37, in get_wallet
2025-06-15 15:21:41:     telegram_user = TelegramUser.objects.filter(telegram_id=user_id).first()
2025-06-15 15:21:41:   File "/root/selambingo3/venv/lib/python3.8/site-packages/django/db/models/manager.py", line 87, in manager_method
2025-06-15 15:21:41:     return getattr(self.get_queryset(), name)(*args, **kwargs)
2025-06-15 15:21:41:   File "/root/selambingo3/venv/lib/python3.8/site-packages/django/db/models/query.py", line 1436, in filter
2025-06-15 15:21:41:     return self._filter_or_exclude(False, args, kwargs)
2025-06-15 15:21:41:   File "/root/selambingo3/venv/lib/python3.8/site-packages/django/db/models/query.py", line 1454, in _filter_or_exclude
2025-06-15 15:21:41:     clone._filter_or_exclude_inplace(negate, args, kwargs)
2025-06-15 15:21:41:   File "/root/selambingo3/venv/lib/python3.8/site-packages/django/db/models/query.py", line 1461, in _filter_or_exclude_inplace
2025-06-15 15:21:41:     self._query.add_q(Q(*args, **kwargs))
2025-06-15 15:21:41:   File "/root/selambingo3/venv/lib/python3.8/site-packages/django/db/models/sql/query.py", line 1498, in add_q
2025-06-15 15:21:41:     clause, _ = self._add_q(q_object, self.used_aliases)
2025-06-15 15:21:41:   File "/root/selambingo3/venv/lib/python3.8/site-packages/django/db/models/sql/query.py", line 1529, in _add_q
2025-06-15 15:21:41:     child_clause, needed_inner = self.build_filter(
2025-06-15 15:21:41:   File "/root/selambingo3/venv/lib/python3.8/site-packages/django/db/models/sql/query.py", line 1444, in build_filter
2025-06-15 15:21:41:     condition = self.build_lookup(lookups, col, value)
2025-06-15 15:21:41:   File "/root/selambingo3/venv/lib/python3.8/site-packages/django/db/models/sql/query.py", line 1271, in build_lookup
2025-06-15 15:21:41:     lookup = lookup_class(lhs, rhs)
2025-06-15 15:21:41:   File "/root/selambingo3/venv/lib/python3.8/site-packages/django/db/models/lookups.py", line 27, in __init__
2025-06-15 15:21:41:     self.rhs = self.get_prep_lookup()
2025-06-15 15:21:41:   File "/root/selambingo3/venv/lib/python3.8/site-packages/django/db/models/lookups.py", line 341, in get_prep_lookup
2025-06-15 15:21:41:     return super().get_prep_lookup()
2025-06-15 15:21:41:   File "/root/selambingo3/venv/lib/python3.8/site-packages/django/db/models/lookups.py", line 85, in get_prep_lookup
2025-06-15 15:21:41:     return self.lhs.output_field.get_prep_value(self.rhs)
2025-06-15 15:21:41:   File "/root/selambingo3/venv/lib/python3.8/site-packages/django/db/models/fields/__init__.py", line 2057, in get_prep_value
2025-06-15 15:21:41:     raise e.__class__(
2025-06-15 15:21:41: ValueError: Field 'telegram_id' expected a number but got 'add-balance'.
2025-06-15 15:22:20: Internal Server Error: /payments/wallet/add-balance/
2025-06-15 15:22:20: Traceback (most recent call last):
2025-06-15 15:22:20:   File "/root/selambingo3/venv/lib/python3.8/site-packages/django/db/models/fields/__init__.py", line 2055, in get_prep_value
2025-06-15 15:22:20:     return int(value)
2025-06-15 15:22:20: ValueError: invalid literal for int() with base 10: 'add-balance'
2025-06-15 15:22:20: 
2025-06-15 15:22:20: The above exception was the direct cause of the following exception:
2025-06-15 15:22:20: 
2025-06-15 15:22:20: Traceback (most recent call last):
2025-06-15 15:22:20:   File "/root/selambingo3/venv/lib/python3.8/site-packages/django/core/handlers/exception.py", line 55, in inner
2025-06-15 15:22:20:     response = get_response(request)
2025-06-15 15:22:20:   File "/root/selambingo3/venv/lib/python3.8/site-packages/django/core/handlers/base.py", line 197, in _get_response
2025-06-15 15:22:20:     response = wrapped_callback(request, *callback_args, **callback_kwargs)
2025-06-15 15:22:20:   File "/root/selambingo3/venv/lib/python3.8/site-packages/django/views/decorators/csrf.py", line 56, in wrapper_view
2025-06-15 15:22:20:     return view_func(*args, **kwargs)
2025-06-15 15:22:20:   File "/root/selambingo3/payments/views.py", line 37, in get_wallet
2025-06-15 15:22:20:     telegram_user = TelegramUser.objects.filter(telegram_id=user_id).first()
2025-06-15 15:22:20:   File "/root/selambingo3/venv/lib/python3.8/site-packages/django/db/models/manager.py", line 87, in manager_method
2025-06-15 15:22:20:     return getattr(self.get_queryset(), name)(*args, **kwargs)
2025-06-15 15:22:20:   File "/root/selambingo3/venv/lib/python3.8/site-packages/django/db/models/query.py", line 1436, in filter
2025-06-15 15:22:20:     return self._filter_or_exclude(False, args, kwargs)
2025-06-15 15:22:20:   File "/root/selambingo3/venv/lib/python3.8/site-packages/django/db/models/query.py", line 1454, in _filter_or_exclude
2025-06-15 15:22:20:     clone._filter_or_exclude_inplace(negate, args, kwargs)
2025-06-15 15:22:20:   File "/root/selambingo3/venv/lib/python3.8/site-packages/django/db/models/query.py", line 1461, in _filter_or_exclude_inplace
2025-06-15 15:22:20:     self._query.add_q(Q(*args, **kwargs))
2025-06-15 15:22:20:   File "/root/selambingo3/venv/lib/python3.8/site-packages/django/db/models/sql/query.py", line 1498, in add_q
2025-06-15 15:22:20:     clause, _ = self._add_q(q_object, self.used_aliases)
2025-06-15 15:22:20:   File "/root/selambingo3/venv/lib/python3.8/site-packages/django/db/models/sql/query.py", line 1529, in _add_q
2025-06-15 15:22:20:     child_clause, needed_inner = self.build_filter(
2025-06-15 15:22:20:   File "/root/selambingo3/venv/lib/python3.8/site-packages/django/db/models/sql/query.py", line 1444, in build_filter
2025-06-15 15:22:20:     condition = self.build_lookup(lookups, col, value)
2025-06-15 15:22:20:   File "/root/selambingo3/venv/lib/python3.8/site-packages/django/db/models/sql/query.py", line 1271, in build_lookup
2025-06-15 15:22:20:     lookup = lookup_class(lhs, rhs)
2025-06-15 15:22:20:   File "/root/selambingo3/venv/lib/python3.8/site-packages/django/db/models/lookups.py", line 27, in __init__
2025-06-15 15:22:20:     self.rhs = self.get_prep_lookup()
2025-06-15 15:22:20:   File "/root/selambingo3/venv/lib/python3.8/site-packages/django/db/models/lookups.py", line 341, in get_prep_lookup
2025-06-15 15:22:20:     return super().get_prep_lookup()
2025-06-15 15:22:20:   File "/root/selambingo3/venv/lib/python3.8/site-packages/django/db/models/lookups.py", line 85, in get_prep_lookup
2025-06-15 15:22:20:     return self.lhs.output_field.get_prep_value(self.rhs)
2025-06-15 15:22:20:   File "/root/selambingo3/venv/lib/python3.8/site-packages/django/db/models/fields/__init__.py", line 2057, in get_prep_value
2025-06-15 15:22:20:     raise e.__class__(
2025-06-15 15:22:20: ValueError: Field 'telegram_id' expected a number but got 'add-balance'.
2025-06-15 15:22:54: Not Found: /accounts/filter-users/7149465958/
2025-06-15 15:28:06: Not Found: /accounts/filter-users/6100392815/
2025-06-15 15:29:49: Bad Request: /payments/balance/
2025-06-15 15:30:19: Not Found: /accounts/filter-users/7337080745/
2025-06-15 15:30:39: Invalid HTTP_HOST header: '188.245.75.205:8000'. You may need to add '188.245.75.205' to ALLOWED_HOSTS.
2025-06-15 15:30:39: Traceback (most recent call last):
2025-06-15 15:30:39:   File "/root/selambingo3/venv/lib/python3.8/site-packages/django/core/handlers/exception.py", line 55, in inner
2025-06-15 15:30:39:     response = get_response(request)
2025-06-15 15:30:39:   File "/root/selambingo3/venv/lib/python3.8/site-packages/django/utils/deprecation.py", line 133, in __call__
2025-06-15 15:30:39:     response = self.process_request(request)
2025-06-15 15:30:39:   File "/root/selambingo3/venv/lib/python3.8/site-packages/django/middleware/common.py", line 48, in process_request
2025-06-15 15:30:39:     host = request.get_host()
2025-06-15 15:30:39:   File "/root/selambingo3/venv/lib/python3.8/site-packages/django/http/request.py", line 167, in get_host
2025-06-15 15:30:39:     raise DisallowedHost(msg)
2025-06-15 15:30:39: django.core.exceptions.DisallowedHost: Invalid HTTP_HOST header: '188.245.75.205:8000'. You may need to add '188.245.75.205' to ALLOWED_HOSTS.
2025-06-15 15:30:39: Bad Request: /
2025-06-15 15:34:50: Not Found: /accounts/filter-users/8010913190/
2025-06-15 15:36:13: Not Found: /accounts/filter-users/7831483207/
2025-06-15 15:36:15: Bad Request: /payments/balance/
2025-06-15 15:37:44: Internal Server Error: /payments/wallet/add-balance/
2025-06-15 15:37:44: Traceback (most recent call last):
2025-06-15 15:37:44:   File "/root/selambingo3/venv/lib/python3.8/site-packages/django/db/models/fields/__init__.py", line 2055, in get_prep_value
2025-06-15 15:37:44:     return int(value)
2025-06-15 15:37:44: ValueError: invalid literal for int() with base 10: 'add-balance'
2025-06-15 15:37:44: 
2025-06-15 15:37:44: The above exception was the direct cause of the following exception:
2025-06-15 15:37:44: 
2025-06-15 15:37:44: Traceback (most recent call last):
2025-06-15 15:37:44:   File "/root/selambingo3/venv/lib/python3.8/site-packages/django/core/handlers/exception.py", line 55, in inner
2025-06-15 15:37:44:     response = get_response(request)
2025-06-15 15:37:44:   File "/root/selambingo3/venv/lib/python3.8/site-packages/django/core/handlers/base.py", line 197, in _get_response
2025-06-15 15:37:44:     response = wrapped_callback(request, *callback_args, **callback_kwargs)
2025-06-15 15:37:44:   File "/root/selambingo3/venv/lib/python3.8/site-packages/django/views/decorators/csrf.py", line 56, in wrapper_view
2025-06-15 15:37:44:     return view_func(*args, **kwargs)
2025-06-15 15:37:44:   File "/root/selambingo3/payments/views.py", line 37, in get_wallet
2025-06-15 15:37:44:     telegram_user = TelegramUser.objects.filter(telegram_id=user_id).first()
2025-06-15 15:37:44:   File "/root/selambingo3/venv/lib/python3.8/site-packages/django/db/models/manager.py", line 87, in manager_method
2025-06-15 15:37:44:     return getattr(self.get_queryset(), name)(*args, **kwargs)
2025-06-15 15:37:44:   File "/root/selambingo3/venv/lib/python3.8/site-packages/django/db/models/query.py", line 1436, in filter
2025-06-15 15:37:44:     return self._filter_or_exclude(False, args, kwargs)
2025-06-15 15:37:44:   File "/root/selambingo3/venv/lib/python3.8/site-packages/django/db/models/query.py", line 1454, in _filter_or_exclude
2025-06-15 15:37:44:     clone._filter_or_exclude_inplace(negate, args, kwargs)
2025-06-15 15:37:44:   File "/root/selambingo3/venv/lib/python3.8/site-packages/django/db/models/query.py", line 1461, in _filter_or_exclude_inplace
2025-06-15 15:37:44:     self._query.add_q(Q(*args, **kwargs))
2025-06-15 15:37:44:   File "/root/selambingo3/venv/lib/python3.8/site-packages/django/db/models/sql/query.py", line 1498, in add_q
2025-06-15 15:37:44:     clause, _ = self._add_q(q_object, self.used_aliases)
2025-06-15 15:37:44:   File "/root/selambingo3/venv/lib/python3.8/site-packages/django/db/models/sql/query.py", line 1529, in _add_q
2025-06-15 15:37:44:     child_clause, needed_inner = self.build_filter(
2025-06-15 15:37:44:   File "/root/selambingo3/venv/lib/python3.8/site-packages/django/db/models/sql/query.py", line 1444, in build_filter
2025-06-15 15:37:44:     condition = self.build_lookup(lookups, col, value)
2025-06-15 15:37:44:   File "/root/selambingo3/venv/lib/python3.8/site-packages/django/db/models/sql/query.py", line 1271, in build_lookup
2025-06-15 15:37:44:     lookup = lookup_class(lhs, rhs)
2025-06-15 15:37:44:   File "/root/selambingo3/venv/lib/python3.8/site-packages/django/db/models/lookups.py", line 27, in __init__
2025-06-15 15:37:44:     self.rhs = self.get_prep_lookup()
2025-06-15 15:37:44:   File "/root/selambingo3/venv/lib/python3.8/site-packages/django/db/models/lookups.py", line 341, in get_prep_lookup
2025-06-15 15:37:44:     return super().get_prep_lookup()
2025-06-15 15:37:44:   File "/root/selambingo3/venv/lib/python3.8/site-packages/django/db/models/lookups.py", line 85, in get_prep_lookup
2025-06-15 15:37:44:     return self.lhs.output_field.get_prep_value(self.rhs)
2025-06-15 15:37:44:   File "/root/selambingo3/venv/lib/python3.8/site-packages/django/db/models/fields/__init__.py", line 2057, in get_prep_value
2025-06-15 15:37:44:     raise e.__class__(
2025-06-15 15:37:44: ValueError: Field 'telegram_id' expected a number but got 'add-balance'.
2025-06-15 15:39:12: Not Found: /accounts/filter-users/7445933984/
2025-06-15 15:39:50: Internal Server Error: /payments/wallet/add-balance/
2025-06-15 15:39:50: Traceback (most recent call last):
2025-06-15 15:39:50:   File "/root/selambingo3/venv/lib/python3.8/site-packages/django/db/models/fields/__init__.py", line 2055, in get_prep_value
2025-06-15 15:39:50:     return int(value)
2025-06-15 15:39:50: ValueError: invalid literal for int() with base 10: 'add-balance'
2025-06-15 15:39:50: 
2025-06-15 15:39:50: The above exception was the direct cause of the following exception:
2025-06-15 15:39:50: 
2025-06-15 15:39:50: Traceback (most recent call last):
2025-06-15 15:39:50:   File "/root/selambingo3/venv/lib/python3.8/site-packages/django/core/handlers/exception.py", line 55, in inner
2025-06-15 15:39:50:     response = get_response(request)
2025-06-15 15:39:50:   File "/root/selambingo3/venv/lib/python3.8/site-packages/django/core/handlers/base.py", line 197, in _get_response
2025-06-15 15:39:50:     response = wrapped_callback(request, *callback_args, **callback_kwargs)
2025-06-15 15:39:50:   File "/root/selambingo3/venv/lib/python3.8/site-packages/django/views/decorators/csrf.py", line 56, in wrapper_view
2025-06-15 15:39:50:     return view_func(*args, **kwargs)
2025-06-15 15:39:50:   File "/root/selambingo3/payments/views.py", line 37, in get_wallet
2025-06-15 15:39:50:     telegram_user = TelegramUser.objects.filter(telegram_id=user_id).first()
2025-06-15 15:39:50:   File "/root/selambingo3/venv/lib/python3.8/site-packages/django/db/models/manager.py", line 87, in manager_method
2025-06-15 15:39:50:     return getattr(self.get_queryset(), name)(*args, **kwargs)
2025-06-15 15:39:50:   File "/root/selambingo3/venv/lib/python3.8/site-packages/django/db/models/query.py", line 1436, in filter
2025-06-15 15:39:50:     return self._filter_or_exclude(False, args, kwargs)
2025-06-15 15:39:50:   File "/root/selambingo3/venv/lib/python3.8/site-packages/django/db/models/query.py", line 1454, in _filter_or_exclude
2025-06-15 15:39:50:     clone._filter_or_exclude_inplace(negate, args, kwargs)
2025-06-15 15:39:50:   File "/root/selambingo3/venv/lib/python3.8/site-packages/django/db/models/query.py", line 1461, in _filter_or_exclude_inplace
2025-06-15 15:39:50:     self._query.add_q(Q(*args, **kwargs))
2025-06-15 15:39:50:   File "/root/selambingo3/venv/lib/python3.8/site-packages/django/db/models/sql/query.py", line 1498, in add_q
2025-06-15 15:39:50:     clause, _ = self._add_q(q_object, self.used_aliases)
2025-06-15 15:39:50:   File "/root/selambingo3/venv/lib/python3.8/site-packages/django/db/models/sql/query.py", line 1529, in _add_q
2025-06-15 15:39:50:     child_clause, needed_inner = self.build_filter(
2025-06-15 15:39:50:   File "/root/selambingo3/venv/lib/python3.8/site-packages/django/db/models/sql/query.py", line 1444, in build_filter
2025-06-15 15:39:50:     condition = self.build_lookup(lookups, col, value)
2025-06-15 15:39:50:   File "/root/selambingo3/venv/lib/python3.8/site-packages/django/db/models/sql/query.py", line 1271, in build_lookup
2025-06-15 15:39:50:     lookup = lookup_class(lhs, rhs)
2025-06-15 15:39:50:   File "/root/selambingo3/venv/lib/python3.8/site-packages/django/db/models/lookups.py", line 27, in __init__
2025-06-15 15:39:50:     self.rhs = self.get_prep_lookup()
2025-06-15 15:39:50:   File "/root/selambingo3/venv/lib/python3.8/site-packages/django/db/models/lookups.py", line 341, in get_prep_lookup
2025-06-15 15:39:50:     return super().get_prep_lookup()
2025-06-15 15:39:50:   File "/root/selambingo3/venv/lib/python3.8/site-packages/django/db/models/lookups.py", line 85, in get_prep_lookup
2025-06-15 15:39:50:     return self.lhs.output_field.get_prep_value(self.rhs)
2025-06-15 15:39:50:   File "/root/selambingo3/venv/lib/python3.8/site-packages/django/db/models/fields/__init__.py", line 2057, in get_prep_value
2025-06-15 15:39:50:     raise e.__class__(
2025-06-15 15:39:50: ValueError: Field 'telegram_id' expected a number but got 'add-balance'.
2025-06-15 15:40:08: Bad Request: /payments/balance/
2025-06-15 15:40:16: Not Found: /accounts/filter-users/8143447902/
2025-06-15 15:42:08: Bad Request: /payments/balance/
2025-06-15 15:42:28: Not Found: /accounts/filter-users/823326798/
2025-06-15 15:42:43: Not Found: /accounts/filter-users/7913667293/
2025-06-15 15:42:57: Not Found: /accounts/filter-users/8181434858/
2025-06-15 15:45:14: Internal Server Error: /payments/wallet/add-balance/
2025-06-15 15:45:14: Traceback (most recent call last):
2025-06-15 15:45:14:   File "/root/selambingo3/venv/lib/python3.8/site-packages/django/db/models/fields/__init__.py", line 2055, in get_prep_value
2025-06-15 15:45:14:     return int(value)
2025-06-15 15:45:14: ValueError: invalid literal for int() with base 10: 'add-balance'
2025-06-15 15:45:14: 
2025-06-15 15:45:14: The above exception was the direct cause of the following exception:
2025-06-15 15:45:14: 
2025-06-15 15:45:14: Traceback (most recent call last):
2025-06-15 15:45:14:   File "/root/selambingo3/venv/lib/python3.8/site-packages/django/core/handlers/exception.py", line 55, in inner
2025-06-15 15:45:14:     response = get_response(request)
2025-06-15 15:45:14:   File "/root/selambingo3/venv/lib/python3.8/site-packages/django/core/handlers/base.py", line 197, in _get_response
2025-06-15 15:45:14:     response = wrapped_callback(request, *callback_args, **callback_kwargs)
2025-06-15 15:45:14:   File "/root/selambingo3/venv/lib/python3.8/site-packages/django/views/decorators/csrf.py", line 56, in wrapper_view
2025-06-15 15:45:14:     return view_func(*args, **kwargs)
2025-06-15 15:45:14:   File "/root/selambingo3/payments/views.py", line 37, in get_wallet
2025-06-15 15:45:14:     telegram_user = TelegramUser.objects.filter(telegram_id=user_id).first()
2025-06-15 15:45:14:   File "/root/selambingo3/venv/lib/python3.8/site-packages/django/db/models/manager.py", line 87, in manager_method
2025-06-15 15:45:14:     return getattr(self.get_queryset(), name)(*args, **kwargs)
2025-06-15 15:45:14:   File "/root/selambingo3/venv/lib/python3.8/site-packages/django/db/models/query.py", line 1436, in filter
2025-06-15 15:45:14:     return self._filter_or_exclude(False, args, kwargs)
2025-06-15 15:45:14:   File "/root/selambingo3/venv/lib/python3.8/site-packages/django/db/models/query.py", line 1454, in _filter_or_exclude
2025-06-15 15:45:14:     clone._filter_or_exclude_inplace(negate, args, kwargs)
2025-06-15 15:45:14:   File "/root/selambingo3/venv/lib/python3.8/site-packages/django/db/models/query.py", line 1461, in _filter_or_exclude_inplace
2025-06-15 15:45:14:     self._query.add_q(Q(*args, **kwargs))
2025-06-15 15:45:14:   File "/root/selambingo3/venv/lib/python3.8/site-packages/django/db/models/sql/query.py", line 1498, in add_q
2025-06-15 15:45:14:     clause, _ = self._add_q(q_object, self.used_aliases)
2025-06-15 15:45:14:   File "/root/selambingo3/venv/lib/python3.8/site-packages/django/db/models/sql/query.py", line 1529, in _add_q
2025-06-15 15:45:14:     child_clause, needed_inner = self.build_filter(
2025-06-15 15:45:14:   File "/root/selambingo3/venv/lib/python3.8/site-packages/django/db/models/sql/query.py", line 1444, in build_filter
2025-06-15 15:45:14:     condition = self.build_lookup(lookups, col, value)
2025-06-15 15:45:14:   File "/root/selambingo3/venv/lib/python3.8/site-packages/django/db/models/sql/query.py", line 1271, in build_lookup
2025-06-15 15:45:14:     lookup = lookup_class(lhs, rhs)
2025-06-15 15:45:14:   File "/root/selambingo3/venv/lib/python3.8/site-packages/django/db/models/lookups.py", line 27, in __init__
2025-06-15 15:45:14:     self.rhs = self.get_prep_lookup()
2025-06-15 15:45:14:   File "/root/selambingo3/venv/lib/python3.8/site-packages/django/db/models/lookups.py", line 341, in get_prep_lookup
2025-06-15 15:45:14:     return super().get_prep_lookup()
2025-06-15 15:45:14:   File "/root/selambingo3/venv/lib/python3.8/site-packages/django/db/models/lookups.py", line 85, in get_prep_lookup
2025-06-15 15:45:14:     return self.lhs.output_field.get_prep_value(self.rhs)
2025-06-15 15:45:14:   File "/root/selambingo3/venv/lib/python3.8/site-packages/django/db/models/fields/__init__.py", line 2057, in get_prep_value
2025-06-15 15:45:14:     raise e.__class__(
2025-06-15 15:45:14: ValueError: Field 'telegram_id' expected a number but got 'add-balance'.
2025-06-15 15:45:17: Internal Server Error: /payments/wallet/add-balance/
2025-06-15 15:45:17: Traceback (most recent call last):
2025-06-15 15:45:17:   File "/root/selambingo3/venv/lib/python3.8/site-packages/django/db/models/fields/__init__.py", line 2055, in get_prep_value
2025-06-15 15:45:17:     return int(value)
2025-06-15 15:45:17: ValueError: invalid literal for int() with base 10: 'add-balance'
2025-06-15 15:45:17: 
2025-06-15 15:45:17: The above exception was the direct cause of the following exception:
2025-06-15 15:45:17: 
2025-06-15 15:45:17: Traceback (most recent call last):
2025-06-15 15:45:17:   File "/root/selambingo3/venv/lib/python3.8/site-packages/django/core/handlers/exception.py", line 55, in inner
2025-06-15 15:45:17:     response = get_response(request)
2025-06-15 15:45:17:   File "/root/selambingo3/venv/lib/python3.8/site-packages/django/core/handlers/base.py", line 197, in _get_response
2025-06-15 15:45:17:     response = wrapped_callback(request, *callback_args, **callback_kwargs)
2025-06-15 15:45:17:   File "/root/selambingo3/venv/lib/python3.8/site-packages/django/views/decorators/csrf.py", line 56, in wrapper_view
2025-06-15 15:45:17:     return view_func(*args, **kwargs)
2025-06-15 15:45:17:   File "/root/selambingo3/payments/views.py", line 37, in get_wallet
2025-06-15 15:45:17:     telegram_user = TelegramUser.objects.filter(telegram_id=user_id).first()
2025-06-15 15:45:17:   File "/root/selambingo3/venv/lib/python3.8/site-packages/django/db/models/manager.py", line 87, in manager_method
2025-06-15 15:45:17:     return getattr(self.get_queryset(), name)(*args, **kwargs)
2025-06-15 15:45:17:   File "/root/selambingo3/venv/lib/python3.8/site-packages/django/db/models/query.py", line 1436, in filter
2025-06-15 15:45:17:     return self._filter_or_exclude(False, args, kwargs)
2025-06-15 15:45:17:   File "/root/selambingo3/venv/lib/python3.8/site-packages/django/db/models/query.py", line 1454, in _filter_or_exclude
2025-06-15 15:45:17:     clone._filter_or_exclude_inplace(negate, args, kwargs)
2025-06-15 15:45:17:   File "/root/selambingo3/venv/lib/python3.8/site-packages/django/db/models/query.py", line 1461, in _filter_or_exclude_inplace
2025-06-15 15:45:17:     self._query.add_q(Q(*args, **kwargs))
2025-06-15 15:45:17:   File "/root/selambingo3/venv/lib/python3.8/site-packages/django/db/models/sql/query.py", line 1498, in add_q
2025-06-15 15:45:17:     clause, _ = self._add_q(q_object, self.used_aliases)
2025-06-15 15:45:17:   File "/root/selambingo3/venv/lib/python3.8/site-packages/django/db/models/sql/query.py", line 1529, in _add_q
2025-06-15 15:45:17:     child_clause, needed_inner = self.build_filter(
2025-06-15 15:45:17:   File "/root/selambingo3/venv/lib/python3.8/site-packages/django/db/models/sql/query.py", line 1444, in build_filter
2025-06-15 15:45:17:     condition = self.build_lookup(lookups, col, value)
2025-06-15 15:45:17:   File "/root/selambingo3/venv/lib/python3.8/site-packages/django/db/models/sql/query.py", line 1271, in build_lookup
2025-06-15 15:45:17:     lookup = lookup_class(lhs, rhs)
2025-06-15 15:45:17:   File "/root/selambingo3/venv/lib/python3.8/site-packages/django/db/models/lookups.py", line 27, in __init__
2025-06-15 15:45:17:     self.rhs = self.get_prep_lookup()
2025-06-15 15:45:17:   File "/root/selambingo3/venv/lib/python3.8/site-packages/django/db/models/lookups.py", line 341, in get_prep_lookup
2025-06-15 15:45:17:     return super().get_prep_lookup()
2025-06-15 15:45:17:   File "/root/selambingo3/venv/lib/python3.8/site-packages/django/db/models/lookups.py", line 85, in get_prep_lookup
2025-06-15 15:45:17:     return self.lhs.output_field.get_prep_value(self.rhs)
2025-06-15 15:45:17:   File "/root/selambingo3/venv/lib/python3.8/site-packages/django/db/models/fields/__init__.py", line 2057, in get_prep_value
2025-06-15 15:45:17:     raise e.__class__(
2025-06-15 15:45:17: ValueError: Field 'telegram_id' expected a number but got 'add-balance'.
2025-06-15 15:45:55: Not Found: /accounts/filter-users/7815444209/
2025-06-15 15:46:57: Internal Server Error: /payments/wallet/add-balance/
2025-06-15 15:46:57: Traceback (most recent call last):
2025-06-15 15:46:57:   File "/root/selambingo3/venv/lib/python3.8/site-packages/django/db/models/fields/__init__.py", line 2055, in get_prep_value
2025-06-15 15:46:57:     return int(value)
2025-06-15 15:46:57: ValueError: invalid literal for int() with base 10: 'add-balance'
2025-06-15 15:46:57: 
2025-06-15 15:46:57: The above exception was the direct cause of the following exception:
2025-06-15 15:46:57: 
2025-06-15 15:46:57: Traceback (most recent call last):
2025-06-15 15:46:57:   File "/root/selambingo3/venv/lib/python3.8/site-packages/django/core/handlers/exception.py", line 55, in inner
2025-06-15 15:46:57:     response = get_response(request)
2025-06-15 15:46:57:   File "/root/selambingo3/venv/lib/python3.8/site-packages/django/core/handlers/base.py", line 197, in _get_response
2025-06-15 15:46:57:     response = wrapped_callback(request, *callback_args, **callback_kwargs)
2025-06-15 15:46:57:   File "/root/selambingo3/venv/lib/python3.8/site-packages/django/views/decorators/csrf.py", line 56, in wrapper_view
2025-06-15 15:46:57:     return view_func(*args, **kwargs)
2025-06-15 15:46:57:   File "/root/selambingo3/payments/views.py", line 37, in get_wallet
2025-06-15 15:46:57:     telegram_user = TelegramUser.objects.filter(telegram_id=user_id).first()
2025-06-15 15:46:57:   File "/root/selambingo3/venv/lib/python3.8/site-packages/django/db/models/manager.py", line 87, in manager_method
2025-06-15 15:46:57:     return getattr(self.get_queryset(), name)(*args, **kwargs)
2025-06-15 15:46:57:   File "/root/selambingo3/venv/lib/python3.8/site-packages/django/db/models/query.py", line 1436, in filter
2025-06-15 15:46:57:     return self._filter_or_exclude(False, args, kwargs)
2025-06-15 15:46:57:   File "/root/selambingo3/venv/lib/python3.8/site-packages/django/db/models/query.py", line 1454, in _filter_or_exclude
2025-06-15 15:46:57:     clone._filter_or_exclude_inplace(negate, args, kwargs)
2025-06-15 15:46:57:   File "/root/selambingo3/venv/lib/python3.8/site-packages/django/db/models/query.py", line 1461, in _filter_or_exclude_inplace
2025-06-15 15:46:57:     self._query.add_q(Q(*args, **kwargs))
2025-06-15 15:46:57:   File "/root/selambingo3/venv/lib/python3.8/site-packages/django/db/models/sql/query.py", line 1498, in add_q
2025-06-15 15:46:57:     clause, _ = self._add_q(q_object, self.used_aliases)
2025-06-15 15:46:57:   File "/root/selambingo3/venv/lib/python3.8/site-packages/django/db/models/sql/query.py", line 1529, in _add_q
2025-06-15 15:46:57:     child_clause, needed_inner = self.build_filter(
2025-06-15 15:46:57:   File "/root/selambingo3/venv/lib/python3.8/site-packages/django/db/models/sql/query.py", line 1444, in build_filter
2025-06-15 15:46:57:     condition = self.build_lookup(lookups, col, value)
2025-06-15 15:46:57:   File "/root/selambingo3/venv/lib/python3.8/site-packages/django/db/models/sql/query.py", line 1271, in build_lookup
2025-06-15 15:46:57:     lookup = lookup_class(lhs, rhs)
2025-06-15 15:46:57:   File "/root/selambingo3/venv/lib/python3.8/site-packages/django/db/models/lookups.py", line 27, in __init__
2025-06-15 15:46:57:     self.rhs = self.get_prep_lookup()
2025-06-15 15:46:57:   File "/root/selambingo3/venv/lib/python3.8/site-packages/django/db/models/lookups.py", line 341, in get_prep_lookup
2025-06-15 15:46:57:     return super().get_prep_lookup()
2025-06-15 15:46:57:   File "/root/selambingo3/venv/lib/python3.8/site-packages/django/db/models/lookups.py", line 85, in get_prep_lookup
2025-06-15 15:46:57:     return self.lhs.output_field.get_prep_value(self.rhs)
2025-06-15 15:46:57:   File "/root/selambingo3/venv/lib/python3.8/site-packages/django/db/models/fields/__init__.py", line 2057, in get_prep_value
2025-06-15 15:46:57:     raise e.__class__(
2025-06-15 15:46:57: ValueError: Field 'telegram_id' expected a number but got 'add-balance'.
2025-06-15 15:47:15: Not Found: /accounts/filter-users/6503694184/
2025-06-15 15:48:03: Not Found: /accounts/filter-users/5295563356/
2025-06-15 15:48:41: Bad Request: /payments/balance/
2025-06-15 15:50:18: Not Found: /accounts/filter-users/6607361888/
2025-06-15 15:50:28: Bad Request: /payments/balance/
2025-06-15 15:50:37: Not Found: /accounts/filter-users/8012054581/
2025-06-15 15:50:42: Bad Request: /accounts/register/
2025-06-15 15:51:15: Bad Request: /accounts/register/
2025-06-15 15:51:21: Bad Request: /accounts/register/
2025-06-15 15:52:02: Internal Server Error: /payments/wallet/add-balance/
2025-06-15 15:52:02: Traceback (most recent call last):
2025-06-15 15:52:02:   File "/root/selambingo3/venv/lib/python3.8/site-packages/django/db/models/fields/__init__.py", line 2055, in get_prep_value
2025-06-15 15:52:02:     return int(value)
2025-06-15 15:52:02: ValueError: invalid literal for int() with base 10: 'add-balance'
2025-06-15 15:52:02: 
2025-06-15 15:52:02: The above exception was the direct cause of the following exception:
2025-06-15 15:52:02: 
2025-06-15 15:52:02: Traceback (most recent call last):
2025-06-15 15:52:02:   File "/root/selambingo3/venv/lib/python3.8/site-packages/django/core/handlers/exception.py", line 55, in inner
2025-06-15 15:52:02:     response = get_response(request)
2025-06-15 15:52:02:   File "/root/selambingo3/venv/lib/python3.8/site-packages/django/core/handlers/base.py", line 197, in _get_response
2025-06-15 15:52:02:     response = wrapped_callback(request, *callback_args, **callback_kwargs)
2025-06-15 15:52:02:   File "/root/selambingo3/venv/lib/python3.8/site-packages/django/views/decorators/csrf.py", line 56, in wrapper_view
2025-06-15 15:52:02:     return view_func(*args, **kwargs)
2025-06-15 15:52:02:   File "/root/selambingo3/payments/views.py", line 37, in get_wallet
2025-06-15 15:52:02:     telegram_user = TelegramUser.objects.filter(telegram_id=user_id).first()
2025-06-15 15:52:02:   File "/root/selambingo3/venv/lib/python3.8/site-packages/django/db/models/manager.py", line 87, in manager_method
2025-06-15 15:52:02:     return getattr(self.get_queryset(), name)(*args, **kwargs)
2025-06-15 15:52:02:   File "/root/selambingo3/venv/lib/python3.8/site-packages/django/db/models/query.py", line 1436, in filter
2025-06-15 15:52:02:     return self._filter_or_exclude(False, args, kwargs)
2025-06-15 15:52:02:   File "/root/selambingo3/venv/lib/python3.8/site-packages/django/db/models/query.py", line 1454, in _filter_or_exclude
2025-06-15 15:52:02:     clone._filter_or_exclude_inplace(negate, args, kwargs)
2025-06-15 15:52:02:   File "/root/selambingo3/venv/lib/python3.8/site-packages/django/db/models/query.py", line 1461, in _filter_or_exclude_inplace
2025-06-15 15:52:02:     self._query.add_q(Q(*args, **kwargs))
2025-06-15 15:52:02:   File "/root/selambingo3/venv/lib/python3.8/site-packages/django/db/models/sql/query.py", line 1498, in add_q
2025-06-15 15:52:02:     clause, _ = self._add_q(q_object, self.used_aliases)
2025-06-15 15:52:02:   File "/root/selambingo3/venv/lib/python3.8/site-packages/django/db/models/sql/query.py", line 1529, in _add_q
2025-06-15 15:52:02:     child_clause, needed_inner = self.build_filter(
2025-06-15 15:52:02:   File "/root/selambingo3/venv/lib/python3.8/site-packages/django/db/models/sql/query.py", line 1444, in build_filter
2025-06-15 15:52:02:     condition = self.build_lookup(lookups, col, value)
2025-06-15 15:52:02:   File "/root/selambingo3/venv/lib/python3.8/site-packages/django/db/models/sql/query.py", line 1271, in build_lookup
2025-06-15 15:52:02:     lookup = lookup_class(lhs, rhs)
2025-06-15 15:52:02:   File "/root/selambingo3/venv/lib/python3.8/site-packages/django/db/models/lookups.py", line 27, in __init__
2025-06-15 15:52:02:     self.rhs = self.get_prep_lookup()
2025-06-15 15:52:02:   File "/root/selambingo3/venv/lib/python3.8/site-packages/django/db/models/lookups.py", line 341, in get_prep_lookup
2025-06-15 15:52:02:     return super().get_prep_lookup()
2025-06-15 15:52:02:   File "/root/selambingo3/venv/lib/python3.8/site-packages/django/db/models/lookups.py", line 85, in get_prep_lookup
2025-06-15 15:52:02:     return self.lhs.output_field.get_prep_value(self.rhs)
2025-06-15 15:52:02:   File "/root/selambingo3/venv/lib/python3.8/site-packages/django/db/models/fields/__init__.py", line 2057, in get_prep_value
2025-06-15 15:52:02:     raise e.__class__(
2025-06-15 15:52:02: ValueError: Field 'telegram_id' expected a number but got 'add-balance'.
2025-06-15 15:52:28: Not Found: /accounts/filter-users/6538515576/
2025-06-15 15:53:09: Bad Request: /payments/balance/
2025-06-15 15:53:11: Not Found: /accounts/filter-users/7712771088/
2025-06-15 15:53:33: Not Found: /accounts/filter-users/7712771088/
2025-06-15 15:53:58: Bad Request: /payments/balance/
2025-06-15 15:54:00: Not Found: /accounts/filter-users/7712771088/
2025-06-15 15:56:01: Not Found: /accounts/filter-users/8098302081/
2025-06-15 15:56:31: Not Found: /accounts/filter-users/5012432349/
2025-06-15 16:07:43: Internal Server Error: /payments/wallet/add-balance/
2025-06-15 16:07:43: Traceback (most recent call last):
2025-06-15 16:07:43:   File "/root/selambingo3/venv/lib/python3.8/site-packages/django/db/models/fields/__init__.py", line 2055, in get_prep_value
2025-06-15 16:07:43:     return int(value)
2025-06-15 16:07:43: ValueError: invalid literal for int() with base 10: 'add-balance'
2025-06-15 16:07:43: 
2025-06-15 16:07:43: The above exception was the direct cause of the following exception:
2025-06-15 16:07:43: 
2025-06-15 16:07:43: Traceback (most recent call last):
2025-06-15 16:07:43:   File "/root/selambingo3/venv/lib/python3.8/site-packages/django/core/handlers/exception.py", line 55, in inner
2025-06-15 16:07:43:     response = get_response(request)
2025-06-15 16:07:43:   File "/root/selambingo3/venv/lib/python3.8/site-packages/django/core/handlers/base.py", line 197, in _get_response
2025-06-15 16:07:43:     response = wrapped_callback(request, *callback_args, **callback_kwargs)
2025-06-15 16:07:43:   File "/root/selambingo3/venv/lib/python3.8/site-packages/django/views/decorators/csrf.py", line 56, in wrapper_view
2025-06-15 16:07:43:     return view_func(*args, **kwargs)
2025-06-15 16:07:43:   File "/root/selambingo3/payments/views.py", line 37, in get_wallet
2025-06-15 16:07:43:     telegram_user = TelegramUser.objects.filter(telegram_id=user_id).first()
2025-06-15 16:07:43:   File "/root/selambingo3/venv/lib/python3.8/site-packages/django/db/models/manager.py", line 87, in manager_method
2025-06-15 16:07:43:     return getattr(self.get_queryset(), name)(*args, **kwargs)
2025-06-15 16:07:43:   File "/root/selambingo3/venv/lib/python3.8/site-packages/django/db/models/query.py", line 1436, in filter
2025-06-15 16:07:43:     return self._filter_or_exclude(False, args, kwargs)
2025-06-15 16:07:43:   File "/root/selambingo3/venv/lib/python3.8/site-packages/django/db/models/query.py", line 1454, in _filter_or_exclude
2025-06-15 16:07:43:     clone._filter_or_exclude_inplace(negate, args, kwargs)
2025-06-15 16:07:43:   File "/root/selambingo3/venv/lib/python3.8/site-packages/django/db/models/query.py", line 1461, in _filter_or_exclude_inplace
2025-06-15 16:07:43:     self._query.add_q(Q(*args, **kwargs))
2025-06-15 16:07:43:   File "/root/selambingo3/venv/lib/python3.8/site-packages/django/db/models/sql/query.py", line 1498, in add_q
2025-06-15 16:07:43:     clause, _ = self._add_q(q_object, self.used_aliases)
2025-06-15 16:07:43:   File "/root/selambingo3/venv/lib/python3.8/site-packages/django/db/models/sql/query.py", line 1529, in _add_q
2025-06-15 16:07:43:     child_clause, needed_inner = self.build_filter(
2025-06-15 16:07:43:   File "/root/selambingo3/venv/lib/python3.8/site-packages/django/db/models/sql/query.py", line 1444, in build_filter
2025-06-15 16:07:43:     condition = self.build_lookup(lookups, col, value)
2025-06-15 16:07:43:   File "/root/selambingo3/venv/lib/python3.8/site-packages/django/db/models/sql/query.py", line 1271, in build_lookup
2025-06-15 16:07:43:     lookup = lookup_class(lhs, rhs)
2025-06-15 16:07:43:   File "/root/selambingo3/venv/lib/python3.8/site-packages/django/db/models/lookups.py", line 27, in __init__
2025-06-15 16:07:43:     self.rhs = self.get_prep_lookup()
2025-06-15 16:07:43:   File "/root/selambingo3/venv/lib/python3.8/site-packages/django/db/models/lookups.py", line 341, in get_prep_lookup
2025-06-15 16:07:43:     return super().get_prep_lookup()
2025-06-15 16:07:43:   File "/root/selambingo3/venv/lib/python3.8/site-packages/django/db/models/lookups.py", line 85, in get_prep_lookup
2025-06-15 16:07:43:     return self.lhs.output_field.get_prep_value(self.rhs)
2025-06-15 16:07:43:   File "/root/selambingo3/venv/lib/python3.8/site-packages/django/db/models/fields/__init__.py", line 2057, in get_prep_value
2025-06-15 16:07:43:     raise e.__class__(
2025-06-15 16:07:43: ValueError: Field 'telegram_id' expected a number but got 'add-balance'.
2025-06-15 16:08:07: Not Found: /accounts/filter-users/7058134158/
2025-06-15 16:14:03: Bad Request: /payments/balance/
2025-06-15 16:17:39: Invalid HTTP_HOST header: '188.245.75.205:8000'. You may need to add '188.245.75.205' to ALLOWED_HOSTS.
2025-06-15 16:17:39: Traceback (most recent call last):
2025-06-15 16:17:39:   File "/root/selambingo3/venv/lib/python3.8/site-packages/django/core/handlers/exception.py", line 55, in inner
2025-06-15 16:17:39:     response = get_response(request)
2025-06-15 16:17:39:   File "/root/selambingo3/venv/lib/python3.8/site-packages/django/utils/deprecation.py", line 133, in __call__
2025-06-15 16:17:39:     response = self.process_request(request)
2025-06-15 16:17:39:   File "/root/selambingo3/venv/lib/python3.8/site-packages/django/middleware/common.py", line 48, in process_request
2025-06-15 16:17:39:     host = request.get_host()
2025-06-15 16:17:39:   File "/root/selambingo3/venv/lib/python3.8/site-packages/django/http/request.py", line 167, in get_host
2025-06-15 16:17:39:     raise DisallowedHost(msg)
2025-06-15 16:17:39: django.core.exceptions.DisallowedHost: Invalid HTTP_HOST header: '188.245.75.205:8000'. You may need to add '188.245.75.205' to ALLOWED_HOSTS.
2025-06-15 16:17:39: Bad Request: /
2025-06-15 16:25:22: Not Found: /accounts/filter-users/7292481952/
2025-06-15 16:30:27: Bad Request: /payments/balance/
2025-06-15 16:42:20: Bad Request: /payments/balance/
2025-06-15 16:46:33: Not Found: /accounts/filter-users/6118795818/
2025-06-15 16:46:59: Not Found: /accounts/filter-users/7685334271/
2025-06-15 16:47:37: Not Found: /accounts/filter-users/7368251583/
2025-06-15 16:47:47: Bad Request: /payments/balance/
2025-06-15 16:49:07: Not Found: /accounts/filter-users/721965322/
2025-06-15 16:49:45: Bad Request: /payments/balance/
2025-06-15 16:49:47: Not Found: /accounts/filter-users/6787068168/
2025-06-15 16:50:02: Bad Request: /accounts/register/
2025-06-15 16:51:42: Not Found: /accounts/filter-users/7867265879/
2025-06-15 16:51:51: Internal Server Error: /payments/message/
2025-06-15 16:51:51: Traceback (most recent call last):
2025-06-15 16:51:51:   File "/root/selambingo3/venv/lib/python3.8/site-packages/django/core/handlers/exception.py", line 55, in inner
2025-06-15 16:51:51:     response = get_response(request)
2025-06-15 16:51:51:   File "/root/selambingo3/venv/lib/python3.8/site-packages/django/core/handlers/base.py", line 197, in _get_response
2025-06-15 16:51:51:     response = wrapped_callback(request, *callback_args, **callback_kwargs)
2025-06-15 16:51:51:   File "/root/selambingo3/venv/lib/python3.8/site-packages/django/views/decorators/csrf.py", line 56, in wrapper_view
2025-06-15 16:51:51:     return view_func(*args, **kwargs)
2025-06-15 16:51:51:   File "/root/selambingo3/payments/views.py", line 415, in deposit_message
2025-06-15 16:51:51:     transaction_number = transaction_match.group(1)
2025-06-15 16:51:51: AttributeError: 'NoneType' object has no attribute 'group'
2025-06-15 16:51:54: Internal Server Error: /payments/message/
2025-06-15 16:51:54: Traceback (most recent call last):
2025-06-15 16:51:54:   File "/root/selambingo3/venv/lib/python3.8/site-packages/django/core/handlers/exception.py", line 55, in inner
2025-06-15 16:51:54:     response = get_response(request)
2025-06-15 16:51:54:   File "/root/selambingo3/venv/lib/python3.8/site-packages/django/core/handlers/base.py", line 197, in _get_response
2025-06-15 16:51:54:     response = wrapped_callback(request, *callback_args, **callback_kwargs)
2025-06-15 16:51:54:   File "/root/selambingo3/venv/lib/python3.8/site-packages/django/views/decorators/csrf.py", line 56, in wrapper_view
2025-06-15 16:51:54:     return view_func(*args, **kwargs)
2025-06-15 16:51:54:   File "/root/selambingo3/payments/views.py", line 415, in deposit_message
2025-06-15 16:51:54:     transaction_number = transaction_match.group(1)
2025-06-15 16:51:54: AttributeError: 'NoneType' object has no attribute 'group'
2025-06-15 16:51:55: Internal Server Error: /payments/message/
2025-06-15 16:51:55: Traceback (most recent call last):
2025-06-15 16:51:55:   File "/root/selambingo3/venv/lib/python3.8/site-packages/django/core/handlers/exception.py", line 55, in inner
2025-06-15 16:51:55:     response = get_response(request)
2025-06-15 16:51:55:   File "/root/selambingo3/venv/lib/python3.8/site-packages/django/core/handlers/base.py", line 197, in _get_response
2025-06-15 16:51:55:     response = wrapped_callback(request, *callback_args, **callback_kwargs)
2025-06-15 16:51:55:   File "/root/selambingo3/venv/lib/python3.8/site-packages/django/views/decorators/csrf.py", line 56, in wrapper_view
2025-06-15 16:51:55:     return view_func(*args, **kwargs)
2025-06-15 16:51:55:   File "/root/selambingo3/payments/views.py", line 415, in deposit_message
2025-06-15 16:51:55:     transaction_number = transaction_match.group(1)
2025-06-15 16:51:55: AttributeError: 'NoneType' object has no attribute 'group'
2025-06-15 16:51:59: Internal Server Error: /payments/message/
2025-06-15 16:51:59: Traceback (most recent call last):
2025-06-15 16:51:59:   File "/root/selambingo3/venv/lib/python3.8/site-packages/django/core/handlers/exception.py", line 55, in inner
2025-06-15 16:51:59:     response = get_response(request)
2025-06-15 16:51:59:   File "/root/selambingo3/venv/lib/python3.8/site-packages/django/core/handlers/base.py", line 197, in _get_response
2025-06-15 16:51:59:     response = wrapped_callback(request, *callback_args, **callback_kwargs)
2025-06-15 16:51:59:   File "/root/selambingo3/venv/lib/python3.8/site-packages/django/views/decorators/csrf.py", line 56, in wrapper_view
2025-06-15 16:51:59:     return view_func(*args, **kwargs)
2025-06-15 16:51:59:   File "/root/selambingo3/payments/views.py", line 415, in deposit_message
2025-06-15 16:51:59:     transaction_number = transaction_match.group(1)
2025-06-15 16:51:59: AttributeError: 'NoneType' object has no attribute 'group'
2025-06-15 16:52:00: Internal Server Error: /payments/message/
2025-06-15 16:52:00: Traceback (most recent call last):
2025-06-15 16:52:00:   File "/root/selambingo3/venv/lib/python3.8/site-packages/django/core/handlers/exception.py", line 55, in inner
2025-06-15 16:52:00:     response = get_response(request)
2025-06-15 16:52:00:   File "/root/selambingo3/venv/lib/python3.8/site-packages/django/core/handlers/base.py", line 197, in _get_response
2025-06-15 16:52:00:     response = wrapped_callback(request, *callback_args, **callback_kwargs)
2025-06-15 16:52:00:   File "/root/selambingo3/venv/lib/python3.8/site-packages/django/views/decorators/csrf.py", line 56, in wrapper_view
2025-06-15 16:52:00:     return view_func(*args, **kwargs)
2025-06-15 16:52:00:   File "/root/selambingo3/payments/views.py", line 415, in deposit_message
2025-06-15 16:52:00:     transaction_number = transaction_match.group(1)
2025-06-15 16:52:00: AttributeError: 'NoneType' object has no attribute 'group'
2025-06-15 16:52:03: Internal Server Error: /payments/message/
2025-06-15 16:52:03: Traceback (most recent call last):
2025-06-15 16:52:03:   File "/root/selambingo3/venv/lib/python3.8/site-packages/django/core/handlers/exception.py", line 55, in inner
2025-06-15 16:52:03:     response = get_response(request)
2025-06-15 16:52:03:   File "/root/selambingo3/venv/lib/python3.8/site-packages/django/core/handlers/base.py", line 197, in _get_response
2025-06-15 16:52:03:     response = wrapped_callback(request, *callback_args, **callback_kwargs)
2025-06-15 16:52:03:   File "/root/selambingo3/venv/lib/python3.8/site-packages/django/views/decorators/csrf.py", line 56, in wrapper_view
2025-06-15 16:52:03:     return view_func(*args, **kwargs)
2025-06-15 16:52:03:   File "/root/selambingo3/payments/views.py", line 415, in deposit_message
2025-06-15 16:52:03:     transaction_number = transaction_match.group(1)
2025-06-15 16:52:03: AttributeError: 'NoneType' object has no attribute 'group'
2025-06-15 16:52:04: Internal Server Error: /payments/message/
2025-06-15 16:52:04: Traceback (most recent call last):
2025-06-15 16:52:04:   File "/root/selambingo3/venv/lib/python3.8/site-packages/django/core/handlers/exception.py", line 55, in inner
2025-06-15 16:52:04:     response = get_response(request)
2025-06-15 16:52:04:   File "/root/selambingo3/venv/lib/python3.8/site-packages/django/core/handlers/base.py", line 197, in _get_response
2025-06-15 16:52:04:     response = wrapped_callback(request, *callback_args, **callback_kwargs)
2025-06-15 16:52:04:   File "/root/selambingo3/venv/lib/python3.8/site-packages/django/views/decorators/csrf.py", line 56, in wrapper_view
2025-06-15 16:52:04:     return view_func(*args, **kwargs)
2025-06-15 16:52:04:   File "/root/selambingo3/payments/views.py", line 415, in deposit_message
2025-06-15 16:52:04:     transaction_number = transaction_match.group(1)
2025-06-15 16:52:04: AttributeError: 'NoneType' object has no attribute 'group'
2025-06-15 16:52:07: Internal Server Error: /payments/message/
2025-06-15 16:52:07: Traceback (most recent call last):
2025-06-15 16:52:07:   File "/root/selambingo3/venv/lib/python3.8/site-packages/django/core/handlers/exception.py", line 55, in inner
2025-06-15 16:52:07:     response = get_response(request)
2025-06-15 16:52:07:   File "/root/selambingo3/venv/lib/python3.8/site-packages/django/core/handlers/base.py", line 197, in _get_response
2025-06-15 16:52:07:     response = wrapped_callback(request, *callback_args, **callback_kwargs)
2025-06-15 16:52:07:   File "/root/selambingo3/venv/lib/python3.8/site-packages/django/views/decorators/csrf.py", line 56, in wrapper_view
2025-06-15 16:52:07:     return view_func(*args, **kwargs)
2025-06-15 16:52:07:   File "/root/selambingo3/payments/views.py", line 415, in deposit_message
2025-06-15 16:52:07:     transaction_number = transaction_match.group(1)
2025-06-15 16:52:07: AttributeError: 'NoneType' object has no attribute 'group'
2025-06-15 16:52:07: Bad Request: /payments/balance/
2025-06-15 16:52:08: Internal Server Error: /payments/message/
2025-06-15 16:52:08: Traceback (most recent call last):
2025-06-15 16:52:08:   File "/root/selambingo3/venv/lib/python3.8/site-packages/django/core/handlers/exception.py", line 55, in inner
2025-06-15 16:52:08:     response = get_response(request)
2025-06-15 16:52:08:   File "/root/selambingo3/venv/lib/python3.8/site-packages/django/core/handlers/base.py", line 197, in _get_response
2025-06-15 16:52:08:     response = wrapped_callback(request, *callback_args, **callback_kwargs)
2025-06-15 16:52:08:   File "/root/selambingo3/venv/lib/python3.8/site-packages/django/views/decorators/csrf.py", line 56, in wrapper_view
2025-06-15 16:52:08:     return view_func(*args, **kwargs)
2025-06-15 16:52:08:   File "/root/selambingo3/payments/views.py", line 415, in deposit_message
2025-06-15 16:52:08:     transaction_number = transaction_match.group(1)
2025-06-15 16:52:08: AttributeError: 'NoneType' object has no attribute 'group'
2025-06-15 16:52:09: Internal Server Error: /payments/message/
2025-06-15 16:52:09: Traceback (most recent call last):
2025-06-15 16:52:09:   File "/root/selambingo3/venv/lib/python3.8/site-packages/django/core/handlers/exception.py", line 55, in inner
2025-06-15 16:52:09:     response = get_response(request)
2025-06-15 16:52:09:   File "/root/selambingo3/venv/lib/python3.8/site-packages/django/core/handlers/base.py", line 197, in _get_response
2025-06-15 16:52:09:     response = wrapped_callback(request, *callback_args, **callback_kwargs)
2025-06-15 16:52:09:   File "/root/selambingo3/venv/lib/python3.8/site-packages/django/views/decorators/csrf.py", line 56, in wrapper_view
2025-06-15 16:52:09:     return view_func(*args, **kwargs)
2025-06-15 16:52:09:   File "/root/selambingo3/payments/views.py", line 415, in deposit_message
2025-06-15 16:52:09:     transaction_number = transaction_match.group(1)
2025-06-15 16:52:09: AttributeError: 'NoneType' object has no attribute 'group'
2025-06-15 16:52:09: Internal Server Error: /payments/message/
2025-06-15 16:52:09: Traceback (most recent call last):
2025-06-15 16:52:09:   File "/root/selambingo3/venv/lib/python3.8/site-packages/django/core/handlers/exception.py", line 55, in inner
2025-06-15 16:52:09:     response = get_response(request)
2025-06-15 16:52:09:   File "/root/selambingo3/venv/lib/python3.8/site-packages/django/core/handlers/base.py", line 197, in _get_response
2025-06-15 16:52:09:     response = wrapped_callback(request, *callback_args, **callback_kwargs)
2025-06-15 16:52:09:   File "/root/selambingo3/venv/lib/python3.8/site-packages/django/views/decorators/csrf.py", line 56, in wrapper_view
2025-06-15 16:52:09:     return view_func(*args, **kwargs)
2025-06-15 16:52:09:   File "/root/selambingo3/payments/views.py", line 415, in deposit_message
2025-06-15 16:52:09:     transaction_number = transaction_match.group(1)
2025-06-15 16:52:09: AttributeError: 'NoneType' object has no attribute 'group'
2025-06-15 16:52:09: Not Found: /accounts/filter-users/6787068168/
2025-06-15 16:52:13: Internal Server Error: /payments/message/
2025-06-15 16:52:13: Traceback (most recent call last):
2025-06-15 16:52:13:   File "/root/selambingo3/venv/lib/python3.8/site-packages/django/core/handlers/exception.py", line 55, in inner
2025-06-15 16:52:13:     response = get_response(request)
2025-06-15 16:52:13:   File "/root/selambingo3/venv/lib/python3.8/site-packages/django/core/handlers/base.py", line 197, in _get_response
2025-06-15 16:52:13:     response = wrapped_callback(request, *callback_args, **callback_kwargs)
2025-06-15 16:52:13:   File "/root/selambingo3/venv/lib/python3.8/site-packages/django/views/decorators/csrf.py", line 56, in wrapper_view
2025-06-15 16:52:13:     return view_func(*args, **kwargs)
2025-06-15 16:52:13:   File "/root/selambingo3/payments/views.py", line 415, in deposit_message
2025-06-15 16:52:13:     transaction_number = transaction_match.group(1)
2025-06-15 16:52:13: AttributeError: 'NoneType' object has no attribute 'group'
2025-06-15 16:52:14: Internal Server Error: /payments/message/
2025-06-15 16:52:14: Traceback (most recent call last):
2025-06-15 16:52:14:   File "/root/selambingo3/venv/lib/python3.8/site-packages/django/core/handlers/exception.py", line 55, in inner
2025-06-15 16:52:14:     response = get_response(request)
2025-06-15 16:52:14:   File "/root/selambingo3/venv/lib/python3.8/site-packages/django/core/handlers/base.py", line 197, in _get_response
2025-06-15 16:52:14:     response = wrapped_callback(request, *callback_args, **callback_kwargs)
2025-06-15 16:52:14:   File "/root/selambingo3/venv/lib/python3.8/site-packages/django/views/decorators/csrf.py", line 56, in wrapper_view
2025-06-15 16:52:14:     return view_func(*args, **kwargs)
2025-06-15 16:52:14:   File "/root/selambingo3/payments/views.py", line 415, in deposit_message
2025-06-15 16:52:14:     transaction_number = transaction_match.group(1)
2025-06-15 16:52:14: AttributeError: 'NoneType' object has no attribute 'group'
2025-06-15 16:52:15: Internal Server Error: /payments/message/
2025-06-15 16:52:15: Traceback (most recent call last):
2025-06-15 16:52:15:   File "/root/selambingo3/venv/lib/python3.8/site-packages/django/core/handlers/exception.py", line 55, in inner
2025-06-15 16:52:15:     response = get_response(request)
2025-06-15 16:52:15:   File "/root/selambingo3/venv/lib/python3.8/site-packages/django/core/handlers/base.py", line 197, in _get_response
2025-06-15 16:52:15:     response = wrapped_callback(request, *callback_args, **callback_kwargs)
2025-06-15 16:52:15:   File "/root/selambingo3/venv/lib/python3.8/site-packages/django/views/decorators/csrf.py", line 56, in wrapper_view
2025-06-15 16:52:15:     return view_func(*args, **kwargs)
2025-06-15 16:52:15:   File "/root/selambingo3/payments/views.py", line 415, in deposit_message
2025-06-15 16:52:15:     transaction_number = transaction_match.group(1)
2025-06-15 16:52:15: AttributeError: 'NoneType' object has no attribute 'group'
2025-06-15 16:52:16: Internal Server Error: /payments/message/
2025-06-15 16:52:16: Traceback (most recent call last):
2025-06-15 16:52:16:   File "/root/selambingo3/venv/lib/python3.8/site-packages/django/core/handlers/exception.py", line 55, in inner
2025-06-15 16:52:16:     response = get_response(request)
2025-06-15 16:52:16:   File "/root/selambingo3/venv/lib/python3.8/site-packages/django/core/handlers/base.py", line 197, in _get_response
2025-06-15 16:52:16:     response = wrapped_callback(request, *callback_args, **callback_kwargs)
2025-06-15 16:52:16:   File "/root/selambingo3/venv/lib/python3.8/site-packages/django/views/decorators/csrf.py", line 56, in wrapper_view
2025-06-15 16:52:16:     return view_func(*args, **kwargs)
2025-06-15 16:52:16:   File "/root/selambingo3/payments/views.py", line 415, in deposit_message
2025-06-15 16:52:16:     transaction_number = transaction_match.group(1)
2025-06-15 16:52:16: AttributeError: 'NoneType' object has no attribute 'group'
2025-06-15 16:52:17: Internal Server Error: /payments/message/
2025-06-15 16:52:17: Traceback (most recent call last):
2025-06-15 16:52:17:   File "/root/selambingo3/venv/lib/python3.8/site-packages/django/core/handlers/exception.py", line 55, in inner
2025-06-15 16:52:17:     response = get_response(request)
2025-06-15 16:52:17:   File "/root/selambingo3/venv/lib/python3.8/site-packages/django/core/handlers/base.py", line 197, in _get_response
2025-06-15 16:52:17:     response = wrapped_callback(request, *callback_args, **callback_kwargs)
2025-06-15 16:52:17:   File "/root/selambingo3/venv/lib/python3.8/site-packages/django/views/decorators/csrf.py", line 56, in wrapper_view
2025-06-15 16:52:17:     return view_func(*args, **kwargs)
2025-06-15 16:52:17:   File "/root/selambingo3/payments/views.py", line 415, in deposit_message
2025-06-15 16:52:17:     transaction_number = transaction_match.group(1)
2025-06-15 16:52:17: AttributeError: 'NoneType' object has no attribute 'group'
2025-06-15 16:52:21: Internal Server Error: /payments/message/
2025-06-15 16:52:21: Traceback (most recent call last):
2025-06-15 16:52:21:   File "/root/selambingo3/venv/lib/python3.8/site-packages/django/core/handlers/exception.py", line 55, in inner
2025-06-15 16:52:21:     response = get_response(request)
2025-06-15 16:52:21:   File "/root/selambingo3/venv/lib/python3.8/site-packages/django/core/handlers/base.py", line 197, in _get_response
2025-06-15 16:52:21:     response = wrapped_callback(request, *callback_args, **callback_kwargs)
2025-06-15 16:52:21:   File "/root/selambingo3/venv/lib/python3.8/site-packages/django/views/decorators/csrf.py", line 56, in wrapper_view
2025-06-15 16:52:21:     return view_func(*args, **kwargs)
2025-06-15 16:52:21:   File "/root/selambingo3/payments/views.py", line 415, in deposit_message
2025-06-15 16:52:21:     transaction_number = transaction_match.group(1)
2025-06-15 16:52:21: AttributeError: 'NoneType' object has no attribute 'group'
2025-06-15 16:52:22: Internal Server Error: /payments/message/
2025-06-15 16:52:22: Traceback (most recent call last):
2025-06-15 16:52:22:   File "/root/selambingo3/venv/lib/python3.8/site-packages/django/core/handlers/exception.py", line 55, in inner
2025-06-15 16:52:22:     response = get_response(request)
2025-06-15 16:52:22:   File "/root/selambingo3/venv/lib/python3.8/site-packages/django/core/handlers/base.py", line 197, in _get_response
2025-06-15 16:52:22:     response = wrapped_callback(request, *callback_args, **callback_kwargs)
2025-06-15 16:52:22:   File "/root/selambingo3/venv/lib/python3.8/site-packages/django/views/decorators/csrf.py", line 56, in wrapper_view
2025-06-15 16:52:22:     return view_func(*args, **kwargs)
2025-06-15 16:52:22:   File "/root/selambingo3/payments/views.py", line 415, in deposit_message
2025-06-15 16:52:22:     transaction_number = transaction_match.group(1)
2025-06-15 16:52:22: AttributeError: 'NoneType' object has no attribute 'group'
2025-06-15 16:52:23: Internal Server Error: /payments/message/
2025-06-15 16:52:23: Traceback (most recent call last):
2025-06-15 16:52:23:   File "/root/selambingo3/venv/lib/python3.8/site-packages/django/core/handlers/exception.py", line 55, in inner
2025-06-15 16:52:23:     response = get_response(request)
2025-06-15 16:52:23:   File "/root/selambingo3/venv/lib/python3.8/site-packages/django/core/handlers/base.py", line 197, in _get_response
2025-06-15 16:52:23:     response = wrapped_callback(request, *callback_args, **callback_kwargs)
2025-06-15 16:52:23:   File "/root/selambingo3/venv/lib/python3.8/site-packages/django/views/decorators/csrf.py", line 56, in wrapper_view
2025-06-15 16:52:23:     return view_func(*args, **kwargs)
2025-06-15 16:52:23:   File "/root/selambingo3/payments/views.py", line 415, in deposit_message
2025-06-15 16:52:23:     transaction_number = transaction_match.group(1)
2025-06-15 16:52:23: AttributeError: 'NoneType' object has no attribute 'group'
2025-06-15 16:52:24: Internal Server Error: /payments/message/
2025-06-15 16:52:24: Traceback (most recent call last):
2025-06-15 16:52:24:   File "/root/selambingo3/venv/lib/python3.8/site-packages/django/core/handlers/exception.py", line 55, in inner
2025-06-15 16:52:24:     response = get_response(request)
2025-06-15 16:52:24:   File "/root/selambingo3/venv/lib/python3.8/site-packages/django/core/handlers/base.py", line 197, in _get_response
2025-06-15 16:52:24:     response = wrapped_callback(request, *callback_args, **callback_kwargs)
2025-06-15 16:52:24:   File "/root/selambingo3/venv/lib/python3.8/site-packages/django/views/decorators/csrf.py", line 56, in wrapper_view
2025-06-15 16:52:24:     return view_func(*args, **kwargs)
2025-06-15 16:52:24:   File "/root/selambingo3/payments/views.py", line 415, in deposit_message
2025-06-15 16:52:24:     transaction_number = transaction_match.group(1)
2025-06-15 16:52:24: AttributeError: 'NoneType' object has no attribute 'group'
2025-06-15 16:52:28: Internal Server Error: /payments/message/
2025-06-15 16:52:28: Traceback (most recent call last):
2025-06-15 16:52:28:   File "/root/selambingo3/venv/lib/python3.8/site-packages/django/core/handlers/exception.py", line 55, in inner
2025-06-15 16:52:28:     response = get_response(request)
2025-06-15 16:52:28:   File "/root/selambingo3/venv/lib/python3.8/site-packages/django/core/handlers/base.py", line 197, in _get_response
2025-06-15 16:52:28:     response = wrapped_callback(request, *callback_args, **callback_kwargs)
2025-06-15 16:52:28:   File "/root/selambingo3/venv/lib/python3.8/site-packages/django/views/decorators/csrf.py", line 56, in wrapper_view
2025-06-15 16:52:28:     return view_func(*args, **kwargs)
2025-06-15 16:52:28:   File "/root/selambingo3/payments/views.py", line 415, in deposit_message
2025-06-15 16:52:28:     transaction_number = transaction_match.group(1)
2025-06-15 16:52:28: AttributeError: 'NoneType' object has no attribute 'group'
2025-06-15 16:52:29: Internal Server Error: /payments/message/
2025-06-15 16:52:29: Traceback (most recent call last):
2025-06-15 16:52:29:   File "/root/selambingo3/venv/lib/python3.8/site-packages/django/core/handlers/exception.py", line 55, in inner
2025-06-15 16:52:29:     response = get_response(request)
2025-06-15 16:52:29:   File "/root/selambingo3/venv/lib/python3.8/site-packages/django/core/handlers/base.py", line 197, in _get_response
2025-06-15 16:52:29:     response = wrapped_callback(request, *callback_args, **callback_kwargs)
2025-06-15 16:52:29:   File "/root/selambingo3/venv/lib/python3.8/site-packages/django/views/decorators/csrf.py", line 56, in wrapper_view
2025-06-15 16:52:29:     return view_func(*args, **kwargs)
2025-06-15 16:52:29:   File "/root/selambingo3/payments/views.py", line 415, in deposit_message
2025-06-15 16:52:29:     transaction_number = transaction_match.group(1)
2025-06-15 16:52:29: AttributeError: 'NoneType' object has no attribute 'group'
2025-06-15 16:52:30: Internal Server Error: /payments/message/
2025-06-15 16:52:30: Traceback (most recent call last):
2025-06-15 16:52:30:   File "/root/selambingo3/venv/lib/python3.8/site-packages/django/core/handlers/exception.py", line 55, in inner
2025-06-15 16:52:30:     response = get_response(request)
2025-06-15 16:52:30:   File "/root/selambingo3/venv/lib/python3.8/site-packages/django/core/handlers/base.py", line 197, in _get_response
2025-06-15 16:52:30:     response = wrapped_callback(request, *callback_args, **callback_kwargs)
2025-06-15 16:52:30:   File "/root/selambingo3/venv/lib/python3.8/site-packages/django/views/decorators/csrf.py", line 56, in wrapper_view
2025-06-15 16:52:30:     return view_func(*args, **kwargs)
2025-06-15 16:52:30:   File "/root/selambingo3/payments/views.py", line 415, in deposit_message
2025-06-15 16:52:30:     transaction_number = transaction_match.group(1)
2025-06-15 16:52:30: AttributeError: 'NoneType' object has no attribute 'group'
2025-06-15 16:52:31: Internal Server Error: /payments/message/
2025-06-15 16:52:31: Traceback (most recent call last):
2025-06-15 16:52:31:   File "/root/selambingo3/venv/lib/python3.8/site-packages/django/core/handlers/exception.py", line 55, in inner
2025-06-15 16:52:31:     response = get_response(request)
2025-06-15 16:52:31:   File "/root/selambingo3/venv/lib/python3.8/site-packages/django/core/handlers/base.py", line 197, in _get_response
2025-06-15 16:52:31:     response = wrapped_callback(request, *callback_args, **callback_kwargs)
2025-06-15 16:52:31:   File "/root/selambingo3/venv/lib/python3.8/site-packages/django/views/decorators/csrf.py", line 56, in wrapper_view
2025-06-15 16:52:31:     return view_func(*args, **kwargs)
2025-06-15 16:52:31:   File "/root/selambingo3/payments/views.py", line 415, in deposit_message
2025-06-15 16:52:31:     transaction_number = transaction_match.group(1)
2025-06-15 16:52:31: AttributeError: 'NoneType' object has no attribute 'group'
2025-06-15 16:52:34: Internal Server Error: /payments/message/
2025-06-15 16:52:34: Traceback (most recent call last):
2025-06-15 16:52:34:   File "/root/selambingo3/venv/lib/python3.8/site-packages/django/core/handlers/exception.py", line 55, in inner
2025-06-15 16:52:34:     response = get_response(request)
2025-06-15 16:52:34:   File "/root/selambingo3/venv/lib/python3.8/site-packages/django/core/handlers/base.py", line 197, in _get_response
2025-06-15 16:52:34:     response = wrapped_callback(request, *callback_args, **callback_kwargs)
2025-06-15 16:52:34:   File "/root/selambingo3/venv/lib/python3.8/site-packages/django/views/decorators/csrf.py", line 56, in wrapper_view
2025-06-15 16:52:34:     return view_func(*args, **kwargs)
2025-06-15 16:52:34:   File "/root/selambingo3/payments/views.py", line 415, in deposit_message
2025-06-15 16:52:34:     transaction_number = transaction_match.group(1)
2025-06-15 16:52:34: AttributeError: 'NoneType' object has no attribute 'group'
2025-06-15 16:52:35: Internal Server Error: /payments/message/
2025-06-15 16:52:35: Traceback (most recent call last):
2025-06-15 16:52:35:   File "/root/selambingo3/venv/lib/python3.8/site-packages/django/core/handlers/exception.py", line 55, in inner
2025-06-15 16:52:35:     response = get_response(request)
2025-06-15 16:52:35:   File "/root/selambingo3/venv/lib/python3.8/site-packages/django/core/handlers/base.py", line 197, in _get_response
2025-06-15 16:52:35:     response = wrapped_callback(request, *callback_args, **callback_kwargs)
2025-06-15 16:52:35:   File "/root/selambingo3/venv/lib/python3.8/site-packages/django/views/decorators/csrf.py", line 56, in wrapper_view
2025-06-15 16:52:35:     return view_func(*args, **kwargs)
2025-06-15 16:52:35:   File "/root/selambingo3/payments/views.py", line 415, in deposit_message
2025-06-15 16:52:35:     transaction_number = transaction_match.group(1)
2025-06-15 16:52:35: AttributeError: 'NoneType' object has no attribute 'group'
2025-06-15 16:52:36: Internal Server Error: /payments/message/
2025-06-15 16:52:36: Traceback (most recent call last):
2025-06-15 16:52:36:   File "/root/selambingo3/venv/lib/python3.8/site-packages/django/core/handlers/exception.py", line 55, in inner
2025-06-15 16:52:36:     response = get_response(request)
2025-06-15 16:52:36:   File "/root/selambingo3/venv/lib/python3.8/site-packages/django/core/handlers/base.py", line 197, in _get_response
2025-06-15 16:52:36:     response = wrapped_callback(request, *callback_args, **callback_kwargs)
2025-06-15 16:52:36:   File "/root/selambingo3/venv/lib/python3.8/site-packages/django/views/decorators/csrf.py", line 56, in wrapper_view
2025-06-15 16:52:36:     return view_func(*args, **kwargs)
2025-06-15 16:52:36:   File "/root/selambingo3/payments/views.py", line 415, in deposit_message
2025-06-15 16:52:36:     transaction_number = transaction_match.group(1)
2025-06-15 16:52:36: AttributeError: 'NoneType' object has no attribute 'group'
2025-06-15 16:52:37: Internal Server Error: /payments/message/
2025-06-15 16:52:37: Traceback (most recent call last):
2025-06-15 16:52:37:   File "/root/selambingo3/venv/lib/python3.8/site-packages/django/core/handlers/exception.py", line 55, in inner
2025-06-15 16:52:37:     response = get_response(request)
2025-06-15 16:52:37:   File "/root/selambingo3/venv/lib/python3.8/site-packages/django/core/handlers/base.py", line 197, in _get_response
2025-06-15 16:52:37:     response = wrapped_callback(request, *callback_args, **callback_kwargs)
2025-06-15 16:52:37:   File "/root/selambingo3/venv/lib/python3.8/site-packages/django/views/decorators/csrf.py", line 56, in wrapper_view
2025-06-15 16:52:37:     return view_func(*args, **kwargs)
2025-06-15 16:52:37:   File "/root/selambingo3/payments/views.py", line 415, in deposit_message
2025-06-15 16:52:37:     transaction_number = transaction_match.group(1)
2025-06-15 16:52:37: AttributeError: 'NoneType' object has no attribute 'group'
2025-06-15 16:52:38: Internal Server Error: /payments/message/
2025-06-15 16:52:38: Traceback (most recent call last):
2025-06-15 16:52:38:   File "/root/selambingo3/venv/lib/python3.8/site-packages/django/core/handlers/exception.py", line 55, in inner
2025-06-15 16:52:38:     response = get_response(request)
2025-06-15 16:52:38:   File "/root/selambingo3/venv/lib/python3.8/site-packages/django/core/handlers/base.py", line 197, in _get_response
2025-06-15 16:52:38:     response = wrapped_callback(request, *callback_args, **callback_kwargs)
2025-06-15 16:52:38:   File "/root/selambingo3/venv/lib/python3.8/site-packages/django/views/decorators/csrf.py", line 56, in wrapper_view
2025-06-15 16:52:38:     return view_func(*args, **kwargs)
2025-06-15 16:52:38:   File "/root/selambingo3/payments/views.py", line 415, in deposit_message
2025-06-15 16:52:38:     transaction_number = transaction_match.group(1)
2025-06-15 16:52:38: AttributeError: 'NoneType' object has no attribute 'group'
2025-06-15 16:52:39: Internal Server Error: /payments/message/
2025-06-15 16:52:39: Traceback (most recent call last):
2025-06-15 16:52:39:   File "/root/selambingo3/venv/lib/python3.8/site-packages/django/core/handlers/exception.py", line 55, in inner
2025-06-15 16:52:39:     response = get_response(request)
2025-06-15 16:52:39:   File "/root/selambingo3/venv/lib/python3.8/site-packages/django/core/handlers/base.py", line 197, in _get_response
2025-06-15 16:52:39:     response = wrapped_callback(request, *callback_args, **callback_kwargs)
2025-06-15 16:52:39:   File "/root/selambingo3/venv/lib/python3.8/site-packages/django/views/decorators/csrf.py", line 56, in wrapper_view
2025-06-15 16:52:39:     return view_func(*args, **kwargs)
2025-06-15 16:52:39:   File "/root/selambingo3/payments/views.py", line 415, in deposit_message
2025-06-15 16:52:39:     transaction_number = transaction_match.group(1)
2025-06-15 16:52:39: AttributeError: 'NoneType' object has no attribute 'group'
2025-06-15 16:52:42: Internal Server Error: /payments/message/
2025-06-15 16:52:42: Traceback (most recent call last):
2025-06-15 16:52:42:   File "/root/selambingo3/venv/lib/python3.8/site-packages/django/core/handlers/exception.py", line 55, in inner
2025-06-15 16:52:42:     response = get_response(request)
2025-06-15 16:52:42:   File "/root/selambingo3/venv/lib/python3.8/site-packages/django/core/handlers/base.py", line 197, in _get_response
2025-06-15 16:52:42:     response = wrapped_callback(request, *callback_args, **callback_kwargs)
2025-06-15 16:52:42:   File "/root/selambingo3/venv/lib/python3.8/site-packages/django/views/decorators/csrf.py", line 56, in wrapper_view
2025-06-15 16:52:42:     return view_func(*args, **kwargs)
2025-06-15 16:52:42:   File "/root/selambingo3/payments/views.py", line 415, in deposit_message
2025-06-15 16:52:42:     transaction_number = transaction_match.group(1)
2025-06-15 16:52:42: AttributeError: 'NoneType' object has no attribute 'group'
2025-06-15 16:52:46: Internal Server Error: /payments/message/
2025-06-15 16:52:46: Traceback (most recent call last):
2025-06-15 16:52:46:   File "/root/selambingo3/venv/lib/python3.8/site-packages/django/core/handlers/exception.py", line 55, in inner
2025-06-15 16:52:46:     response = get_response(request)
2025-06-15 16:52:46:   File "/root/selambingo3/venv/lib/python3.8/site-packages/django/core/handlers/base.py", line 197, in _get_response
2025-06-15 16:52:46:     response = wrapped_callback(request, *callback_args, **callback_kwargs)
2025-06-15 16:52:46:   File "/root/selambingo3/venv/lib/python3.8/site-packages/django/views/decorators/csrf.py", line 56, in wrapper_view
2025-06-15 16:52:46:     return view_func(*args, **kwargs)
2025-06-15 16:52:46:   File "/root/selambingo3/payments/views.py", line 415, in deposit_message
2025-06-15 16:52:46:     transaction_number = transaction_match.group(1)
2025-06-15 16:52:46: AttributeError: 'NoneType' object has no attribute 'group'
2025-06-15 16:52:49: Internal Server Error: /payments/message/
2025-06-15 16:52:49: Traceback (most recent call last):
2025-06-15 16:52:49:   File "/root/selambingo3/venv/lib/python3.8/site-packages/django/core/handlers/exception.py", line 55, in inner
2025-06-15 16:52:49:     response = get_response(request)
2025-06-15 16:52:49:   File "/root/selambingo3/venv/lib/python3.8/site-packages/django/core/handlers/base.py", line 197, in _get_response
2025-06-15 16:52:49:     response = wrapped_callback(request, *callback_args, **callback_kwargs)
2025-06-15 16:52:49:   File "/root/selambingo3/venv/lib/python3.8/site-packages/django/views/decorators/csrf.py", line 56, in wrapper_view
2025-06-15 16:52:49:     return view_func(*args, **kwargs)
2025-06-15 16:52:49:   File "/root/selambingo3/payments/views.py", line 415, in deposit_message
2025-06-15 16:52:49:     transaction_number = transaction_match.group(1)
2025-06-15 16:52:49: AttributeError: 'NoneType' object has no attribute 'group'
2025-06-15 16:52:53: Internal Server Error: /payments/message/
2025-06-15 16:52:53: Traceback (most recent call last):
2025-06-15 16:52:53:   File "/root/selambingo3/venv/lib/python3.8/site-packages/django/core/handlers/exception.py", line 55, in inner
2025-06-15 16:52:53:     response = get_response(request)
2025-06-15 16:52:53:   File "/root/selambingo3/venv/lib/python3.8/site-packages/django/core/handlers/base.py", line 197, in _get_response
2025-06-15 16:52:53:     response = wrapped_callback(request, *callback_args, **callback_kwargs)
2025-06-15 16:52:53:   File "/root/selambingo3/venv/lib/python3.8/site-packages/django/views/decorators/csrf.py", line 56, in wrapper_view
2025-06-15 16:52:53:     return view_func(*args, **kwargs)
2025-06-15 16:52:53:   File "/root/selambingo3/payments/views.py", line 415, in deposit_message
2025-06-15 16:52:53:     transaction_number = transaction_match.group(1)
2025-06-15 16:52:53: AttributeError: 'NoneType' object has no attribute 'group'
2025-06-15 16:56:02: Invalid HTTP_HOST header: '188.245.75.205:8000'. You may need to add '188.245.75.205' to ALLOWED_HOSTS.
2025-06-15 16:56:02: Traceback (most recent call last):
2025-06-15 16:56:02:   File "/root/selambingo3/venv/lib/python3.8/site-packages/django/core/handlers/exception.py", line 55, in inner
2025-06-15 16:56:02:     response = get_response(request)
2025-06-15 16:56:02:   File "/root/selambingo3/venv/lib/python3.8/site-packages/django/utils/deprecation.py", line 133, in __call__
2025-06-15 16:56:02:     response = self.process_request(request)
2025-06-15 16:56:02:   File "/root/selambingo3/venv/lib/python3.8/site-packages/django/middleware/common.py", line 48, in process_request
2025-06-15 16:56:02:     host = request.get_host()
2025-06-15 16:56:02:   File "/root/selambingo3/venv/lib/python3.8/site-packages/django/http/request.py", line 167, in get_host
2025-06-15 16:56:02:     raise DisallowedHost(msg)
2025-06-15 16:56:02: django.core.exceptions.DisallowedHost: Invalid HTTP_HOST header: '188.245.75.205:8000'. You may need to add '188.245.75.205' to ALLOWED_HOSTS.
2025-06-15 16:56:02: Bad Request: /
2025-06-15 16:57:35: Not Found: /accounts/filter-users/6939679614/
2025-06-15 16:59:09: Not Found: /accounts/filter-users/299641440/
2025-06-15 16:59:25: Not Found: /accounts/filter-users/299641440/
2025-06-15 17:04:41: Not Found: /accounts/filter-users/1719665265/
2025-06-15 17:05:18: Bad Request: /payments/balance/
2025-06-15 17:12:39: Invalid HTTP_HOST header: '188.245.75.205:8000'. You may need to add '188.245.75.205' to ALLOWED_HOSTS.
2025-06-15 17:12:39: Traceback (most recent call last):
2025-06-15 17:12:39:   File "/root/selambingo3/venv/lib/python3.8/site-packages/django/core/handlers/exception.py", line 55, in inner
2025-06-15 17:12:39:     response = get_response(request)
2025-06-15 17:12:39:   File "/root/selambingo3/venv/lib/python3.8/site-packages/django/utils/deprecation.py", line 133, in __call__
2025-06-15 17:12:39:     response = self.process_request(request)
2025-06-15 17:12:39:   File "/root/selambingo3/venv/lib/python3.8/site-packages/django/middleware/common.py", line 48, in process_request
2025-06-15 17:12:39:     host = request.get_host()
2025-06-15 17:12:39:   File "/root/selambingo3/venv/lib/python3.8/site-packages/django/http/request.py", line 167, in get_host
2025-06-15 17:12:39:     raise DisallowedHost(msg)
2025-06-15 17:12:39: django.core.exceptions.DisallowedHost: Invalid HTTP_HOST header: '188.245.75.205:8000'. You may need to add '188.245.75.205' to ALLOWED_HOSTS.
2025-06-15 17:12:39: Bad Request: /
2025-06-15 17:14:56: Invalid HTTP_HOST header: '188.245.75.205:8000'. You may need to add '188.245.75.205' to ALLOWED_HOSTS.
2025-06-15 17:14:56: Traceback (most recent call last):
2025-06-15 17:14:56:   File "/root/selambingo3/venv/lib/python3.8/site-packages/django/core/handlers/exception.py", line 55, in inner
2025-06-15 17:14:56:     response = get_response(request)
2025-06-15 17:14:56:   File "/root/selambingo3/venv/lib/python3.8/site-packages/django/utils/deprecation.py", line 133, in __call__
2025-06-15 17:14:56:     response = self.process_request(request)
2025-06-15 17:14:56:   File "/root/selambingo3/venv/lib/python3.8/site-packages/django/middleware/common.py", line 48, in process_request
2025-06-15 17:14:56:     host = request.get_host()
2025-06-15 17:14:56:   File "/root/selambingo3/venv/lib/python3.8/site-packages/django/http/request.py", line 167, in get_host
2025-06-15 17:14:56:     raise DisallowedHost(msg)
2025-06-15 17:14:56: django.core.exceptions.DisallowedHost: Invalid HTTP_HOST header: '188.245.75.205:8000'. You may need to add '188.245.75.205' to ALLOWED_HOSTS.
2025-06-15 17:14:56: Bad Request: /
2025-06-15 17:25:35: Not Found: /accounts/filter-users/7711746518/
2025-06-15 17:26:39: Internal Server Error: /payments/message/
2025-06-15 17:26:39: Traceback (most recent call last):
2025-06-15 17:26:39:   File "/root/selambingo3/venv/lib/python3.8/site-packages/django/core/handlers/exception.py", line 55, in inner
2025-06-15 17:26:39:     response = get_response(request)
2025-06-15 17:26:39:   File "/root/selambingo3/venv/lib/python3.8/site-packages/django/core/handlers/base.py", line 197, in _get_response
2025-06-15 17:26:39:     response = wrapped_callback(request, *callback_args, **callback_kwargs)
2025-06-15 17:26:39:   File "/root/selambingo3/venv/lib/python3.8/site-packages/django/views/decorators/csrf.py", line 56, in wrapper_view
2025-06-15 17:26:39:     return view_func(*args, **kwargs)
2025-06-15 17:26:39:   File "/root/selambingo3/payments/views.py", line 415, in deposit_message
2025-06-15 17:26:39:     transaction_number = transaction_match.group(1)
2025-06-15 17:26:39: AttributeError: 'NoneType' object has no attribute 'group'
2025-06-15 17:26:43: Internal Server Error: /payments/message/
2025-06-15 17:26:43: Traceback (most recent call last):
2025-06-15 17:26:43:   File "/root/selambingo3/venv/lib/python3.8/site-packages/django/core/handlers/exception.py", line 55, in inner
2025-06-15 17:26:43:     response = get_response(request)
2025-06-15 17:26:43:   File "/root/selambingo3/venv/lib/python3.8/site-packages/django/core/handlers/base.py", line 197, in _get_response
2025-06-15 17:26:43:     response = wrapped_callback(request, *callback_args, **callback_kwargs)
2025-06-15 17:26:43:   File "/root/selambingo3/venv/lib/python3.8/site-packages/django/views/decorators/csrf.py", line 56, in wrapper_view
2025-06-15 17:26:43:     return view_func(*args, **kwargs)
2025-06-15 17:26:43:   File "/root/selambingo3/payments/views.py", line 415, in deposit_message
2025-06-15 17:26:43:     transaction_number = transaction_match.group(1)
2025-06-15 17:26:43: AttributeError: 'NoneType' object has no attribute 'group'
2025-06-15 17:26:46: Internal Server Error: /payments/message/
2025-06-15 17:26:46: Traceback (most recent call last):
2025-06-15 17:26:46:   File "/root/selambingo3/venv/lib/python3.8/site-packages/django/core/handlers/exception.py", line 55, in inner
2025-06-15 17:26:46:     response = get_response(request)
2025-06-15 17:26:46:   File "/root/selambingo3/venv/lib/python3.8/site-packages/django/core/handlers/base.py", line 197, in _get_response
2025-06-15 17:26:46:     response = wrapped_callback(request, *callback_args, **callback_kwargs)
2025-06-15 17:26:46:   File "/root/selambingo3/venv/lib/python3.8/site-packages/django/views/decorators/csrf.py", line 56, in wrapper_view
2025-06-15 17:26:46:     return view_func(*args, **kwargs)
2025-06-15 17:26:46:   File "/root/selambingo3/payments/views.py", line 415, in deposit_message
2025-06-15 17:26:46:     transaction_number = transaction_match.group(1)
2025-06-15 17:26:46: AttributeError: 'NoneType' object has no attribute 'group'
2025-06-15 17:27:53: Internal Server Error: /payments/message/
2025-06-15 17:27:53: Traceback (most recent call last):
2025-06-15 17:27:53:   File "/root/selambingo3/venv/lib/python3.8/site-packages/django/core/handlers/exception.py", line 55, in inner
2025-06-15 17:27:53:     response = get_response(request)
2025-06-15 17:27:53:   File "/root/selambingo3/venv/lib/python3.8/site-packages/django/core/handlers/base.py", line 197, in _get_response
2025-06-15 17:27:53:     response = wrapped_callback(request, *callback_args, **callback_kwargs)
2025-06-15 17:27:53:   File "/root/selambingo3/venv/lib/python3.8/site-packages/django/views/decorators/csrf.py", line 56, in wrapper_view
2025-06-15 17:27:53:     return view_func(*args, **kwargs)
2025-06-15 17:27:53:   File "/root/selambingo3/payments/views.py", line 415, in deposit_message
2025-06-15 17:27:53:     transaction_number = transaction_match.group(1)
2025-06-15 17:27:53: AttributeError: 'NoneType' object has no attribute 'group'
2025-06-15 17:27:57: Internal Server Error: /payments/message/
2025-06-15 17:27:57: Traceback (most recent call last):
2025-06-15 17:27:57:   File "/root/selambingo3/venv/lib/python3.8/site-packages/django/core/handlers/exception.py", line 55, in inner
2025-06-15 17:27:57:     response = get_response(request)
2025-06-15 17:27:57:   File "/root/selambingo3/venv/lib/python3.8/site-packages/django/core/handlers/base.py", line 197, in _get_response
2025-06-15 17:27:57:     response = wrapped_callback(request, *callback_args, **callback_kwargs)
2025-06-15 17:27:57:   File "/root/selambingo3/venv/lib/python3.8/site-packages/django/views/decorators/csrf.py", line 56, in wrapper_view
2025-06-15 17:27:57:     return view_func(*args, **kwargs)
2025-06-15 17:27:57:   File "/root/selambingo3/payments/views.py", line 415, in deposit_message
2025-06-15 17:27:57:     transaction_number = transaction_match.group(1)
2025-06-15 17:27:57: AttributeError: 'NoneType' object has no attribute 'group'
2025-06-15 17:28:30: Not Found: /accounts/filter-users/7150203840/
2025-06-15 17:30:00: Not Found: /accounts/filter-users/7188843614/
2025-06-15 17:30:10: Not Found: /accounts/filter-users/7188843614/
2025-06-15 17:39:50: Bad Request: /accounts/register/
2025-06-15 17:51:58: Not Found: /accounts/filter-users/7814448954/
2025-06-15 17:57:19: Not Found: /accounts/filter-users/7902337595/
2025-06-15 17:57:33: Not Found: /accounts/filter-users/5063954185/
2025-06-15 18:04:58: Not Found: /accounts/filter-users/7712524852/
2025-06-15 18:13:23: Not Found: /accounts/filter-users/6904300245/
2025-06-15 18:18:09: Bad Request: /payments/balance/
2025-06-15 18:18:39: Not Found: /accounts/filter-users/8107857727/
2025-06-15 18:23:24: Not Found: /accounts/filter-users/1956631012/
2025-06-15 18:24:14: Not Found: /accounts/filter-users/7372388473/
2025-06-15 18:24:17: Bad Request: /accounts/register/
2025-06-15 18:24:59: Bad Request: /payments/balance/
2025-06-15 18:25:02: Not Found: /accounts/filter-users/7372388473/
2025-06-15 18:25:09: Bad Request: /payments/balance/
2025-06-15 18:25:11: Not Found: /accounts/filter-users/7372388473/
2025-06-15 18:25:16: Not Found: /accounts/filter-users/7372388473/
2025-06-15 18:25:21: Not Found: /accounts/filter-users/7372388473/
2025-06-15 18:25:32: Bad Request: /payments/balance/
2025-06-15 18:25:37: Bad Request: /payments/balance/
2025-06-15 18:25:47: Not Found: /accounts/filter-users/7372388473/
2025-06-15 18:26:04: Bad Request: /accounts/register/
2025-06-15 18:26:12: Not Found: /accounts/filter-users/7372388473/
2025-06-15 18:26:42: Not Found: /accounts/filter-users/7372388473/
2025-06-15 18:26:47: Not Found: /accounts/filter-users/7372388473/
2025-06-15 18:28:26: Not Found: /accounts/filter-users/6835741892/
2025-06-15 18:30:34: Not Found: /accounts/filter-users/7409622634/
2025-06-15 18:36:07: Not Found: /accounts/filter-users/8077425074/
2025-06-15 18:36:21: Invalid HTTP_HOST header: '188.245.75.205:8000'. You may need to add '188.245.75.205' to ALLOWED_HOSTS.
2025-06-15 18:36:21: Traceback (most recent call last):
2025-06-15 18:36:21:   File "/root/selambingo3/venv/lib/python3.8/site-packages/django/core/handlers/exception.py", line 55, in inner
2025-06-15 18:36:21:     response = get_response(request)
2025-06-15 18:36:21:   File "/root/selambingo3/venv/lib/python3.8/site-packages/django/utils/deprecation.py", line 133, in __call__
2025-06-15 18:36:21:     response = self.process_request(request)
2025-06-15 18:36:21:   File "/root/selambingo3/venv/lib/python3.8/site-packages/django/middleware/common.py", line 48, in process_request
2025-06-15 18:36:21:     host = request.get_host()
2025-06-15 18:36:21:   File "/root/selambingo3/venv/lib/python3.8/site-packages/django/http/request.py", line 167, in get_host
2025-06-15 18:36:21:     raise DisallowedHost(msg)
2025-06-15 18:36:21: django.core.exceptions.DisallowedHost: Invalid HTTP_HOST header: '188.245.75.205:8000'. You may need to add '188.245.75.205' to ALLOWED_HOSTS.
2025-06-15 18:36:21: Bad Request: /
2025-06-15 18:39:09: Not Found: /accounts/filter-users/5822008475/
2025-06-15 18:39:21: Internal Server Error: /payments/wallet/add-balance/
2025-06-15 18:39:21: Traceback (most recent call last):
2025-06-15 18:39:21:   File "/root/selambingo3/venv/lib/python3.8/site-packages/django/db/models/fields/__init__.py", line 2055, in get_prep_value
2025-06-15 18:39:21:     return int(value)
2025-06-15 18:39:21: ValueError: invalid literal for int() with base 10: 'add-balance'
2025-06-15 18:39:21: 
2025-06-15 18:39:21: The above exception was the direct cause of the following exception:
2025-06-15 18:39:21: 
2025-06-15 18:39:21: Traceback (most recent call last):
2025-06-15 18:39:21:   File "/root/selambingo3/venv/lib/python3.8/site-packages/django/core/handlers/exception.py", line 55, in inner
2025-06-15 18:39:21:     response = get_response(request)
2025-06-15 18:39:21:   File "/root/selambingo3/venv/lib/python3.8/site-packages/django/core/handlers/base.py", line 197, in _get_response
2025-06-15 18:39:21:     response = wrapped_callback(request, *callback_args, **callback_kwargs)
2025-06-15 18:39:21:   File "/root/selambingo3/venv/lib/python3.8/site-packages/django/views/decorators/csrf.py", line 56, in wrapper_view
2025-06-15 18:39:21:     return view_func(*args, **kwargs)
2025-06-15 18:39:21:   File "/root/selambingo3/payments/views.py", line 37, in get_wallet
2025-06-15 18:39:21:     telegram_user = TelegramUser.objects.filter(telegram_id=user_id).first()
2025-06-15 18:39:21:   File "/root/selambingo3/venv/lib/python3.8/site-packages/django/db/models/manager.py", line 87, in manager_method
2025-06-15 18:39:21:     return getattr(self.get_queryset(), name)(*args, **kwargs)
2025-06-15 18:39:21:   File "/root/selambingo3/venv/lib/python3.8/site-packages/django/db/models/query.py", line 1436, in filter
2025-06-15 18:39:21:     return self._filter_or_exclude(False, args, kwargs)
2025-06-15 18:39:21:   File "/root/selambingo3/venv/lib/python3.8/site-packages/django/db/models/query.py", line 1454, in _filter_or_exclude
2025-06-15 18:39:21:     clone._filter_or_exclude_inplace(negate, args, kwargs)
2025-06-15 18:39:21:   File "/root/selambingo3/venv/lib/python3.8/site-packages/django/db/models/query.py", line 1461, in _filter_or_exclude_inplace
2025-06-15 18:39:21:     self._query.add_q(Q(*args, **kwargs))
2025-06-15 18:39:21:   File "/root/selambingo3/venv/lib/python3.8/site-packages/django/db/models/sql/query.py", line 1498, in add_q
2025-06-15 18:39:21:     clause, _ = self._add_q(q_object, self.used_aliases)
2025-06-15 18:39:21:   File "/root/selambingo3/venv/lib/python3.8/site-packages/django/db/models/sql/query.py", line 1529, in _add_q
2025-06-15 18:39:21:     child_clause, needed_inner = self.build_filter(
2025-06-15 18:39:21:   File "/root/selambingo3/venv/lib/python3.8/site-packages/django/db/models/sql/query.py", line 1444, in build_filter
2025-06-15 18:39:21:     condition = self.build_lookup(lookups, col, value)
2025-06-15 18:39:21:   File "/root/selambingo3/venv/lib/python3.8/site-packages/django/db/models/sql/query.py", line 1271, in build_lookup
2025-06-15 18:39:21:     lookup = lookup_class(lhs, rhs)
2025-06-15 18:39:21:   File "/root/selambingo3/venv/lib/python3.8/site-packages/django/db/models/lookups.py", line 27, in __init__
2025-06-15 18:39:21:     self.rhs = self.get_prep_lookup()
2025-06-15 18:39:21:   File "/root/selambingo3/venv/lib/python3.8/site-packages/django/db/models/lookups.py", line 341, in get_prep_lookup
2025-06-15 18:39:21:     return super().get_prep_lookup()
2025-06-15 18:39:21:   File "/root/selambingo3/venv/lib/python3.8/site-packages/django/db/models/lookups.py", line 85, in get_prep_lookup
2025-06-15 18:39:21:     return self.lhs.output_field.get_prep_value(self.rhs)
2025-06-15 18:39:21:   File "/root/selambingo3/venv/lib/python3.8/site-packages/django/db/models/fields/__init__.py", line 2057, in get_prep_value
2025-06-15 18:39:21:     raise e.__class__(
2025-06-15 18:39:21: ValueError: Field 'telegram_id' expected a number but got 'add-balance'.
2025-06-15 18:41:36: Not Found: /accounts/filter-users/6719011860/
2025-06-15 18:42:35: Bad Request: /payments/balance/
2025-06-15 18:46:32: Bad Request: /payments/balance/
2025-06-15 18:49:03: Internal Server Error: /payments/wallet/add-balance/
2025-06-15 18:49:03: Traceback (most recent call last):
2025-06-15 18:49:03:   File "/root/selambingo3/venv/lib/python3.8/site-packages/django/db/models/fields/__init__.py", line 2055, in get_prep_value
2025-06-15 18:49:03:     return int(value)
2025-06-15 18:49:03: ValueError: invalid literal for int() with base 10: 'add-balance'
2025-06-15 18:49:03: 
2025-06-15 18:49:03: The above exception was the direct cause of the following exception:
2025-06-15 18:49:03: 
2025-06-15 18:49:03: Traceback (most recent call last):
2025-06-15 18:49:03:   File "/root/selambingo3/venv/lib/python3.8/site-packages/django/core/handlers/exception.py", line 55, in inner
2025-06-15 18:49:03:     response = get_response(request)
2025-06-15 18:49:03:   File "/root/selambingo3/venv/lib/python3.8/site-packages/django/core/handlers/base.py", line 197, in _get_response
2025-06-15 18:49:03:     response = wrapped_callback(request, *callback_args, **callback_kwargs)
2025-06-15 18:49:03:   File "/root/selambingo3/venv/lib/python3.8/site-packages/django/views/decorators/csrf.py", line 56, in wrapper_view
2025-06-15 18:49:03:     return view_func(*args, **kwargs)
2025-06-15 18:49:03:   File "/root/selambingo3/payments/views.py", line 37, in get_wallet
2025-06-15 18:49:03:     telegram_user = TelegramUser.objects.filter(telegram_id=user_id).first()
2025-06-15 18:49:03:   File "/root/selambingo3/venv/lib/python3.8/site-packages/django/db/models/manager.py", line 87, in manager_method
2025-06-15 18:49:03:     return getattr(self.get_queryset(), name)(*args, **kwargs)
2025-06-15 18:49:03:   File "/root/selambingo3/venv/lib/python3.8/site-packages/django/db/models/query.py", line 1436, in filter
2025-06-15 18:49:03:     return self._filter_or_exclude(False, args, kwargs)
2025-06-15 18:49:03:   File "/root/selambingo3/venv/lib/python3.8/site-packages/django/db/models/query.py", line 1454, in _filter_or_exclude
2025-06-15 18:49:03:     clone._filter_or_exclude_inplace(negate, args, kwargs)
2025-06-15 18:49:03:   File "/root/selambingo3/venv/lib/python3.8/site-packages/django/db/models/query.py", line 1461, in _filter_or_exclude_inplace
2025-06-15 18:49:03:     self._query.add_q(Q(*args, **kwargs))
2025-06-15 18:49:03:   File "/root/selambingo3/venv/lib/python3.8/site-packages/django/db/models/sql/query.py", line 1498, in add_q
2025-06-15 18:49:03:     clause, _ = self._add_q(q_object, self.used_aliases)
2025-06-15 18:49:03:   File "/root/selambingo3/venv/lib/python3.8/site-packages/django/db/models/sql/query.py", line 1529, in _add_q
2025-06-15 18:49:03:     child_clause, needed_inner = self.build_filter(
2025-06-15 18:49:03:   File "/root/selambingo3/venv/lib/python3.8/site-packages/django/db/models/sql/query.py", line 1444, in build_filter
2025-06-15 18:49:03:     condition = self.build_lookup(lookups, col, value)
2025-06-15 18:49:03:   File "/root/selambingo3/venv/lib/python3.8/site-packages/django/db/models/sql/query.py", line 1271, in build_lookup
2025-06-15 18:49:03:     lookup = lookup_class(lhs, rhs)
2025-06-15 18:49:03:   File "/root/selambingo3/venv/lib/python3.8/site-packages/django/db/models/lookups.py", line 27, in __init__
2025-06-15 18:49:03:     self.rhs = self.get_prep_lookup()
2025-06-15 18:49:03:   File "/root/selambingo3/venv/lib/python3.8/site-packages/django/db/models/lookups.py", line 341, in get_prep_lookup
2025-06-15 18:49:03:     return super().get_prep_lookup()
2025-06-15 18:49:03:   File "/root/selambingo3/venv/lib/python3.8/site-packages/django/db/models/lookups.py", line 85, in get_prep_lookup
2025-06-15 18:49:03:     return self.lhs.output_field.get_prep_value(self.rhs)
2025-06-15 18:49:03:   File "/root/selambingo3/venv/lib/python3.8/site-packages/django/db/models/fields/__init__.py", line 2057, in get_prep_value
2025-06-15 18:49:03:     raise e.__class__(
2025-06-15 18:49:03: ValueError: Field 'telegram_id' expected a number but got 'add-balance'.
2025-06-15 18:50:01: Not Found: /accounts/filter-users/8040231061/
2025-06-15 18:51:17: Not Found: /accounts/filter-users/8059784380/
2025-06-15 18:55:27: Not Found: /accounts/filter-users/7612140032/
2025-06-15 18:57:34: Invalid HTTP_HOST header: '188.245.75.205:8000'. You may need to add '188.245.75.205' to ALLOWED_HOSTS.
2025-06-15 18:57:34: Traceback (most recent call last):
2025-06-15 18:57:34:   File "/root/selambingo3/venv/lib/python3.8/site-packages/django/core/handlers/exception.py", line 55, in inner
2025-06-15 18:57:34:     response = get_response(request)
2025-06-15 18:57:34:   File "/root/selambingo3/venv/lib/python3.8/site-packages/django/utils/deprecation.py", line 133, in __call__
2025-06-15 18:57:34:     response = self.process_request(request)
2025-06-15 18:57:34:   File "/root/selambingo3/venv/lib/python3.8/site-packages/django/middleware/common.py", line 48, in process_request
2025-06-15 18:57:34:     host = request.get_host()
2025-06-15 18:57:34:   File "/root/selambingo3/venv/lib/python3.8/site-packages/django/http/request.py", line 167, in get_host
2025-06-15 18:57:34:     raise DisallowedHost(msg)
2025-06-15 18:57:34: django.core.exceptions.DisallowedHost: Invalid HTTP_HOST header: '188.245.75.205:8000'. You may need to add '188.245.75.205' to ALLOWED_HOSTS.
2025-06-15 18:57:34: Bad Request: /
2025-06-15 18:59:21: Invalid HTTP_HOST header: '188.245.75.205:8000'. You may need to add '188.245.75.205' to ALLOWED_HOSTS.
2025-06-15 18:59:21: Traceback (most recent call last):
2025-06-15 18:59:21:   File "/root/selambingo3/venv/lib/python3.8/site-packages/django/core/handlers/exception.py", line 55, in inner
2025-06-15 18:59:21:     response = get_response(request)
2025-06-15 18:59:21:   File "/root/selambingo3/venv/lib/python3.8/site-packages/django/utils/deprecation.py", line 133, in __call__
2025-06-15 18:59:21:     response = self.process_request(request)
2025-06-15 18:59:21:   File "/root/selambingo3/venv/lib/python3.8/site-packages/django/middleware/common.py", line 48, in process_request
2025-06-15 18:59:21:     host = request.get_host()
2025-06-15 18:59:21:   File "/root/selambingo3/venv/lib/python3.8/site-packages/django/http/request.py", line 167, in get_host
2025-06-15 18:59:21:     raise DisallowedHost(msg)
2025-06-15 18:59:21: django.core.exceptions.DisallowedHost: Invalid HTTP_HOST header: '188.245.75.205:8000'. You may need to add '188.245.75.205' to ALLOWED_HOSTS.
2025-06-15 18:59:21: Bad Request: /
2025-06-15 19:02:08: [2025-06-15 19:02:08 +0000] [206891] [WARNING] Invalid request from ip=3.134.148.59: Invalid HTTP request line: 'SSH-2.0-Go'
2025-06-15 19:10:04: Not Found: /accounts/filter-users/7372388473/
2025-06-15 19:16:51: Not Found: /accounts/filter-users/6213031002/
2025-06-15 19:16:59: Internal Server Error: /payments/wallet/add-balance/
2025-06-15 19:16:59: Traceback (most recent call last):
2025-06-15 19:16:59:   File "/root/selambingo3/venv/lib/python3.8/site-packages/django/db/models/fields/__init__.py", line 2055, in get_prep_value
2025-06-15 19:16:59:     return int(value)
2025-06-15 19:16:59: ValueError: invalid literal for int() with base 10: 'add-balance'
2025-06-15 19:16:59: 
2025-06-15 19:16:59: The above exception was the direct cause of the following exception:
2025-06-15 19:16:59: 
2025-06-15 19:16:59: Traceback (most recent call last):
2025-06-15 19:16:59:   File "/root/selambingo3/venv/lib/python3.8/site-packages/django/core/handlers/exception.py", line 55, in inner
2025-06-15 19:16:59:     response = get_response(request)
2025-06-15 19:16:59:   File "/root/selambingo3/venv/lib/python3.8/site-packages/django/core/handlers/base.py", line 197, in _get_response
2025-06-15 19:16:59:     response = wrapped_callback(request, *callback_args, **callback_kwargs)
2025-06-15 19:16:59:   File "/root/selambingo3/venv/lib/python3.8/site-packages/django/views/decorators/csrf.py", line 56, in wrapper_view
2025-06-15 19:16:59:     return view_func(*args, **kwargs)
2025-06-15 19:16:59:   File "/root/selambingo3/payments/views.py", line 37, in get_wallet
2025-06-15 19:16:59:     telegram_user = TelegramUser.objects.filter(telegram_id=user_id).first()
2025-06-15 19:16:59:   File "/root/selambingo3/venv/lib/python3.8/site-packages/django/db/models/manager.py", line 87, in manager_method
2025-06-15 19:16:59:     return getattr(self.get_queryset(), name)(*args, **kwargs)
2025-06-15 19:16:59:   File "/root/selambingo3/venv/lib/python3.8/site-packages/django/db/models/query.py", line 1436, in filter
2025-06-15 19:16:59:     return self._filter_or_exclude(False, args, kwargs)
2025-06-15 19:16:59:   File "/root/selambingo3/venv/lib/python3.8/site-packages/django/db/models/query.py", line 1454, in _filter_or_exclude
2025-06-15 19:16:59:     clone._filter_or_exclude_inplace(negate, args, kwargs)
2025-06-15 19:16:59:   File "/root/selambingo3/venv/lib/python3.8/site-packages/django/db/models/query.py", line 1461, in _filter_or_exclude_inplace
2025-06-15 19:16:59:     self._query.add_q(Q(*args, **kwargs))
2025-06-15 19:16:59:   File "/root/selambingo3/venv/lib/python3.8/site-packages/django/db/models/sql/query.py", line 1498, in add_q
2025-06-15 19:16:59:     clause, _ = self._add_q(q_object, self.used_aliases)
2025-06-15 19:16:59:   File "/root/selambingo3/venv/lib/python3.8/site-packages/django/db/models/sql/query.py", line 1529, in _add_q
2025-06-15 19:16:59:     child_clause, needed_inner = self.build_filter(
2025-06-15 19:16:59:   File "/root/selambingo3/venv/lib/python3.8/site-packages/django/db/models/sql/query.py", line 1444, in build_filter
2025-06-15 19:16:59:     condition = self.build_lookup(lookups, col, value)
2025-06-15 19:16:59:   File "/root/selambingo3/venv/lib/python3.8/site-packages/django/db/models/sql/query.py", line 1271, in build_lookup
2025-06-15 19:16:59:     lookup = lookup_class(lhs, rhs)
2025-06-15 19:16:59:   File "/root/selambingo3/venv/lib/python3.8/site-packages/django/db/models/lookups.py", line 27, in __init__
2025-06-15 19:16:59:     self.rhs = self.get_prep_lookup()
2025-06-15 19:16:59:   File "/root/selambingo3/venv/lib/python3.8/site-packages/django/db/models/lookups.py", line 341, in get_prep_lookup
2025-06-15 19:16:59:     return super().get_prep_lookup()
2025-06-15 19:16:59:   File "/root/selambingo3/venv/lib/python3.8/site-packages/django/db/models/lookups.py", line 85, in get_prep_lookup
2025-06-15 19:16:59:     return self.lhs.output_field.get_prep_value(self.rhs)
2025-06-15 19:16:59:   File "/root/selambingo3/venv/lib/python3.8/site-packages/django/db/models/fields/__init__.py", line 2057, in get_prep_value
2025-06-15 19:16:59:     raise e.__class__(
2025-06-15 19:16:59: ValueError: Field 'telegram_id' expected a number but got 'add-balance'.
2025-06-15 19:24:21: Not Found: /accounts/filter-users/5386454299/
2025-06-15 19:24:28: Invalid HTTP_HOST header: '188.245.75.205:8000'. You may need to add '188.245.75.205' to ALLOWED_HOSTS.
2025-06-15 19:24:28: Traceback (most recent call last):
2025-06-15 19:24:28:   File "/root/selambingo3/venv/lib/python3.8/site-packages/django/core/handlers/exception.py", line 55, in inner
2025-06-15 19:24:28:     response = get_response(request)
2025-06-15 19:24:28:   File "/root/selambingo3/venv/lib/python3.8/site-packages/django/utils/deprecation.py", line 133, in __call__
2025-06-15 19:24:28:     response = self.process_request(request)
2025-06-15 19:24:28:   File "/root/selambingo3/venv/lib/python3.8/site-packages/django/middleware/common.py", line 48, in process_request
2025-06-15 19:24:28:     host = request.get_host()
2025-06-15 19:24:28:   File "/root/selambingo3/venv/lib/python3.8/site-packages/django/http/request.py", line 167, in get_host
2025-06-15 19:24:28:     raise DisallowedHost(msg)
2025-06-15 19:24:28: django.core.exceptions.DisallowedHost: Invalid HTTP_HOST header: '188.245.75.205:8000'. You may need to add '188.245.75.205' to ALLOWED_HOSTS.
2025-06-15 19:24:28: Bad Request: /
2025-06-15 19:24:44: Internal Server Error: /payments/wallet/add-balance/
2025-06-15 19:24:44: Traceback (most recent call last):
2025-06-15 19:24:44:   File "/root/selambingo3/venv/lib/python3.8/site-packages/django/db/models/fields/__init__.py", line 2055, in get_prep_value
2025-06-15 19:24:44:     return int(value)
2025-06-15 19:24:44: ValueError: invalid literal for int() with base 10: 'add-balance'
2025-06-15 19:24:44: 
2025-06-15 19:24:44: The above exception was the direct cause of the following exception:
2025-06-15 19:24:44: 
2025-06-15 19:24:44: Traceback (most recent call last):
2025-06-15 19:24:44:   File "/root/selambingo3/venv/lib/python3.8/site-packages/django/core/handlers/exception.py", line 55, in inner
2025-06-15 19:24:44:     response = get_response(request)
2025-06-15 19:24:44:   File "/root/selambingo3/venv/lib/python3.8/site-packages/django/core/handlers/base.py", line 197, in _get_response
2025-06-15 19:24:44:     response = wrapped_callback(request, *callback_args, **callback_kwargs)
2025-06-15 19:24:44:   File "/root/selambingo3/venv/lib/python3.8/site-packages/django/views/decorators/csrf.py", line 56, in wrapper_view
2025-06-15 19:24:44:     return view_func(*args, **kwargs)
2025-06-15 19:24:44:   File "/root/selambingo3/payments/views.py", line 37, in get_wallet
2025-06-15 19:24:44:     telegram_user = TelegramUser.objects.filter(telegram_id=user_id).first()
2025-06-15 19:24:44:   File "/root/selambingo3/venv/lib/python3.8/site-packages/django/db/models/manager.py", line 87, in manager_method
2025-06-15 19:24:44:     return getattr(self.get_queryset(), name)(*args, **kwargs)
2025-06-15 19:24:44:   File "/root/selambingo3/venv/lib/python3.8/site-packages/django/db/models/query.py", line 1436, in filter
2025-06-15 19:24:44:     return self._filter_or_exclude(False, args, kwargs)
2025-06-15 19:24:44:   File "/root/selambingo3/venv/lib/python3.8/site-packages/django/db/models/query.py", line 1454, in _filter_or_exclude
2025-06-15 19:24:44:     clone._filter_or_exclude_inplace(negate, args, kwargs)
2025-06-15 19:24:44:   File "/root/selambingo3/venv/lib/python3.8/site-packages/django/db/models/query.py", line 1461, in _filter_or_exclude_inplace
2025-06-15 19:24:44:     self._query.add_q(Q(*args, **kwargs))
2025-06-15 19:24:44:   File "/root/selambingo3/venv/lib/python3.8/site-packages/django/db/models/sql/query.py", line 1498, in add_q
2025-06-15 19:24:44:     clause, _ = self._add_q(q_object, self.used_aliases)
2025-06-15 19:24:44:   File "/root/selambingo3/venv/lib/python3.8/site-packages/django/db/models/sql/query.py", line 1529, in _add_q
2025-06-15 19:24:44:     child_clause, needed_inner = self.build_filter(
2025-06-15 19:24:44:   File "/root/selambingo3/venv/lib/python3.8/site-packages/django/db/models/sql/query.py", line 1444, in build_filter
2025-06-15 19:24:44:     condition = self.build_lookup(lookups, col, value)
2025-06-15 19:24:44:   File "/root/selambingo3/venv/lib/python3.8/site-packages/django/db/models/sql/query.py", line 1271, in build_lookup
2025-06-15 19:24:44:     lookup = lookup_class(lhs, rhs)
2025-06-15 19:24:44:   File "/root/selambingo3/venv/lib/python3.8/site-packages/django/db/models/lookups.py", line 27, in __init__
2025-06-15 19:24:44:     self.rhs = self.get_prep_lookup()
2025-06-15 19:24:44:   File "/root/selambingo3/venv/lib/python3.8/site-packages/django/db/models/lookups.py", line 341, in get_prep_lookup
2025-06-15 19:24:44:     return super().get_prep_lookup()
2025-06-15 19:24:44:   File "/root/selambingo3/venv/lib/python3.8/site-packages/django/db/models/lookups.py", line 85, in get_prep_lookup
2025-06-15 19:24:44:     return self.lhs.output_field.get_prep_value(self.rhs)
2025-06-15 19:24:44:   File "/root/selambingo3/venv/lib/python3.8/site-packages/django/db/models/fields/__init__.py", line 2057, in get_prep_value
2025-06-15 19:24:44:     raise e.__class__(
2025-06-15 19:24:44: ValueError: Field 'telegram_id' expected a number but got 'add-balance'.
2025-06-15 19:25:46: Not Found: /accounts/filter-users/7806386748/
2025-06-15 19:26:28: Not Found: /accounts/filter-users/7840814133/
2025-06-15 19:26:30: Not Found: /accounts/filter-users/6826325554/
2025-06-15 19:26:35: Bad Request: /accounts/register/
2025-06-15 19:26:36: Bad Request: /payments/balance/
2025-06-15 19:27:43: Not Found: /accounts/filter-users/7191982669/
2025-06-15 19:28:59: Bad Request: /accounts/register/
2025-06-15 19:29:17: Bad Request: /accounts/register/
2025-06-15 19:30:07: Not Found: /accounts/filter-users/7141027464/
2025-06-15 19:32:46: Internal Server Error: /payments/wallet/add-balance/
2025-06-15 19:32:46: Traceback (most recent call last):
2025-06-15 19:32:46:   File "/root/selambingo3/venv/lib/python3.8/site-packages/django/db/models/fields/__init__.py", line 2055, in get_prep_value
2025-06-15 19:32:46:     return int(value)
2025-06-15 19:32:46: ValueError: invalid literal for int() with base 10: 'add-balance'
2025-06-15 19:32:46: 
2025-06-15 19:32:46: The above exception was the direct cause of the following exception:
2025-06-15 19:32:46: 
2025-06-15 19:32:46: Traceback (most recent call last):
2025-06-15 19:32:46:   File "/root/selambingo3/venv/lib/python3.8/site-packages/django/core/handlers/exception.py", line 55, in inner
2025-06-15 19:32:46:     response = get_response(request)
2025-06-15 19:32:46:   File "/root/selambingo3/venv/lib/python3.8/site-packages/django/core/handlers/base.py", line 197, in _get_response
2025-06-15 19:32:46:     response = wrapped_callback(request, *callback_args, **callback_kwargs)
2025-06-15 19:32:46:   File "/root/selambingo3/venv/lib/python3.8/site-packages/django/views/decorators/csrf.py", line 56, in wrapper_view
2025-06-15 19:32:46:     return view_func(*args, **kwargs)
2025-06-15 19:32:46:   File "/root/selambingo3/payments/views.py", line 37, in get_wallet
2025-06-15 19:32:46:     telegram_user = TelegramUser.objects.filter(telegram_id=user_id).first()
2025-06-15 19:32:46:   File "/root/selambingo3/venv/lib/python3.8/site-packages/django/db/models/manager.py", line 87, in manager_method
2025-06-15 19:32:46:     return getattr(self.get_queryset(), name)(*args, **kwargs)
2025-06-15 19:32:46:   File "/root/selambingo3/venv/lib/python3.8/site-packages/django/db/models/query.py", line 1436, in filter
2025-06-15 19:32:46:     return self._filter_or_exclude(False, args, kwargs)
2025-06-15 19:32:46:   File "/root/selambingo3/venv/lib/python3.8/site-packages/django/db/models/query.py", line 1454, in _filter_or_exclude
2025-06-15 19:32:46:     clone._filter_or_exclude_inplace(negate, args, kwargs)
2025-06-15 19:32:46:   File "/root/selambingo3/venv/lib/python3.8/site-packages/django/db/models/query.py", line 1461, in _filter_or_exclude_inplace
2025-06-15 19:32:46:     self._query.add_q(Q(*args, **kwargs))
2025-06-15 19:32:46:   File "/root/selambingo3/venv/lib/python3.8/site-packages/django/db/models/sql/query.py", line 1498, in add_q
2025-06-15 19:32:46:     clause, _ = self._add_q(q_object, self.used_aliases)
2025-06-15 19:32:46:   File "/root/selambingo3/venv/lib/python3.8/site-packages/django/db/models/sql/query.py", line 1529, in _add_q
2025-06-15 19:32:46:     child_clause, needed_inner = self.build_filter(
2025-06-15 19:32:46:   File "/root/selambingo3/venv/lib/python3.8/site-packages/django/db/models/sql/query.py", line 1444, in build_filter
2025-06-15 19:32:46:     condition = self.build_lookup(lookups, col, value)
2025-06-15 19:32:46:   File "/root/selambingo3/venv/lib/python3.8/site-packages/django/db/models/sql/query.py", line 1271, in build_lookup
2025-06-15 19:32:46:     lookup = lookup_class(lhs, rhs)
2025-06-15 19:32:46:   File "/root/selambingo3/venv/lib/python3.8/site-packages/django/db/models/lookups.py", line 27, in __init__
2025-06-15 19:32:46:     self.rhs = self.get_prep_lookup()
2025-06-15 19:32:46:   File "/root/selambingo3/venv/lib/python3.8/site-packages/django/db/models/lookups.py", line 341, in get_prep_lookup
2025-06-15 19:32:46:     return super().get_prep_lookup()
2025-06-15 19:32:46:   File "/root/selambingo3/venv/lib/python3.8/site-packages/django/db/models/lookups.py", line 85, in get_prep_lookup
2025-06-15 19:32:46:     return self.lhs.output_field.get_prep_value(self.rhs)
2025-06-15 19:32:46:   File "/root/selambingo3/venv/lib/python3.8/site-packages/django/db/models/fields/__init__.py", line 2057, in get_prep_value
2025-06-15 19:32:46:     raise e.__class__(
2025-06-15 19:32:46: ValueError: Field 'telegram_id' expected a number but got 'add-balance'.
2025-06-15 19:32:53: Not Found: /accounts/filter-users/6798245260/
2025-06-15 19:33:11: Not Found: /accounts/filter-users/1553948003/
2025-06-15 19:33:37: Bad Request: /payments/balance/
2025-06-15 19:33:39: Not Found: /accounts/filter-users/7379592815/
2025-06-15 19:33:41: Not Found: /accounts/filter-users/7379592815/
2025-06-15 19:33:42: Not Found: /accounts/filter-users/7751271160/
2025-06-15 19:33:45: Bad Request: /accounts/register/
2025-06-15 19:40:09: Not Found: /accounts/filter-users/7909472132/
2025-06-15 19:41:45: Not Found: /accounts/filter-users/7987157901/
2025-06-15 19:44:12: Not Found: /accounts/filter-users/7532075010/
2025-06-15 19:45:02: Invalid HTTP_HOST header: '188.245.75.205:8000'. You may need to add '188.245.75.205' to ALLOWED_HOSTS.
2025-06-15 19:45:02: Traceback (most recent call last):
2025-06-15 19:45:02:   File "/root/selambingo3/venv/lib/python3.8/site-packages/django/core/handlers/exception.py", line 55, in inner
2025-06-15 19:45:02:     response = get_response(request)
2025-06-15 19:45:02:   File "/root/selambingo3/venv/lib/python3.8/site-packages/django/utils/deprecation.py", line 133, in __call__
2025-06-15 19:45:02:     response = self.process_request(request)
2025-06-15 19:45:02:   File "/root/selambingo3/venv/lib/python3.8/site-packages/django/middleware/common.py", line 48, in process_request
2025-06-15 19:45:02:     host = request.get_host()
2025-06-15 19:45:02:   File "/root/selambingo3/venv/lib/python3.8/site-packages/django/http/request.py", line 167, in get_host
2025-06-15 19:45:02:     raise DisallowedHost(msg)
2025-06-15 19:45:02: django.core.exceptions.DisallowedHost: Invalid HTTP_HOST header: '188.245.75.205:8000'. You may need to add '188.245.75.205' to ALLOWED_HOSTS.
2025-06-15 19:45:02: Bad Request: /c/
2025-06-15 19:57:02: Not Found: /accounts/filter-users/7639986102/
2025-06-15 19:58:19: Not Found: /accounts/filter-users/7950562368/
2025-06-15 19:59:03: Not Found: /accounts/filter-users/6178039722/
2025-06-15 20:24:30: Bad Request: /payments/balance/
2025-06-15 20:25:28: Invalid HTTP_HOST header: '188.245.75.205:8000'. You may need to add '188.245.75.205' to ALLOWED_HOSTS.
2025-06-15 20:25:28: Traceback (most recent call last):
2025-06-15 20:25:28:   File "/root/selambingo3/venv/lib/python3.8/site-packages/django/core/handlers/exception.py", line 55, in inner
2025-06-15 20:25:28:     response = get_response(request)
2025-06-15 20:25:28:   File "/root/selambingo3/venv/lib/python3.8/site-packages/django/utils/deprecation.py", line 133, in __call__
2025-06-15 20:25:28:     response = self.process_request(request)
2025-06-15 20:25:28:   File "/root/selambingo3/venv/lib/python3.8/site-packages/django/middleware/common.py", line 48, in process_request
2025-06-15 20:25:28:     host = request.get_host()
2025-06-15 20:25:28:   File "/root/selambingo3/venv/lib/python3.8/site-packages/django/http/request.py", line 167, in get_host
2025-06-15 20:25:28:     raise DisallowedHost(msg)
2025-06-15 20:25:28: django.core.exceptions.DisallowedHost: Invalid HTTP_HOST header: '188.245.75.205:8000'. You may need to add '188.245.75.205' to ALLOWED_HOSTS.
2025-06-15 20:25:28: Bad Request: /
2025-06-15 20:29:43: Not Found: /accounts/filter-users/398937480/
2025-06-15 20:40:14: Not Found: /accounts/filter-users/7583083041/
2025-06-15 20:41:48: Not Found: /accounts/filter-users/1202494843/
2025-06-15 20:49:46: Bad Request: /accounts/register/
2025-06-15 20:52:22: Bad Request: /payments/balance/
2025-06-15 21:44:43: Bad Request: /payments/balance/
2025-06-15 21:51:54: Bad Request: /payments/balance/
2025-06-15 22:11:04: Invalid HTTP_HOST header: '188.245.75.205:8000'. You may need to add '188.245.75.205' to ALLOWED_HOSTS.
2025-06-15 22:11:04: Traceback (most recent call last):
2025-06-15 22:11:04:   File "/root/selambingo3/venv/lib/python3.8/site-packages/django/core/handlers/exception.py", line 55, in inner
2025-06-15 22:11:04:     response = get_response(request)
2025-06-15 22:11:04:   File "/root/selambingo3/venv/lib/python3.8/site-packages/django/utils/deprecation.py", line 133, in __call__
2025-06-15 22:11:04:     response = self.process_request(request)
2025-06-15 22:11:04:   File "/root/selambingo3/venv/lib/python3.8/site-packages/django/middleware/common.py", line 48, in process_request
2025-06-15 22:11:04:     host = request.get_host()
2025-06-15 22:11:04:   File "/root/selambingo3/venv/lib/python3.8/site-packages/django/http/request.py", line 167, in get_host
2025-06-15 22:11:04:     raise DisallowedHost(msg)
2025-06-15 22:11:04: django.core.exceptions.DisallowedHost: Invalid HTTP_HOST header: '188.245.75.205:8000'. You may need to add '188.245.75.205' to ALLOWED_HOSTS.
2025-06-15 22:11:04: Bad Request: /
2025-06-15 22:19:06: Not Found: /accounts/filter-users/7402382140/
2025-06-15 22:21:40: Bad Request: /accounts/register/
2025-06-15 23:07:51: Not Found: /accounts/filter-users/6575394516/
2025-06-15 23:09:39: Bad Request: /payments/balance/
2025-06-15 23:12:02: Bad Request: /payments/balance/
2025-06-16 00:02:21: Invalid HTTP_HOST header: '188.245.75.205:8000'. You may need to add '188.245.75.205' to ALLOWED_HOSTS.
2025-06-16 00:02:21: Traceback (most recent call last):
2025-06-16 00:02:21:   File "/root/selambingo3/venv/lib/python3.8/site-packages/django/core/handlers/exception.py", line 55, in inner
2025-06-16 00:02:21:     response = get_response(request)
2025-06-16 00:02:21:   File "/root/selambingo3/venv/lib/python3.8/site-packages/django/utils/deprecation.py", line 133, in __call__
2025-06-16 00:02:21:     response = self.process_request(request)
2025-06-16 00:02:21:   File "/root/selambingo3/venv/lib/python3.8/site-packages/django/middleware/common.py", line 48, in process_request
2025-06-16 00:02:21:     host = request.get_host()
2025-06-16 00:02:21:   File "/root/selambingo3/venv/lib/python3.8/site-packages/django/http/request.py", line 167, in get_host
2025-06-16 00:02:21:     raise DisallowedHost(msg)
2025-06-16 00:02:21: django.core.exceptions.DisallowedHost: Invalid HTTP_HOST header: '188.245.75.205:8000'. You may need to add '188.245.75.205' to ALLOWED_HOSTS.
2025-06-16 00:02:21: Bad Request: /
2025-06-16 00:33:59: Not Found: /
2025-06-16 01:18:04: Invalid HTTP_HOST header: '188.245.75.205:8000'. You may need to add '188.245.75.205' to ALLOWED_HOSTS.
2025-06-16 01:18:04: Traceback (most recent call last):
2025-06-16 01:18:04:   File "/root/selambingo3/venv/lib/python3.8/site-packages/django/core/handlers/exception.py", line 55, in inner
2025-06-16 01:18:04:     response = get_response(request)
2025-06-16 01:18:04:   File "/root/selambingo3/venv/lib/python3.8/site-packages/django/utils/deprecation.py", line 133, in __call__
2025-06-16 01:18:04:     response = self.process_request(request)
2025-06-16 01:18:04:   File "/root/selambingo3/venv/lib/python3.8/site-packages/django/middleware/common.py", line 48, in process_request
2025-06-16 01:18:04:     host = request.get_host()
2025-06-16 01:18:04:   File "/root/selambingo3/venv/lib/python3.8/site-packages/django/http/request.py", line 167, in get_host
2025-06-16 01:18:04:     raise DisallowedHost(msg)
2025-06-16 01:18:04: django.core.exceptions.DisallowedHost: Invalid HTTP_HOST header: '188.245.75.205:8000'. You may need to add '188.245.75.205' to ALLOWED_HOSTS.
2025-06-16 01:18:05: Bad Request: /
2025-06-16 01:26:57: Not Found: /accounts/filter-users/7932898436/
2025-06-16 01:27:13: Not Found: /accounts/filter-users/7932898436/
2025-06-16 02:41:02: Invalid HTTP_HOST header: '188.245.75.205:8000'. You may need to add '188.245.75.205' to ALLOWED_HOSTS.
2025-06-16 02:41:02: Traceback (most recent call last):
2025-06-16 02:41:02:   File "/root/selambingo3/venv/lib/python3.8/site-packages/django/core/handlers/exception.py", line 55, in inner
2025-06-16 02:41:02:     response = get_response(request)
2025-06-16 02:41:02:   File "/root/selambingo3/venv/lib/python3.8/site-packages/django/utils/deprecation.py", line 133, in __call__
2025-06-16 02:41:02:     response = self.process_request(request)
2025-06-16 02:41:02:   File "/root/selambingo3/venv/lib/python3.8/site-packages/django/middleware/common.py", line 48, in process_request
2025-06-16 02:41:02:     host = request.get_host()
2025-06-16 02:41:02:   File "/root/selambingo3/venv/lib/python3.8/site-packages/django/http/request.py", line 167, in get_host
2025-06-16 02:41:02:     raise DisallowedHost(msg)
2025-06-16 02:41:02: django.core.exceptions.DisallowedHost: Invalid HTTP_HOST header: '188.245.75.205:8000'. You may need to add '188.245.75.205' to ALLOWED_HOSTS.
2025-06-16 02:41:02: Bad Request: /
2025-06-16 04:23:55: Invalid HTTP_HOST header: '188.245.75.205:8000'. You may need to add '188.245.75.205' to ALLOWED_HOSTS.
2025-06-16 04:23:55: Traceback (most recent call last):
2025-06-16 04:23:55:   File "/root/selambingo3/venv/lib/python3.8/site-packages/django/core/handlers/exception.py", line 55, in inner
2025-06-16 04:23:55:     response = get_response(request)
2025-06-16 04:23:55:   File "/root/selambingo3/venv/lib/python3.8/site-packages/django/utils/deprecation.py", line 133, in __call__
2025-06-16 04:23:55:     response = self.process_request(request)
2025-06-16 04:23:55:   File "/root/selambingo3/venv/lib/python3.8/site-packages/django/middleware/common.py", line 48, in process_request
2025-06-16 04:23:55:     host = request.get_host()
2025-06-16 04:23:55:   File "/root/selambingo3/venv/lib/python3.8/site-packages/django/http/request.py", line 167, in get_host
2025-06-16 04:23:55:     raise DisallowedHost(msg)
2025-06-16 04:23:55: django.core.exceptions.DisallowedHost: Invalid HTTP_HOST header: '188.245.75.205:8000'. You may need to add '188.245.75.205' to ALLOWED_HOSTS.
2025-06-16 04:23:55: Bad Request: /
2025-06-16 04:35:12: Not Found: /accounts/filter-users/5835401664/
2025-06-16 04:58:24: Internal Server Error: /payments/message/
2025-06-16 04:58:24: Traceback (most recent call last):
2025-06-16 04:58:24:   File "/root/selambingo3/venv/lib/python3.8/site-packages/django/core/handlers/exception.py", line 55, in inner
2025-06-16 04:58:24:     response = get_response(request)
2025-06-16 04:58:24:   File "/root/selambingo3/venv/lib/python3.8/site-packages/django/core/handlers/base.py", line 197, in _get_response
2025-06-16 04:58:24:     response = wrapped_callback(request, *callback_args, **callback_kwargs)
2025-06-16 04:58:24:   File "/root/selambingo3/venv/lib/python3.8/site-packages/django/views/decorators/csrf.py", line 56, in wrapper_view
2025-06-16 04:58:24:     return view_func(*args, **kwargs)
2025-06-16 04:58:24:   File "/root/selambingo3/payments/views.py", line 415, in deposit_message
2025-06-16 04:58:24:     transaction_number = transaction_match.group(1)
2025-06-16 04:58:24: AttributeError: 'NoneType' object has no attribute 'group'
2025-06-16 04:58:47: Internal Server Error: /payments/message/
2025-06-16 04:58:47: Traceback (most recent call last):
2025-06-16 04:58:47:   File "/root/selambingo3/venv/lib/python3.8/site-packages/django/core/handlers/exception.py", line 55, in inner
2025-06-16 04:58:47:     response = get_response(request)
2025-06-16 04:58:47:   File "/root/selambingo3/venv/lib/python3.8/site-packages/django/core/handlers/base.py", line 197, in _get_response
2025-06-16 04:58:47:     response = wrapped_callback(request, *callback_args, **callback_kwargs)
2025-06-16 04:58:47:   File "/root/selambingo3/venv/lib/python3.8/site-packages/django/views/decorators/csrf.py", line 56, in wrapper_view
2025-06-16 04:58:47:     return view_func(*args, **kwargs)
2025-06-16 04:58:47:   File "/root/selambingo3/payments/views.py", line 415, in deposit_message
2025-06-16 04:58:47:     transaction_number = transaction_match.group(1)
2025-06-16 04:58:47: AttributeError: 'NoneType' object has no attribute 'group'
2025-06-16 04:58:54: Internal Server Error: /payments/message/
2025-06-16 04:58:54: Traceback (most recent call last):
2025-06-16 04:58:54:   File "/root/selambingo3/venv/lib/python3.8/site-packages/django/core/handlers/exception.py", line 55, in inner
2025-06-16 04:58:54:     response = get_response(request)
2025-06-16 04:58:54:   File "/root/selambingo3/venv/lib/python3.8/site-packages/django/core/handlers/base.py", line 197, in _get_response
2025-06-16 04:58:54:     response = wrapped_callback(request, *callback_args, **callback_kwargs)
2025-06-16 04:58:54:   File "/root/selambingo3/venv/lib/python3.8/site-packages/django/views/decorators/csrf.py", line 56, in wrapper_view
2025-06-16 04:58:54:     return view_func(*args, **kwargs)
2025-06-16 04:58:54:   File "/root/selambingo3/payments/views.py", line 415, in deposit_message
2025-06-16 04:58:54:     transaction_number = transaction_match.group(1)
2025-06-16 04:58:54: AttributeError: 'NoneType' object has no attribute 'group'
2025-06-16 04:58:57: Internal Server Error: /payments/message/
2025-06-16 04:58:57: Traceback (most recent call last):
2025-06-16 04:58:57:   File "/root/selambingo3/venv/lib/python3.8/site-packages/django/core/handlers/exception.py", line 55, in inner
2025-06-16 04:58:57:     response = get_response(request)
2025-06-16 04:58:57:   File "/root/selambingo3/venv/lib/python3.8/site-packages/django/core/handlers/base.py", line 197, in _get_response
2025-06-16 04:58:57:     response = wrapped_callback(request, *callback_args, **callback_kwargs)
2025-06-16 04:58:57:   File "/root/selambingo3/venv/lib/python3.8/site-packages/django/views/decorators/csrf.py", line 56, in wrapper_view
2025-06-16 04:58:57:     return view_func(*args, **kwargs)
2025-06-16 04:58:57:   File "/root/selambingo3/payments/views.py", line 415, in deposit_message
2025-06-16 04:58:57:     transaction_number = transaction_match.group(1)
2025-06-16 04:58:57: AttributeError: 'NoneType' object has no attribute 'group'
2025-06-16 04:59:07: Internal Server Error: /payments/message/
2025-06-16 04:59:07: Traceback (most recent call last):
2025-06-16 04:59:07:   File "/root/selambingo3/venv/lib/python3.8/site-packages/django/core/handlers/exception.py", line 55, in inner
2025-06-16 04:59:07:     response = get_response(request)
2025-06-16 04:59:07:   File "/root/selambingo3/venv/lib/python3.8/site-packages/django/core/handlers/base.py", line 197, in _get_response
2025-06-16 04:59:07:     response = wrapped_callback(request, *callback_args, **callback_kwargs)
2025-06-16 04:59:07:   File "/root/selambingo3/venv/lib/python3.8/site-packages/django/views/decorators/csrf.py", line 56, in wrapper_view
2025-06-16 04:59:07:     return view_func(*args, **kwargs)
2025-06-16 04:59:07:   File "/root/selambingo3/payments/views.py", line 415, in deposit_message
2025-06-16 04:59:07:     transaction_number = transaction_match.group(1)
2025-06-16 04:59:07: AttributeError: 'NoneType' object has no attribute 'group'
2025-06-16 05:40:28: Internal Server Error: /payments/message/
2025-06-16 05:40:28: Traceback (most recent call last):
2025-06-16 05:40:28:   File "/root/selambingo3/venv/lib/python3.8/site-packages/django/core/handlers/exception.py", line 55, in inner
2025-06-16 05:40:28:     response = get_response(request)
2025-06-16 05:40:28:   File "/root/selambingo3/venv/lib/python3.8/site-packages/django/core/handlers/base.py", line 197, in _get_response
2025-06-16 05:40:28:     response = wrapped_callback(request, *callback_args, **callback_kwargs)
2025-06-16 05:40:28:   File "/root/selambingo3/venv/lib/python3.8/site-packages/django/views/decorators/csrf.py", line 56, in wrapper_view
2025-06-16 05:40:28:     return view_func(*args, **kwargs)
2025-06-16 05:40:28:   File "/root/selambingo3/payments/views.py", line 415, in deposit_message
2025-06-16 05:40:28:     transaction_number = transaction_match.group(1)
2025-06-16 05:40:28: AttributeError: 'NoneType' object has no attribute 'group'
2025-06-16 05:40:31: Internal Server Error: /payments/message/
2025-06-16 05:40:31: Traceback (most recent call last):
2025-06-16 05:40:31:   File "/root/selambingo3/venv/lib/python3.8/site-packages/django/core/handlers/exception.py", line 55, in inner
2025-06-16 05:40:31:     response = get_response(request)
2025-06-16 05:40:31:   File "/root/selambingo3/venv/lib/python3.8/site-packages/django/core/handlers/base.py", line 197, in _get_response
2025-06-16 05:40:31:     response = wrapped_callback(request, *callback_args, **callback_kwargs)
2025-06-16 05:40:31:   File "/root/selambingo3/venv/lib/python3.8/site-packages/django/views/decorators/csrf.py", line 56, in wrapper_view
2025-06-16 05:40:31:     return view_func(*args, **kwargs)
2025-06-16 05:40:31:   File "/root/selambingo3/payments/views.py", line 415, in deposit_message
2025-06-16 05:40:31:     transaction_number = transaction_match.group(1)
2025-06-16 05:40:31: AttributeError: 'NoneType' object has no attribute 'group'
2025-06-16 05:40:35: Internal Server Error: /payments/message/
2025-06-16 05:40:35: Traceback (most recent call last):
2025-06-16 05:40:35:   File "/root/selambingo3/venv/lib/python3.8/site-packages/django/core/handlers/exception.py", line 55, in inner
2025-06-16 05:40:35:     response = get_response(request)
2025-06-16 05:40:35:   File "/root/selambingo3/venv/lib/python3.8/site-packages/django/core/handlers/base.py", line 197, in _get_response
2025-06-16 05:40:35:     response = wrapped_callback(request, *callback_args, **callback_kwargs)
2025-06-16 05:40:35:   File "/root/selambingo3/venv/lib/python3.8/site-packages/django/views/decorators/csrf.py", line 56, in wrapper_view
2025-06-16 05:40:35:     return view_func(*args, **kwargs)
2025-06-16 05:40:35:   File "/root/selambingo3/payments/views.py", line 415, in deposit_message
2025-06-16 05:40:35:     transaction_number = transaction_match.group(1)
2025-06-16 05:40:35: AttributeError: 'NoneType' object has no attribute 'group'
2025-06-16 05:40:38: Internal Server Error: /payments/message/
2025-06-16 05:40:38: Traceback (most recent call last):
2025-06-16 05:40:38:   File "/root/selambingo3/venv/lib/python3.8/site-packages/django/core/handlers/exception.py", line 55, in inner
2025-06-16 05:40:38:     response = get_response(request)
2025-06-16 05:40:38:   File "/root/selambingo3/venv/lib/python3.8/site-packages/django/core/handlers/base.py", line 197, in _get_response
2025-06-16 05:40:38:     response = wrapped_callback(request, *callback_args, **callback_kwargs)
2025-06-16 05:40:38:   File "/root/selambingo3/venv/lib/python3.8/site-packages/django/views/decorators/csrf.py", line 56, in wrapper_view
2025-06-16 05:40:38:     return view_func(*args, **kwargs)
2025-06-16 05:40:38:   File "/root/selambingo3/payments/views.py", line 415, in deposit_message
2025-06-16 05:40:38:     transaction_number = transaction_match.group(1)
2025-06-16 05:40:38: AttributeError: 'NoneType' object has no attribute 'group'
2025-06-16 05:40:42: Internal Server Error: /payments/message/
2025-06-16 05:40:42: Traceback (most recent call last):
2025-06-16 05:40:42:   File "/root/selambingo3/venv/lib/python3.8/site-packages/django/core/handlers/exception.py", line 55, in inner
2025-06-16 05:40:42:     response = get_response(request)
2025-06-16 05:40:42:   File "/root/selambingo3/venv/lib/python3.8/site-packages/django/core/handlers/base.py", line 197, in _get_response
2025-06-16 05:40:42:     response = wrapped_callback(request, *callback_args, **callback_kwargs)
2025-06-16 05:40:42:   File "/root/selambingo3/venv/lib/python3.8/site-packages/django/views/decorators/csrf.py", line 56, in wrapper_view
2025-06-16 05:40:42:     return view_func(*args, **kwargs)
2025-06-16 05:40:42:   File "/root/selambingo3/payments/views.py", line 415, in deposit_message
2025-06-16 05:40:42:     transaction_number = transaction_match.group(1)
2025-06-16 05:40:42: AttributeError: 'NoneType' object has no attribute 'group'
2025-06-16 05:52:08: Invalid HTTP_HOST header: '188.245.75.205:8000'. You may need to add '188.245.75.205' to ALLOWED_HOSTS.
2025-06-16 05:52:08: Traceback (most recent call last):
2025-06-16 05:52:08:   File "/root/selambingo3/venv/lib/python3.8/site-packages/django/core/handlers/exception.py", line 55, in inner
2025-06-16 05:52:08:     response = get_response(request)
2025-06-16 05:52:08:   File "/root/selambingo3/venv/lib/python3.8/site-packages/django/utils/deprecation.py", line 133, in __call__
2025-06-16 05:52:08:     response = self.process_request(request)
2025-06-16 05:52:08:   File "/root/selambingo3/venv/lib/python3.8/site-packages/django/middleware/common.py", line 48, in process_request
2025-06-16 05:52:08:     host = request.get_host()
2025-06-16 05:52:08:   File "/root/selambingo3/venv/lib/python3.8/site-packages/django/http/request.py", line 167, in get_host
2025-06-16 05:52:08:     raise DisallowedHost(msg)
2025-06-16 05:52:08: django.core.exceptions.DisallowedHost: Invalid HTTP_HOST header: '188.245.75.205:8000'. You may need to add '188.245.75.205' to ALLOWED_HOSTS.
2025-06-16 05:52:08: Bad Request: /
2025-06-16 05:52:22: Invalid HTTP_HOST header: '188.245.75.205:8000'. You may need to add '188.245.75.205' to ALLOWED_HOSTS.
2025-06-16 05:52:22: Traceback (most recent call last):
2025-06-16 05:52:22:   File "/root/selambingo3/venv/lib/python3.8/site-packages/django/core/handlers/exception.py", line 55, in inner
2025-06-16 05:52:22:     response = get_response(request)
2025-06-16 05:52:22:   File "/root/selambingo3/venv/lib/python3.8/site-packages/django/utils/deprecation.py", line 133, in __call__
2025-06-16 05:52:22:     response = self.process_request(request)
2025-06-16 05:52:22:   File "/root/selambingo3/venv/lib/python3.8/site-packages/django/middleware/common.py", line 48, in process_request
2025-06-16 05:52:22:     host = request.get_host()
2025-06-16 05:52:22:   File "/root/selambingo3/venv/lib/python3.8/site-packages/django/http/request.py", line 167, in get_host
2025-06-16 05:52:22:     raise DisallowedHost(msg)
2025-06-16 05:52:22: django.core.exceptions.DisallowedHost: Invalid HTTP_HOST header: '188.245.75.205:8000'. You may need to add '188.245.75.205' to ALLOWED_HOSTS.
2025-06-16 05:52:22: Bad Request: /
2025-06-16 06:51:50: Internal Server Error: /payments/message/
2025-06-16 06:51:50: Traceback (most recent call last):
2025-06-16 06:51:50:   File "/root/selambingo3/venv/lib/python3.8/site-packages/django/core/handlers/exception.py", line 55, in inner
2025-06-16 06:51:50:     response = get_response(request)
2025-06-16 06:51:50:   File "/root/selambingo3/venv/lib/python3.8/site-packages/django/core/handlers/base.py", line 197, in _get_response
2025-06-16 06:51:50:     response = wrapped_callback(request, *callback_args, **callback_kwargs)
2025-06-16 06:51:50:   File "/root/selambingo3/venv/lib/python3.8/site-packages/django/views/decorators/csrf.py", line 56, in wrapper_view
2025-06-16 06:51:50:     return view_func(*args, **kwargs)
2025-06-16 06:51:50:   File "/root/selambingo3/payments/views.py", line 415, in deposit_message
2025-06-16 06:51:50:     transaction_number = transaction_match.group(1)
2025-06-16 06:51:50: AttributeError: 'NoneType' object has no attribute 'group'
2025-06-16 06:51:53: Internal Server Error: /payments/message/
2025-06-16 06:51:53: Traceback (most recent call last):
2025-06-16 06:51:53:   File "/root/selambingo3/venv/lib/python3.8/site-packages/django/core/handlers/exception.py", line 55, in inner
2025-06-16 06:51:53:     response = get_response(request)
2025-06-16 06:51:53:   File "/root/selambingo3/venv/lib/python3.8/site-packages/django/core/handlers/base.py", line 197, in _get_response
2025-06-16 06:51:53:     response = wrapped_callback(request, *callback_args, **callback_kwargs)
2025-06-16 06:51:53:   File "/root/selambingo3/venv/lib/python3.8/site-packages/django/views/decorators/csrf.py", line 56, in wrapper_view
2025-06-16 06:51:53:     return view_func(*args, **kwargs)
2025-06-16 06:51:53:   File "/root/selambingo3/payments/views.py", line 415, in deposit_message
2025-06-16 06:51:53:     transaction_number = transaction_match.group(1)
2025-06-16 06:51:53: AttributeError: 'NoneType' object has no attribute 'group'
2025-06-16 06:51:57: Internal Server Error: /payments/message/
2025-06-16 06:51:57: Traceback (most recent call last):
2025-06-16 06:51:57:   File "/root/selambingo3/venv/lib/python3.8/site-packages/django/core/handlers/exception.py", line 55, in inner
2025-06-16 06:51:57:     response = get_response(request)
2025-06-16 06:51:57:   File "/root/selambingo3/venv/lib/python3.8/site-packages/django/core/handlers/base.py", line 197, in _get_response
2025-06-16 06:51:57:     response = wrapped_callback(request, *callback_args, **callback_kwargs)
2025-06-16 06:51:57:   File "/root/selambingo3/venv/lib/python3.8/site-packages/django/views/decorators/csrf.py", line 56, in wrapper_view
2025-06-16 06:51:57:     return view_func(*args, **kwargs)
2025-06-16 06:51:57:   File "/root/selambingo3/payments/views.py", line 415, in deposit_message
2025-06-16 06:51:57:     transaction_number = transaction_match.group(1)
2025-06-16 06:51:57: AttributeError: 'NoneType' object has no attribute 'group'
2025-06-16 06:52:00: Internal Server Error: /payments/message/
2025-06-16 06:52:00: Traceback (most recent call last):
2025-06-16 06:52:00:   File "/root/selambingo3/venv/lib/python3.8/site-packages/django/core/handlers/exception.py", line 55, in inner
2025-06-16 06:52:00:     response = get_response(request)
2025-06-16 06:52:00:   File "/root/selambingo3/venv/lib/python3.8/site-packages/django/core/handlers/base.py", line 197, in _get_response
2025-06-16 06:52:00:     response = wrapped_callback(request, *callback_args, **callback_kwargs)
2025-06-16 06:52:00:   File "/root/selambingo3/venv/lib/python3.8/site-packages/django/views/decorators/csrf.py", line 56, in wrapper_view
2025-06-16 06:52:00:     return view_func(*args, **kwargs)
2025-06-16 06:52:00:   File "/root/selambingo3/payments/views.py", line 415, in deposit_message
2025-06-16 06:52:00:     transaction_number = transaction_match.group(1)
2025-06-16 06:52:00: AttributeError: 'NoneType' object has no attribute 'group'
2025-06-16 06:52:04: Internal Server Error: /payments/message/
2025-06-16 06:52:04: Traceback (most recent call last):
2025-06-16 06:52:04:   File "/root/selambingo3/venv/lib/python3.8/site-packages/django/core/handlers/exception.py", line 55, in inner
2025-06-16 06:52:04:     response = get_response(request)
2025-06-16 06:52:04:   File "/root/selambingo3/venv/lib/python3.8/site-packages/django/core/handlers/base.py", line 197, in _get_response
2025-06-16 06:52:04:     response = wrapped_callback(request, *callback_args, **callback_kwargs)
2025-06-16 06:52:04:   File "/root/selambingo3/venv/lib/python3.8/site-packages/django/views/decorators/csrf.py", line 56, in wrapper_view
2025-06-16 06:52:04:     return view_func(*args, **kwargs)
2025-06-16 06:52:04:   File "/root/selambingo3/payments/views.py", line 415, in deposit_message
2025-06-16 06:52:04:     transaction_number = transaction_match.group(1)
2025-06-16 06:52:04: AttributeError: 'NoneType' object has no attribute 'group'
2025-06-16 06:56:30: Invalid HTTP_HOST header: '188.245.75.205:8000'. You may need to add '188.245.75.205' to ALLOWED_HOSTS.
2025-06-16 06:56:30: Traceback (most recent call last):
2025-06-16 06:56:30:   File "/root/selambingo3/venv/lib/python3.8/site-packages/django/core/handlers/exception.py", line 55, in inner
2025-06-16 06:56:30:     response = get_response(request)
2025-06-16 06:56:30:   File "/root/selambingo3/venv/lib/python3.8/site-packages/django/utils/deprecation.py", line 133, in __call__
2025-06-16 06:56:30:     response = self.process_request(request)
2025-06-16 06:56:30:   File "/root/selambingo3/venv/lib/python3.8/site-packages/django/middleware/common.py", line 48, in process_request
2025-06-16 06:56:30:     host = request.get_host()
2025-06-16 06:56:30:   File "/root/selambingo3/venv/lib/python3.8/site-packages/django/http/request.py", line 167, in get_host
2025-06-16 06:56:30:     raise DisallowedHost(msg)
2025-06-16 06:56:30: django.core.exceptions.DisallowedHost: Invalid HTTP_HOST header: '188.245.75.205:8000'. You may need to add '188.245.75.205' to ALLOWED_HOSTS.
2025-06-16 06:56:30: Bad Request: /
2025-06-16 07:01:58: Internal Server Error: /payments/message/
2025-06-16 07:01:58: Traceback (most recent call last):
2025-06-16 07:01:58:   File "/root/selambingo3/venv/lib/python3.8/site-packages/django/core/handlers/exception.py", line 55, in inner
2025-06-16 07:01:58:     response = get_response(request)
2025-06-16 07:01:58:   File "/root/selambingo3/venv/lib/python3.8/site-packages/django/core/handlers/base.py", line 197, in _get_response
2025-06-16 07:01:58:     response = wrapped_callback(request, *callback_args, **callback_kwargs)
2025-06-16 07:01:58:   File "/root/selambingo3/venv/lib/python3.8/site-packages/django/views/decorators/csrf.py", line 56, in wrapper_view
2025-06-16 07:01:58:     return view_func(*args, **kwargs)
2025-06-16 07:01:58:   File "/root/selambingo3/payments/views.py", line 415, in deposit_message
2025-06-16 07:01:58:     transaction_number = transaction_match.group(1)
2025-06-16 07:01:58: AttributeError: 'NoneType' object has no attribute 'group'
2025-06-16 07:02:02: Internal Server Error: /payments/message/
2025-06-16 07:02:02: Traceback (most recent call last):
2025-06-16 07:02:02:   File "/root/selambingo3/venv/lib/python3.8/site-packages/django/core/handlers/exception.py", line 55, in inner
2025-06-16 07:02:02:     response = get_response(request)
2025-06-16 07:02:02:   File "/root/selambingo3/venv/lib/python3.8/site-packages/django/core/handlers/base.py", line 197, in _get_response
2025-06-16 07:02:02:     response = wrapped_callback(request, *callback_args, **callback_kwargs)
2025-06-16 07:02:02:   File "/root/selambingo3/venv/lib/python3.8/site-packages/django/views/decorators/csrf.py", line 56, in wrapper_view
2025-06-16 07:02:02:     return view_func(*args, **kwargs)
2025-06-16 07:02:02:   File "/root/selambingo3/payments/views.py", line 415, in deposit_message
2025-06-16 07:02:02:     transaction_number = transaction_match.group(1)
2025-06-16 07:02:02: AttributeError: 'NoneType' object has no attribute 'group'
2025-06-16 07:02:05: Internal Server Error: /payments/message/
2025-06-16 07:02:05: Traceback (most recent call last):
2025-06-16 07:02:05:   File "/root/selambingo3/venv/lib/python3.8/site-packages/django/core/handlers/exception.py", line 55, in inner
2025-06-16 07:02:05:     response = get_response(request)
2025-06-16 07:02:05:   File "/root/selambingo3/venv/lib/python3.8/site-packages/django/core/handlers/base.py", line 197, in _get_response
2025-06-16 07:02:05:     response = wrapped_callback(request, *callback_args, **callback_kwargs)
2025-06-16 07:02:05:   File "/root/selambingo3/venv/lib/python3.8/site-packages/django/views/decorators/csrf.py", line 56, in wrapper_view
2025-06-16 07:02:05:     return view_func(*args, **kwargs)
2025-06-16 07:02:05:   File "/root/selambingo3/payments/views.py", line 415, in deposit_message
2025-06-16 07:02:05:     transaction_number = transaction_match.group(1)
2025-06-16 07:02:05: AttributeError: 'NoneType' object has no attribute 'group'
2025-06-16 07:02:09: Internal Server Error: /payments/message/
2025-06-16 07:02:09: Traceback (most recent call last):
2025-06-16 07:02:09:   File "/root/selambingo3/venv/lib/python3.8/site-packages/django/core/handlers/exception.py", line 55, in inner
2025-06-16 07:02:09:     response = get_response(request)
2025-06-16 07:02:09:   File "/root/selambingo3/venv/lib/python3.8/site-packages/django/core/handlers/base.py", line 197, in _get_response
2025-06-16 07:02:09:     response = wrapped_callback(request, *callback_args, **callback_kwargs)
2025-06-16 07:02:09:   File "/root/selambingo3/venv/lib/python3.8/site-packages/django/views/decorators/csrf.py", line 56, in wrapper_view
2025-06-16 07:02:09:     return view_func(*args, **kwargs)
2025-06-16 07:02:09:   File "/root/selambingo3/payments/views.py", line 415, in deposit_message
2025-06-16 07:02:09:     transaction_number = transaction_match.group(1)
2025-06-16 07:02:09: AttributeError: 'NoneType' object has no attribute 'group'
2025-06-16 07:14:12: [2025-06-16 07:14:12 +0000] [206850] [INFO] Handling signal: int
2025-06-16 07:14:12: [2025-06-16 07:14:12 +0000] [206891] [INFO] Worker exiting (pid: 206891)
2025-06-16 07:14:12: [2025-06-16 07:14:12 +0000] [206886] [INFO] Worker exiting (pid: 206886)
2025-06-16 07:14:12: [2025-06-16 07:14:12 +0000] [206882] [INFO] Worker exiting (pid: 206882)
2025-06-16 07:14:13: [2025-06-16 07:14:13 +0000] [206850] [INFO] Shutting down: Master
2025-06-16 07:14:13: [2025-06-16 07:14:13 +0000] [261666] [INFO] Starting gunicorn 23.0.0
2025-06-16 07:14:13: [2025-06-16 07:14:13 +0000] [261666] [INFO] Listening at: http://0.0.0.0:8000 (261666)
2025-06-16 07:14:13: [2025-06-16 07:14:13 +0000] [261666] [INFO] Using worker: sync
2025-06-16 07:14:13: [2025-06-16 07:14:13 +0000] [261669] [INFO] Booting worker with pid: 261669
2025-06-16 07:14:13: [2025-06-16 07:14:13 +0000] [261692] [INFO] Booting worker with pid: 261692
2025-06-16 07:14:13: [2025-06-16 07:14:13 +0000] [261694] [INFO] Booting worker with pid: 261694
2025-06-16 07:18:22: [2025-06-16 07:18:22 +0000] [261666] [INFO] Handling signal: int
2025-06-16 07:18:23: [2025-06-16 07:18:22 +0000] [261694] [INFO] Worker exiting (pid: 261694)
2025-06-16 07:18:23: [2025-06-16 07:18:22 +0000] [261692] [INFO] Worker exiting (pid: 261692)
2025-06-16 07:18:23: [2025-06-16 07:18:22 +0000] [261669] [INFO] Worker exiting (pid: 261669)
2025-06-16 07:18:24: [2025-06-16 07:18:24 +0000] [261666] [INFO] Shutting down: Master
2025-06-16 07:18:24: [2025-06-16 07:18:24 +0000] [261908] [INFO] Starting gunicorn 23.0.0
2025-06-16 07:18:24: [2025-06-16 07:18:24 +0000] [261908] [INFO] Listening at: http://0.0.0.0:8000 (261908)
2025-06-16 07:18:24: [2025-06-16 07:18:24 +0000] [261908] [INFO] Using worker: sync
2025-06-16 07:18:24: [2025-06-16 07:18:24 +0000] [261940] [INFO] Booting worker with pid: 261940
2025-06-16 07:18:24: [2025-06-16 07:18:24 +0000] [261941] [INFO] Booting worker with pid: 261941
2025-06-16 07:18:24: [2025-06-16 07:18:24 +0000] [261943] [INFO] Booting worker with pid: 261943
